symbol	ensg	overlap_bp	runner_up_ensg	runner_up_bp
A1BG	ENSG00000121410	1716	ENSG00000268230	1159
A1CF	ENSG00000148584	1974		0
A2M	ENSG00000175899	4607		0
A2ML1	ENSG00000166535	5125		0
A3GALT2	ENSG00000184389	1023		0
A4GALT	ENSG00000128274	1877		0
A4GNT	ENSG00000118017	1772		0
AAAS	ENSG00000094914	1815		0
AACS	ENSG00000081760	3256		0
AADAC	ENSG00000114771	1563		0
AADACL2	ENSG00000197953	1487		0
AADACL4	ENSG00000204518	1566		0
AADAT	ENSG00000109576	2250		0
AAED1	ENSG00000158122	2863		0
AAGAB	ENSG00000103591	2767		0
AAK1	ENSG00000115977	11346		0
AAMDC	ENSG00000087884	522		0
AAMP	ENSG00000127837	1760		0
AANAT	ENSG00000129673	971		0
AAR2	ENSG00000131043	2417		0
AARD	ENSG00000205002	2291		0
AARS	ENSG00000090861	3437		0
AARS2	ENSG00000124608	3855		0
AARSD1	ENSG00000266967	1301	ENSG00000108825	1243
AASDH	ENSG00000157426	3581		0
AASDHPPT	ENSG00000149313	2767		0
AASS	ENSG00000008311	3153		0
AATF	ENSG00000275700	2062		0
AATK	ENSG00000181409	5257		0
ABAT	ENSG00000183044	4779		0
ABCA1	ENSG00000165029	10408		0
ABCA10	ENSG00000154263	6008	ENSG00000154265	319
ABCA12	ENSG00000144452	9100		0
ABCA13	ENSG00000179869	17185		0
ABCA2	ENSG00000107331	8056		0
ABCA3	ENSG00000167972	6602		0
ABCA4	ENSG00000198691	7310		0
ABCA5	ENSG00000154265	8220		0
ABCA6	ENSG00000154262	5300		0
ABCA8	ENSG00000141338	5089		0
ABCA9	ENSG00000154258	6377		0
ABCB1	ENSG00000085563	4590		0
ABCB10	ENSG00000135776	3857		0
ABCB11	ENSG00000073734	4776		0
ABCB4	ENSG00000005471	3924		0
ABCB5	ENSG00000004846	5350		0
ABCB6	ENSG00000115657	2980	ENSG00000284820	2838
ABCB7	ENSG00000131269	2361		0
ABCB8	ENSG00000197150	4656		0
ABCB9	ENSG00000150967	3484		0
ABCC1	ENSG00000103222	6504		0
ABCC10	ENSG00000124574	4652	ENSG00000276770	1
ABCC11	ENSG00000121270	4613	ENSG00000261538	86
ABCC12	ENSG00000140798	4869		0
ABCC2	ENSG00000023839	5313		0
ABCC3	ENSG00000108846	5692		0
ABCC4	ENSG00000125257	5833		0
ABCC5	ENSG00000114770	5790		0
ABCC6	ENSG00000091262	5110		0
ABCC8	ENSG00000006071	4921		0
ABCC9	ENSG00000069431	4512		0
ABCD1	ENSG00000101986	3658		0
ABCD2	ENSG00000173208	6238		0
ABCD3	ENSG00000117528	3539		0
ABCD4	ENSG00000119688	2882		0
ABCE1	ENSG00000164163	3542		0
ABCF1	ENSG00000204574	3405	ENSG00000216101	1
ABCF2	ENSG00000033050	3522	ENSG00000285292	1914
ABCF3	ENSG00000161204	2446		0
ABCG1	ENSG00000160179	2976		0
ABCG2	ENSG00000118777	4206		0
ABCG5	ENSG00000138075	2740		0
ABCG8	ENSG00000143921	2658		0
ABHD1	ENSG00000143994	1401		0
ABHD10	ENSG00000144827	2591		0
ABHD11	ENSG00000106077	1418		0
ABHD12	ENSG00000100997	1960		0
ABHD12B	ENSG00000131969	1478		0
ABHD13	ENSG00000139826	5313		0
ABHD14A	ENSG00000248487	1063	ENSG00000114786	466
ABHD14A-ACY1	ENSG00000114786	1705	ENSG00000243989	1232
ABHD14B	ENSG00000114779	1657	ENSG00000272762	306
ABHD15	ENSG00000168792	3492		0
ABHD16A	ENSG00000204427	1977	ENSG00000204422	1795
ABHD16B	ENSG00000183260	1491		0
ABHD17A	ENSG00000129968	1706		0
ABHD17B	ENSG00000107362	1157		0
ABHD17C	ENSG00000136379	2361		0
ABHD18	ENSG00000164074	1459		0
ABHD2	ENSG00000140526	8424		0
ABHD3	ENSG00000158201	2029		0
ABHD4	ENSG00000100439	3051		0
ABHD5	ENSG00000011198	1622		0
ABHD6	ENSG00000163686	2196		0
ABHD8	ENSG00000127220	2042		0
ABI1	ENSG00000136754	3492		0
ABI2	ENSG00000138443	6366		0
ABI3	ENSG00000108798	1629		0
ABI3BP	ENSG00000154175	4405		0
ABL1	ENSG00000097007	3314		0
ABL2	ENSG00000143322	12141		0
ABLIM1	ENSG00000099204	2635		0
ABLIM2	ENSG00000163995	2903		0
ABLIM3	ENSG00000173210	4327		0
ABR	ENSG00000159842	5288		0
ABRA	ENSG00000174429	2754		0
ABRACL	ENSG00000146386	782		0
ABT1	ENSG00000146109	2943		0
ABTB1	ENSG00000114626	1953		0
ABTB2	ENSG00000166016	4903		0
AC002310.11	ENSG00000261459	1515	ENSG00000169955	1387
AC002310.13	ENSG00000169951	293	ENSG00000169955	85
AC002398.9	ENSG00000188223	1037	ENSG00000267796	752
AC002985.3	ENSG00000268193	685	ENSG00000051128	421
AC003002.4	ENSG00000268133	456	ENSG00000152433	302
AC003002.6	ENSG00000269533	630	ENSG00000186272	487
AC003005.4	ENSG00000268107	582	ENSG00000105136	361
AC003006.7	ENSG00000269026	612	ENSG00000152443	412
AC004076.7	ENSG00000268533	521	ENSG00000188785	36
AC004076.9	ENSG00000268163	664	ENSG00000197128	393
AC004381.6	ENSG00000005189	2691		0
AC004754.3	ENSG00000167930	1586	ENSG00000286901	231
AC005779.2	ENSG00000189114	122		0
AC005943.2	ENSG00000267059	1002	ENSG00000071655	768
AC006486.9	ENSG00000268643	634	ENSG00000105723	480
AC006538.4	ENSG00000267001	543	ENSG00000141873	405
AC007040.11	ENSG00000258881	4170	ENSG00000239322	607
AC007192.4	ENSG00000268173	5142	ENSG00000105647	3942
AC009133.22	ENSG00000103485	512	ENSG00000197471	39
AC009133.23	ENSG00000280893	2252	ENSG00000167371	1131
AC009336.19	ENSG00000128652	2206	ENSG00000170166	851
AC010547.9	ENSG00000261611	3677	ENSG00000167377	2625
AC010642.1	ENSG00000267216	4227	ENSG00000283515	2569
AC010646.3	ENSG00000269095	515	ENSG00000130307	294
AC011513.3	ENSG00000105388	530	ENSG00000267881	139
AC013269.5	ENSG00000290610	1653	ENSG00000184761	789
AC013461.1	ENSG00000091436	2470		0
AC015688.3	ENSG00000266728	603	ENSG00000141068	306
AC018755.18	ENSG00000268500	1376	ENSG00000254415	462
AC024592.12	ENSG00000267740	506	ENSG00000174886	308
AC025263.3	ENSG00000258052	548	ENSG00000166268	326
AC037459.4	ENSG00000248235	531	ENSG00000120913	441
AC068533.7	ENSG00000249319	922	ENSG00000126522	564
AC069368.3	ENSG00000249240	750	ENSG00000241839	553
AC073610.5	ENSG00000134285	239	ENSG00000134287	168
AC084219.2	ENSG00000267022	3766	ENSG00000186026	1908
AC092835.2	ENSG00000233757	1851		0
AC104532.2	ENSG00000267314	580	ENSG00000105519	306
AC104534.3	ENSG00000268083	963	ENSG00000104824	561
AC108938.5	ENSG00000257207	3202	ENSG00000290733	1492
AC109829.1	ENSG00000221843	825		0
AC138969.4	ENSG00000183889	1552	ENSG00000244257	293
ACAA1	ENSG00000060971	1699		0
ACAA2	ENSG00000167315	2924	ENSG00000266997	385
ACACB	ENSG00000076555	9361		0
ACAD10	ENSG00000111271	3960	ENSG00000257767	104
ACAD11	ENSG00000240303	3229	ENSG00000274810	59
ACAD8	ENSG00000151498	2176		0
ACAD9	ENSG00000177646	2445		0
ACADL	ENSG00000115361	2500		0
ACADM	ENSG00000117054	2261		0
ACADS	ENSG00000122971	1859		0
ACADSB	ENSG00000196177	5839		0
ACADVL	ENSG00000072778	2184		0
ACAN	ENSG00000157766	8840		0
ACAP1	ENSG00000072818	2511		0
ACAP2	ENSG00000114331	7093		0
ACAP3	ENSG00000131584	3793		0
ACAT1	ENSG00000075239	1537		0
ACAT2	ENSG00000120437	1463		0
ACBD3	ENSG00000182827	3573		0
ACBD4	ENSG00000181513	1827		0
ACBD5	ENSG00000107897	3777		0
ACBD6	ENSG00000230124	1293		0
ACBD7	ENSG00000176244	1323		0
ACCS	ENSG00000110455	2360		0
ACCSL	ENSG00000205126	1820		0
ACD	ENSG00000102977	1502		0
ACE	ENSG00000159640	4953	ENSG00000264813	1770
ACE2	ENSG00000130234	3339	ENSG00000285602	3046
ACER1	ENSG00000167769	1428		0
ACER2	ENSG00000177076	2239		0
ACER3	ENSG00000078124	7333		0
ACHE	ENSG00000087085	2172		0
ACIN1	ENSG00000100813	4458		0
ACKR1	ENSG00000213088	1144	ENSG00000162706	8
ACKR2	ENSG00000144648	2880	ENSG00000273328	62
ACKR3	ENSG00000144476	2015		0
ACKR4	ENSG00000129048	1881		0
ACLY	ENSG00000131473	4293		0
ACMSD	ENSG00000153086	1252		0
ACO1	ENSG00000122729	3506		0
ACO2	ENSG00000100412	2727		0
ACOT1	ENSG00000184227	1684		0
ACOT11	ENSG00000162390	1711		0
ACOT12	ENSG00000172497	2078		0
ACOT13	ENSG00000112304	4041		0
ACOT2	ENSG00000119673	1507		0
ACOT4	ENSG00000177465	1465	ENSG00000288797	996
ACOT6	ENSG00000205669	854		0
ACOT7	ENSG00000097021	1295		0
ACOT8	ENSG00000101473	1154		0
ACOT9	ENSG00000123130	1676		0
ACOX1	ENSG00000161533	7317		0
ACOX2	ENSG00000168306	2297		0
ACOX3	ENSG00000087008	2860		0
ACOXL	ENSG00000153093	1766		0
ACP1	ENSG00000143727	1360		0
ACP2	ENSG00000134575	2111		0
ACP5	ENSG00000102575	1381		0
ACPP	ENSG00000014257	3085		0
ACPT	ENSG00000142513	1342		0
ACR	ENSG00000100312	1425		0
ACRBP	ENSG00000111644	1905		0
ACRC	ENSG00000147174	2765		0
ACRV1	ENSG00000134940	1936		0
ACSBG1	ENSG00000103740	6215		0
ACSBG2	ENSG00000130377	2688		0
ACSF2	ENSG00000167107	2175		0
ACSF3	ENSG00000176715	3621		0
ACSL1	ENSG00000151726	3655		0
ACSL3	ENSG00000123983	5577		0
ACSL4	ENSG00000068366	4890		0
ACSL5	ENSG00000197142	3253		0
ACSL6	ENSG00000164398	2370	ENSG00000281938	1982
ACSM1	ENSG00000166743	2035		0
ACSM2A	ENSG00000183747	2838		0
ACSM2B	ENSG00000066813	2935		0
ACSM3	ENSG00000005187	2533		0
ACSM4	ENSG00000215009	2138		0
ACSM5	ENSG00000183549	2796		0
ACSM6	ENSG00000173124	1674		0
ACSS1	ENSG00000154930	3632		0
ACSS2	ENSG00000131069	2885		0
ACSS3	ENSG00000111058	8386		0
ACTA1	ENSG00000143632	1491		0
ACTA2	ENSG00000107796	1349		0
ACTB	ENSG00000075624	1810		0
ACTBL2	ENSG00000169067	2792		0
ACTC1	ENSG00000159251	1382		0
ACTG1	ENSG00000184009	1919		0
ACTG2	ENSG00000163017	1501		0
ACTL10	ENSG00000288649	1583		0
ACTL6A	ENSG00000136518	1854		0
ACTL6B	ENSG00000077080	1524		0
ACTL7A	ENSG00000187003	1491		0
ACTL7B	ENSG00000148156	1399		0
ACTL8	ENSG00000117148	1841		0
ACTN1	ENSG00000072110	3642		0
ACTN2	ENSG00000077522	4864		0
ACTN3	ENSG00000248746	2877		0
ACTN4	ENSG00000130402	4964		0
ACTR10	ENSG00000131966	2408		0
ACTR1A	ENSG00000138107	2829		0
ACTR1B	ENSG00000115073	2181		0
ACTR2	ENSG00000138071	3783		0
ACTR3	ENSG00000115091	6589		0
ACTR3B	ENSG00000133627	2213		0
ACTR3C	ENSG00000106526	1080		0
ACTR5	ENSG00000101442	2547		0
ACTR6	ENSG00000075089	1736		0
ACTR8	ENSG00000113812	3579		0
ACTRT1	ENSG00000123165	1437		0
ACTRT2	ENSG00000169717	1422		0
ACTRT3	ENSG00000184378	1671		0
ACVR1	ENSG00000115170	2797		0
ACVR1B	ENSG00000135503	4531		0
ACVR1C	ENSG00000123612	8853		0
ACVR2A	ENSG00000121989	5214		0
ACVR2B	ENSG00000114739	11782		0
ACVRL1	ENSG00000139567	1885		0
ACY1	ENSG00000243989	1371	ENSG00000114786	1204
ACY3	ENSG00000132744	1300		0
ACYP1	ENSG00000119640	580		0
ACYP2	ENSG00000170634	740		0
AD000671.6	ENSG00000267120	1925	ENSG00000126246	1197
ADA	ENSG00000196839	1496		0
ADAD1	ENSG00000164113	1962		0
ADAD2	ENSG00000140955	1996		0
ADAL	ENSG00000168803	1229		0
ADAM10	ENSG00000137845	11158		0
ADAM11	ENSG00000073670	4572		0
ADAM12	ENSG00000148848	7919		0
ADAM15	ENSG00000143537	2919		0
ADAM17	ENSG00000151694	4349		0
ADAM18	ENSG00000168619	2389		0
ADAM19	ENSG00000135074	6481		0
ADAM2	ENSG00000104755	2610		0
ADAM20	ENSG00000134007	2784		0
ADAM21	ENSG00000139985	2641		0
ADAM22	ENSG00000008277	2892		0
ADAM23	ENSG00000114948	6328		0
ADAM28	ENSG00000042980	7019		0
ADAM29	ENSG00000168594	3325		0
ADAM30	ENSG00000134249	2963		0
ADAM32	ENSG00000197140	2516		0
ADAM33	ENSG00000149451	3436		0
ADAM7	ENSG00000069206	3367		0
ADAM8	ENSG00000151651	3259		0
ADAM9	ENSG00000168615	3840		0
ADAMDEC1	ENSG00000134028	2348		0
ADAMTS1	ENSG00000154734	5183		0
ADAMTS10	ENSG00000142303	4178		0
ADAMTS12	ENSG00000151388	8572		0
ADAMTS13	ENSG00000160323	4399		0
ADAMTS14	ENSG00000138316	5261		0
ADAMTS15	ENSG00000166106	5674		0
ADAMTS16	ENSG00000145536	4979		0
ADAMTS17	ENSG00000140470	6178		0
ADAMTS18	ENSG00000140873	5833		0
ADAMTS19	ENSG00000145808	5201		0
ADAMTS2	ENSG00000087116	6752		0
ADAMTS20	ENSG00000173157	6076		0
ADAMTS3	ENSG00000156140	5822		0
ADAMTS4	ENSG00000158859	9772		0
ADAMTS5	ENSG00000154736	9046		0
ADAMTS6	ENSG00000049192	7309		0
ADAMTS7	ENSG00000136378	5487		0
ADAMTS8	ENSG00000134917	3627		0
ADAMTS9	ENSG00000163638	7624		0
ADAMTSL1	ENSG00000178031	7771		0
ADAMTSL2	ENSG00000197859	3661		0
ADAMTSL3	ENSG00000156218	7299		0
ADAMTSL4	ENSG00000143382	4211		0
ADAMTSL5	ENSG00000185761	2683		0
ADAP1	ENSG00000105963	2347		0
ADAP2	ENSG00000184060	2669		0
ADAR	ENSG00000160710	6606		0
ADARB1	ENSG00000197381	6883		0
ADARB2	ENSG00000185736	8422		0
ADAT1	ENSG00000065457	1852	ENSG00000259992	187
ADAT2	ENSG00000189007	2066		0
ADAT3	ENSG00000213638	1599	ENSG00000227500	41
ADCK1	ENSG00000063761	2208		0
ADCK2	ENSG00000133597	2367		0
ADCK3	ENSG00000288674	5524	ENSG00000163050	2760
ADCK4	ENSG00000123815	2442		0
ADCY1	ENSG00000164742	12504		0
ADCY10	ENSG00000143199	5052		0
ADCY2	ENSG00000078295	6576		0
ADCY3	ENSG00000138031	4552		0
ADCY4	ENSG00000129467	3406	ENSG00000258973	361
ADCY5	ENSG00000173175	6643		0
ADCY6	ENSG00000174233	5774		0
ADCY7	ENSG00000121281	6178	ENSG00000274969	1
ADCY8	ENSG00000155897	4421		0
ADCY9	ENSG00000162104	7723		0
ADCYAP1	ENSG00000141433	919		0
ADCYAP1R1	ENSG00000078549	6487		0
ADD1	ENSG00000087274	4035		0
ADD2	ENSG00000075340	9267		0
ADD3	ENSG00000148700	3059		0
ADGB	ENSG00000118492	5318		0
ADGRA1	ENSG00000197177	4264		0
ADGRA2	ENSG00000020181	5652		0
ADGRA3	ENSG00000152990	4565		0
ADGRB1	ENSG00000181790	6020		0
ADGRB2	ENSG00000121753	4920		0
ADGRB3	ENSG00000135298	6006	ENSG00000288712	78
ADGRD1	ENSG00000111452	5168		0
ADGRD2	ENSG00000180264	3231		0
ADGRE1	ENSG00000174837	3112		0
ADGRE2	ENSG00000127507	6768		0
ADGRE3	ENSG00000131355	2228		0
ADGRE5	ENSG00000123146	3188		0
ADGRF1	ENSG00000153292	5432		0
ADGRF2	ENSG00000293467	1796	ENSG00000164393	1791
ADGRF3	ENSG00000173567	2823		0
ADGRF4	ENSG00000153294	3128		0
ADGRF5	ENSG00000069122	5761		0
ADGRG1	ENSG00000205336	4084		0
ADGRG2	ENSG00000173698	4663		0
ADGRG3	ENSG00000182885	2609		0
ADGRG4	ENSG00000156920	9931		0
ADGRG5	ENSG00000159618	3335		0
ADGRG6	ENSG00000112414	6809		0
ADGRG7	ENSG00000144820	3128		0
ADGRL1	ENSG00000072071	5611		0
ADGRL2	ENSG00000117114	5757		0
ADGRL3	ENSG00000150471	4807		0
ADGRL4	ENSG00000162618	3527		0
ADGRV1	ENSG00000164199	19339		0
ADH1A	ENSG00000187758	1454		0
ADH1B	ENSG00000196616	4065		0
ADH1C	ENSG00000248144	1454		0
ADH4	ENSG00000198099	1994		0
ADH5	ENSG00000197894	2615		0
ADH6	ENSG00000172955	1197		0
ADH7	ENSG00000196344	2119		0
ADHFE1	ENSG00000147576	1972	ENSG00000285791	1266
ADI1	ENSG00000182551	2181		0
ADIG	ENSG00000182035	672	ENSG00000289012	311
ADIPOQ	ENSG00000181092	4542		0
ADIPOR1	ENSG00000159346	2091		0
ADIPOR2	ENSG00000006831	3971		0
ADIRF	ENSG00000148671	627	ENSG00000271880	175
ADK	ENSG00000156110	1170		0
ADM	ENSG00000148926	1492		0
ADM2	ENSG00000128165	4201		0
ADM5	ENSG00000224420	788		0
ADNP	ENSG00000101126	6225		0
ADO	ENSG00000181915	3624		0
ADORA1	ENSG00000163485	2798		0
ADORA2A	ENSG00000128271	2529	ENSG00000258555	2380
ADORA2B	ENSG00000170425	1522		0
ADPGK	ENSG00000159322	2531		0
ADPRH	ENSG00000144843	3623		0
ADPRHL1	ENSG00000153531	1112		0
ADPRHL2	ENSG00000116863	1651		0
ADPRM	ENSG00000170222	1209		0
ADRA1A	ENSG00000120907	2282		0
ADRA1B	ENSG00000170214	1739		0
ADRA1D	ENSG00000171873	2729		0
ADRA2A	ENSG00000150594	3746		0
ADRA2C	ENSG00000184160	2130		0
ADRB1	ENSG00000043591	2850		0
ADRB2	ENSG00000169252	2013		0
ADRB3	ENSG00000188778	2585	ENSG00000285880	689
ADRBK1	ENSG00000173020	3403		0
ADRBK2	ENSG00000100077	9104		0
ADRM1	ENSG00000130706	1379		0
ADSS	ENSG00000035687	2555	ENSG00000240963	157
ADSSL1	ENSG00000185100	1723		0
ADTRP	ENSG00000111863	1692		0
AEBP1	ENSG00000106624	4082	ENSG00000284412	1
AEBP2	ENSG00000139154	5089		0
AEN	ENSG00000181026	3072		0
AES	ENSG00000104964	1547		0
AFAP1	ENSG00000196526	7246		0
AFAP1L1	ENSG00000157510	4178		0
AFAP1L2	ENSG00000169129	3705		0
AFF1	ENSG00000172493	8954		0
AFF2	ENSG00000155966	3953		0
AFF3	ENSG00000144218	4179		0
AFF4	ENSG00000072364	9536		0
AFG3L2	ENSG00000141385	3160		0
AFM	ENSG00000079557	1997		0
AFMID	ENSG00000183077	1685		0
AFP	ENSG00000081051	2426		0
AFTPH	ENSG00000119844	4014		0
AGA	ENSG00000038002	2037		0
AGAP1	ENSG00000157985	5428		0
AGAP2	ENSG00000135439	3706		0
AGAP3	ENSG00000133612	3226		0
AGAP4	ENSG00000188234	2439		0
AGAP5	ENSG00000172650	2395	ENSG00000242288	2248
AGAP6	ENSG00000204149	2373	ENSG00000178440	2265
AGBL1	ENSG00000273540	3107		0
AGBL2	ENSG00000165923	3577		0
AGBL3	ENSG00000146856	3533		0
AGBL4	ENSG00000186094	2948		0
AGBL5	ENSG00000084693	3176		0
AGER	ENSG00000204305	1420		0
AGFG1	ENSG00000173744	8669	ENSG00000284092	27
AGFG2	ENSG00000106351	4797		0
AGGF1	ENSG00000164252	4490	ENSG00000285000	1809
AGK	ENSG00000006530	3628		0
AGL	ENSG00000162688	7091		0
AGMAT	ENSG00000116771	2442		0
AGMO	ENSG00000187546	2476		0
AGO1	ENSG00000092847	13708		0
AGO2	ENSG00000123908	14581	ENSG00000279766	2
AGO3	ENSG00000126070	19660		0
AGO4	ENSG00000134698	7117		0
AGPAT1	ENSG00000204310	1925	ENSG00000284469	9
AGPAT2	ENSG00000169692	1512		0
AGPAT3	ENSG00000160216	5509	ENSG00000288593	40
AGPAT4	ENSG00000026652	7866		0
AGPAT5	ENSG00000155189	3400		0
AGPS	ENSG00000018510	7633		0
AGR2	ENSG00000106541	1697		0
AGR3	ENSG00000173467	738		0
AGRN	ENSG00000188157	7324	ENSG00000242590	402
AGRP	ENSG00000159723	498		0
AGT	ENSG00000135744	2116	ENSG00000244137	156
AGTPBP1	ENSG00000135049	4208		0
AGTR1	ENSG00000144891	2240		0
AGTR2	ENSG00000180772	2860		0
AGTRAP	ENSG00000177674	1108		0
AGXT	ENSG00000172482	1520		0
AGXT2	ENSG00000113492	2219		0
AHCTF1	ENSG00000153207	8516	ENSG00000223519	81
AHCY	ENSG00000101444	2143	ENSG00000250917	139
AHCYL1	ENSG00000168710	3936		0
AHCYL2	ENSG00000158467	5049		0
AHDC1	ENSG00000126705	6027		0
AHI1	ENSG00000135541	5916		0
AHNAK	ENSG00000124942	18759		0
AHNAK2	ENSG00000185567	18255		0
AHR	ENSG00000106546	6243	ENSG00000283321	2373
AHRR	ENSG00000288622	5660	ENSG00000063438	5555
AHSA1	ENSG00000100591	1337		0
AHSA2	ENSG00000293434	2327	ENSG00000173209	785
AHSG	ENSG00000145192	1574		0
AHSP	ENSG00000169877	488		0
AICDA	ENSG00000111732	2803		0
AIDA	ENSG00000186063	2975		0
AIF1	ENSG00000204472	655		0
AIF1L	ENSG00000126878	3364		0
AIFM1	ENSG00000156709	2215		0
AIFM2	ENSG00000042286	1169		0
AIFM3	ENSG00000183773	2285	ENSG00000285314	182
AIG1	ENSG00000146416	1382		0
AIM1	ENSG00000112297	7554		0
AIM1L	ENSG00000176092	5239		0
AIM2	ENSG00000163568	1394		0
AIMP1	ENSG00000164022	2492		0
AIMP2	ENSG00000106305	1198		0
AIP	ENSG00000110711	1222	ENSG00000276769	1
AIPL1	ENSG00000129221	2894		0
AIRE	ENSG00000160224	2258		0
AJAP1	ENSG00000196581	1990		0
AJUBA	ENSG00000129474	4168	ENSG00000259132	50
AK1	ENSG00000106992	2192	ENSG00000257524	761
AK2	ENSG00000004455	913		0
AK3	ENSG00000147853	2621		0
AK4	ENSG00000162433	6771		0
AK5	ENSG00000154027	3249		0
AK6	ENSG00000085231	1626	ENSG00000273841	151
AK7	ENSG00000140057	3283		0
AK8	ENSG00000165695	1579		0
AK9	ENSG00000155085	6317		0
AKAP1	ENSG00000121057	3909		0
AKAP10	ENSG00000108599	4063		0
AKAP11	ENSG00000023516	9915		0
AKAP12	ENSG00000131016	8433		0
AKAP13	ENSG00000170776	9403		0
AKAP14	ENSG00000186471	921		0
AKAP17A	ENSG00000197976	3193		0
AKAP2	ENSG00000157654	6706		0
AKAP3	ENSG00000111254	3309		0
AKAP4	ENSG00000147081	2866		0
AKAP5	ENSG00000179841	6487		0
AKAP6	ENSG00000151320	14981		0
AKAP7	ENSG00000118507	2952		0
AKAP8	ENSG00000105127	3665		0
AKAP8L	ENSG00000011243	2078		0
AKAP9	ENSG00000127914	12472		0
AKIP1	ENSG00000166452	1273		0
AKIRIN1	ENSG00000174574	2688		0
AKIRIN2	ENSG00000135334	1663		0
AKNA	ENSG00000106948	7331		0
AKNAD1	ENSG00000162641	3050		0
AKR1A1	ENSG00000117448	1407		0
AKR1B1	ENSG00000085662	1361		0
AKR1B10	ENSG00000198074	1591		0
AKR1B15	ENSG00000227471	1616		0
AKR1C1	ENSG00000187134	6543		0
AKR1C2	ENSG00000151632	3215		0
AKR1C3	ENSG00000196139	1186		0
AKR1C4	ENSG00000198610	1192		0
AKR1D1	ENSG00000122787	2348		0
AKR1E2	ENSG00000165568	1567		0
AKR7A2	ENSG00000053371	1360		0
AKR7A3	ENSG00000162482	1215		0
AKR7L	ENSG00000211454	1313		0
AKT1	ENSG00000142208	2692		0
AKT1S1	ENSG00000204673	1656		0
AKT2	ENSG00000105221	5250		0
AKT3	ENSG00000117020	7077		0
AKTIP	ENSG00000166971	2384		0
AL021546.6	ENSG00000111780	552	ENSG00000257218	377
ALAD	ENSG00000148218	3125		0
ALAS1	ENSG00000023330	2051		0
ALAS2	ENSG00000158578	1940		0
ALB	ENSG00000163631	2215		0
ALCAM	ENSG00000170017	4701		0
ALDH16A1	ENSG00000161618	3097	ENSG00000269469	337
ALDH18A1	ENSG00000059573	3347		0
ALDH1A1	ENSG00000165092	2096		0
ALDH1A2	ENSG00000128918	3386		0
ALDH1A3	ENSG00000184254	3469	ENSG00000272639	63
ALDH1B1	ENSG00000137124	3028		0
ALDH1L1	ENSG00000144908	2953		0
ALDH1L2	ENSG00000136010	7428		0
ALDH2	ENSG00000111275	9558	ENSG00000257767	680
ALDH3A1	ENSG00000108602	1639		0
ALDH3A2	ENSG00000072210	3703		0
ALDH3B2	ENSG00000132746	2456		0
ALDH4A1	ENSG00000159423	2125		0
ALDH5A1	ENSG00000112294	5131		0
ALDH6A1	ENSG00000119711	5460		0
ALDH7A1	ENSG00000164904	4765		0
ALDH8A1	ENSG00000118514	2534		0
ALDH9A1	ENSG00000143149	2395	ENSG00000206990	103
ALDOA	ENSG00000285043	2323	ENSG00000149925	1318
ALDOB	ENSG00000136872	2403		0
ALDOC	ENSG00000109107	1608		0
ALG1	ENSG00000033011	2108		0
ALG10	ENSG00000139133	2913		0
ALG10B	ENSG00000175548	10050		0
ALG11	ENSG00000253710	2559	ENSG00000253797	1593
ALG12	ENSG00000182858	5330		0
ALG13	ENSG00000101901	432		0
ALG14	ENSG00000172339	9368		0
ALG1L	ENSG00000291096	664	ENSG00000189366	664
ALG1L2	ENSG00000251287	969		0
ALG2	ENSG00000119523	1867		0
ALG3	ENSG00000214160	1520		0
ALG5	ENSG00000120697	1128		0
ALG6	ENSG00000088035	3325		0
ALG8	ENSG00000159063	1637		0
ALK	ENSG00000171094	6220		0
ALKBH1	ENSG00000100601	2594		0
ALKBH2	ENSG00000189046	1030		0
ALKBH3	ENSG00000166199	1475		0
ALKBH4	ENSG00000160993	2092		0
ALKBH5	ENSG00000091542	2749		0
ALKBH6	ENSG00000239382	948	ENSG00000248101	835
ALKBH7	ENSG00000125652	970		0
ALKBH8	ENSG00000137760	4067		0
ALLC	ENSG00000151360	1441		0
ALOX12	ENSG00000108839	2359		0
ALOX12B	ENSG00000179477	2502		0
ALOX15	ENSG00000161905	2695		0
ALOX15B	ENSG00000179593	2697		0
ALOX5	ENSG00000012779	2507		0
ALOX5AP	ENSG00000132965	869		0
ALOXE3	ENSG00000179148	3204		0
ALPI	ENSG00000163295	2520		0
ALPK1	ENSG00000073331	5384		0
ALPK2	ENSG00000198796	7303		0
ALPK3	ENSG00000136383	10238		0
ALPL	ENSG00000162551	2536	ENSG00000289715	25
ALPP	ENSG00000163283	2754		0
ALPPL2	ENSG00000163286	2492		0
ALS2	ENSG00000003393	6389		0
ALS2CL	ENSG00000178038	4720		0
ALS2CR11	ENSG00000155754	2105		0
ALS2CR12	ENSG00000155749	1700		0
ALX1	ENSG00000180318	1332		0
ALX3	ENSG00000156150	1832		0
ALX4	ENSG00000052850	5724		0
ALYREF	ENSG00000183684	1089		0
AMACR	ENSG00000242110	4096	ENSG00000273294	2660
AMBN	ENSG00000178522	2005		0
AMBP	ENSG00000106927	1262		0
AMBRA1	ENSG00000110497	4784		0
AMD1	ENSG00000123505	3423		0
AMDHD1	ENSG00000139344	2222		0
AMDHD2	ENSG00000162066	1453	ENSG00000259784	378
AMELX	ENSG00000125363	793		0
AMELY	ENSG00000099721	802		0
AMER1	ENSG00000184675	8407		0
AMER2	ENSG00000165566	10058		0
AMER3	ENSG00000178171	3168		0
AMFR	ENSG00000159461	3600		0
AMH	ENSG00000104899	1809	ENSG00000284272	68
AMHR2	ENSG00000135409	1863		0
AMICA1	ENSG00000160593	1505		0
AMIGO1	ENSG00000181754	5085		0
AMIGO2	ENSG00000139211	3023		0
AMIGO3	ENSG00000176020	2852		0
AMMECR1	ENSG00000101935	5350		0
AMMECR1L	ENSG00000144233	4658		0
AMN	ENSG00000166126	1550		0
AMN1	ENSG00000151743	1952		0
AMOT	ENSG00000126016	6514		0
AMOTL1	ENSG00000166025	8966		0
AMOTL2	ENSG00000114019	4342	ENSG00000293138	187
AMPD1	ENSG00000116748	2335		0
AMPD2	ENSG00000116337	3135		0
AMPD3	ENSG00000133805	3681		0
AMPH	ENSG00000078053	3224		0
AMT	ENSG00000145020	1997	ENSG00000283189	1700
AMTN	ENSG00000187689	1008		0
AMY1A	ENSG00000237763	1785		0
AMY1B	ENSG00000174876	1616		0
AMY1C	ENSG00000187733	1614		0
AMY2A	ENSG00000243480	1581		0
AMY2B	ENSG00000240038	1579	ENSG00000185946	76
AMZ1	ENSG00000174945	5366		0
AMZ2	ENSG00000196704	1932		0
ANAPC1	ENSG00000153107	7762		0
ANAPC10	ENSG00000164162	1367	ENSG00000285713	339
ANAPC11	ENSG00000141552	519		0
ANAPC13	ENSG00000129055	1170		0
ANAPC15	ENSG00000110200	801		0
ANAPC16	ENSG00000166295	3229		0
ANAPC2	ENSG00000176248	2632		0
ANAPC4	ENSG00000053900	2635		0
ANAPC5	ENSG00000089053	2463		0
ANAPC7	ENSG00000196510	3023	ENSG00000258210	574
ANG	ENSG00000214274	637	ENSG00000259171	276
ANGEL1	ENSG00000013523	5119	ENSG00000258301	548
ANGEL2	ENSG00000174606	4649		0
ANGPT2	ENSG00000091879	5250		0
ANGPT4	ENSG00000101280	4675		0
ANGPTL1	ENSG00000116194	3349		0
ANGPTL2	ENSG00000136859	3443		0
ANGPTL3	ENSG00000132855	2772		0
ANGPTL4	ENSG00000167772	1872		0
ANGPTL5	ENSG00000187151	2368		0
ANGPTL6	ENSG00000130812	1766		0
ANGPTL7	ENSG00000171819	2224		0
ANHX	ENSG00000227059	1765		0
ANK1	ENSG00000029534	5948		0
ANK2	ENSG00000145362	11776		0
ANK3	ENSG00000151150	16874		0
ANKAR	ENSG00000151687	4357		0
ANKDD1B	ENSG00000189045	2570		0
ANKEF1	ENSG00000132623	2895		0
ANKFN1	ENSG00000153930	2304		0
ANKFY1	ENSG00000185722	7419		0
ANKH	ENSG00000154122	8204		0
ANKHD1-EIF4EBP3	ENSG00000254996	8246	ENSG00000131503	7630
ANKIB1	ENSG00000001629	6081		0
ANKK1	ENSG00000170209	2542		0
ANKLE1	ENSG00000160117	2962	ENSG00000269307	357
ANKLE2	ENSG00000176915	4590		0
ANKMY1	ENSG00000144504	3228		0
ANKMY2	ENSG00000106524	2489		0
ANKRA2	ENSG00000164331	2017		0
ANKRD1	ENSG00000148677	1790		0
ANKRD10	ENSG00000088448	2495		0
ANKRD11	ENSG00000167522	9058	ENSG00000288715	39
ANKRD12	ENSG00000101745	11284	ENSG00000265257	136
ANKRD13A	ENSG00000076513	4149		0
ANKRD13B	ENSG00000198720	2672		0
ANKRD13C	ENSG00000118454	4070		0
ANKRD13D	ENSG00000172932	2127		0
ANKRD16	ENSG00000134461	2734	ENSG00000240180	489
ANKRD17	ENSG00000132466	10784		0
ANKRD18A	ENSG00000180071	3971		0
ANKRD18B	ENSG00000230453	3771		0
ANKRD2	ENSG00000165887	1169		0
ANKRD20A2	ENSG00000291287	3511	ENSG00000183148	2421
ANKRD20A4	ENSG00000290972	3686	ENSG00000172014	2421
ANKRD22	ENSG00000152766	1597		0
ANKRD23	ENSG00000163126	2584		0
ANKRD24	ENSG00000089847	3786		0
ANKRD26	ENSG00000107890	6592		0
ANKRD27	ENSG00000105186	4432		0
ANKRD28	ENSG00000206560	6169		0
ANKRD29	ENSG00000154065	3361		0
ANKRD30A	ENSG00000148513	4406		0
ANKRD30B	ENSG00000180777	4300		0
ANKRD30BL	ENSG00000163046	1249		0
ANKRD31	ENSG00000145700	6036		0
ANKRD33	ENSG00000167612	1480		0
ANKRD33B	ENSG00000164236	9189		0
ANKRD34B	ENSG00000189127	3730		0
ANKRD34C	ENSG00000235711	4952		0
ANKRD36	ENSG00000135976	5999		0
ANKRD36B	ENSG00000196912	4297		0
ANKRD37	ENSG00000186352	784		0
ANKRD39	ENSG00000213337	892		0
ANKRD40	ENSG00000154945	4166		0
ANKRD42	ENSG00000137494	1950		0
ANKRD44	ENSG00000065413	6087		0
ANKRD45	ENSG00000183831	1436	ENSG00000285777	1038
ANKRD46	ENSG00000186106	2649		0
ANKRD49	ENSG00000168876	1908		0
ANKRD50	ENSG00000151458	8795		0
ANKRD52	ENSG00000139645	8681		0
ANKRD53	ENSG00000144031	1808		0
ANKRD54	ENSG00000100124	2087	ENSG00000284197	100
ANKRD55	ENSG00000164512	2471		0
ANKRD6	ENSG00000135299	2969		0
ANKRD60	ENSG00000124227	1039		0
ANKRD61	ENSG00000157999	1257		0
ANKRD62	ENSG00000181626	2920		0
ANKRD63	ENSG00000230778	1144		0
ANKRD65	ENSG00000235098	2023		0
ANKRD66	ENSG00000230062	1330		0
ANKRD7	ENSG00000106013	1270		0
ANKRD9	ENSG00000156381	6705		0
ANKS1A	ENSG00000064999	6341		0
ANKS1B	ENSG00000185046	3672		0
ANKS3	ENSG00000168096	2370	ENSG00000266994	37
ANKS4B	ENSG00000175311	4318		0
ANKS6	ENSG00000165138	7165		0
ANKUB1	ENSG00000206199	2203		0
ANKZF1	ENSG00000163516	2530		0
ANLN	ENSG00000011426	4731		0
ANO1	ENSG00000131620	4775		0
ANO10	ENSG00000160746	3155		0
ANO2	ENSG00000047617	3619		0
ANO3	ENSG00000134343	5936		0
ANO4	ENSG00000151572	3898		0
ANO5	ENSG00000171714	6652		0
ANO6	ENSG00000177119	5974		0
ANO7	ENSG00000146205	3960		0
ANO8	ENSG00000074855	4152		0
ANO9	ENSG00000185101	2543		0
ANOS1	ENSG00000011201	6265		0
ANP32A	ENSG00000140350	2440		0
ANP32B	ENSG00000136938	1464		0
ANP32D	ENSG00000139223	959		0
ANPEP	ENSG00000166825	3662		0
ANTXR1	ENSG00000169604	5858		0
ANTXR2	ENSG00000163297	8274		0
ANTXRL	ENSG00000274209	2207		0
ANXA1	ENSG00000135046	1401		0
ANXA10	ENSG00000109511	1395		0
ANXA11	ENSG00000122359	6685		0
ANXA13	ENSG00000104537	1456		0
ANXA2	ENSG00000182718	1554		0
ANXA2R	ENSG00000177721	949		0
ANXA3	ENSG00000138772	1406		0
ANXA4	ENSG00000196975	2639		0
ANXA5	ENSG00000164111	1630		0
ANXA6	ENSG00000197043	2491		0
ANXA7	ENSG00000138279	2443		0
ANXA9	ENSG00000143412	1551		0
AOC1	ENSG00000002726	2567		0
AOC2	ENSG00000131480	2658		0
AOC3	ENSG00000131471	4011		0
AOX1	ENSG00000138356	4928		0
AP000275.65	ENSG00000265590	930	ENSG00000159079	704
AP000295.9	ENSG00000249624	1001	ENSG00000243646	568
AP000304.12	ENSG00000249209	1078	ENSG00000241837	482
AP000322.53	ENSG00000243627	1035		0
AP000350.10	ENSG00000251357	788	ENSG00000133460	432
AP000721.4	ENSG00000256100	559	ENSG00000176340	175
AP002884.2	ENSG00000255292	571	ENSG00000204370	320
AP003419.11	ENSG00000256514	711	ENSG00000175482	651
AP1AR	ENSG00000138660	2852		0
AP1B1	ENSG00000100280	4134		0
AP1G1	ENSG00000166747	6602		0
AP1G2	ENSG00000213983	2598	ENSG00000092051	33
AP1M1	ENSG00000072958	12859		0
AP1M2	ENSG00000129354	1748		0
AP1S1	ENSG00000106367	1226		0
AP1S2	ENSG00000182287	2119		0
AP1S3	ENSG00000152056	831	ENSG00000286239	696
AP2A1	ENSG00000196961	3221	ENSG00000276270	1
AP2A2	ENSG00000183020	4576		0
AP2B1	ENSG00000006125	3204		0
AP2M1	ENSG00000161203	1931		0
AP2S1	ENSG00000042753	789		0
AP3B1	ENSG00000132842	3980		0
AP3B2	ENSG00000103723	3697		0
AP3D1	ENSG00000065000	4870		0
AP3M1	ENSG00000185009	4889		0
AP3M2	ENSG00000070718	3493		0
AP3S1	ENSG00000177879	1276		0
AP3S2	ENSG00000157823	5543	ENSG00000250021	1720
AP4B1	ENSG00000134262	2620		0
AP4E1	ENSG00000081014	6743		0
AP4M1	ENSG00000221838	1731		0
AP4S1	ENSG00000100478	3920		0
AP5B1	ENSG00000254470	4812		0
AP5M1	ENSG00000053770	11675		0
AP5S1	ENSG00000125843	1841	ENSG00000274949	204
AP5Z1	ENSG00000242802	2900		0
APAF1	ENSG00000120868	5295		0
APBA1	ENSG00000107282	6532	ENSG00000243888	398
APBA2	ENSG00000034053	3007		0
APBA3	ENSG00000011132	2069		0
APBB1	ENSG00000166313	2636		0
APBB1IP	ENSG00000077420	2633		0
APBB2	ENSG00000163697	4167	ENSG00000289761	78
APBB3	ENSG00000113108	1784	ENSG00000283155	359
APC	ENSG00000134982	10702	ENSG00000258864	230
APC2	ENSG00000115266	10152		0
APCDD1	ENSG00000154856	3802		0
APCDD1L	ENSG00000198768	3426		0
APCS	ENSG00000132703	925		0
APEH	ENSG00000164062	2871		0
APELA	ENSG00000248329	2428		0
APEX1	ENSG00000100823	1397		0
APEX2	ENSG00000169188	3239		0
APH1A	ENSG00000117362	1729		0
APH1B	ENSG00000138613	4138		0
API5	ENSG00000166181	3716		0
APIP	ENSG00000149089	1246		0
APITD1	ENSG00000175279	896	ENSG00000251503	529
APITD1-CORT	ENSG00000241563	622	ENSG00000251503	394
APLF	ENSG00000169621	3823		0
APLN	ENSG00000171388	3205		0
APLNR	ENSG00000134817	3610		0
APLP1	ENSG00000105290	2366		0
APLP2	ENSG00000084234	3686		0
APMAP	ENSG00000101474	2202		0
APOA1	ENSG00000118137	881		0
APOA1BP	ENSG00000163382	1111		0
APOA2	ENSG00000158874	474		0
APOA4	ENSG00000110244	1471		0
APOA5	ENSG00000110243	1881		0
APOB	ENSG00000084674	14121		0
APOBEC1	ENSG00000111701	879		0
APOBEC2	ENSG00000124701	1152		0
APOBEC3A	ENSG00000128383	1357		0
APOBEC3B	ENSG00000179750	1529		0
APOBEC3C	ENSG00000244509	2644	ENSG00000284554	17
APOBEC3D	ENSG00000284554	1161	ENSG00000243811	1144
APOBEC3F	ENSG00000128394	2434		0
APOBEC3G	ENSG00000239713	1138	ENSG00000128394	18
APOBEC3H	ENSG00000100298	989		0
APOBEC4	ENSG00000173627	2651		0
APOBR	ENSG00000184730	3787		0
APOC1	ENSG00000130208	447	ENSG00000280087	386
APOC2	ENSG00000234906	635	ENSG00000224916	440
APOC3	ENSG00000110245	535		0
APOC4	ENSG00000267467	616	ENSG00000224916	240
APOC4-APOC2	ENSG00000234906	658	ENSG00000224916	440
APOD	ENSG00000189058	862		0
APOE	ENSG00000130203	1166	ENSG00000280087	19
APOF	ENSG00000175336	1716		0
APOH	ENSG00000091583	1174		0
APOL1	ENSG00000100342	2791		0
APOL2	ENSG00000128335	2429		0
APOL3	ENSG00000128284	1944		0
APOL5	ENSG00000128313	1438		0
APOL6	ENSG00000221963	10065		0
APOLD1	ENSG00000178878	4594		0
APOM	ENSG00000204444	761		0
APOO	ENSG00000184831	1118		0
APOOL	ENSG00000155008	1228		0
APOPT1	ENSG00000256053	1233	ENSG00000256500	516
APP	ENSG00000142192	3467		0
APPBP2	ENSG00000062725	6469		0
APPL1	ENSG00000157500	6059		0
APPL2	ENSG00000136044	3171		0
APRT	ENSG00000198931	931		0
APTX	ENSG00000137074	1977		0
AQP1	ENSG00000240583	2753	ENSG00000250424	910
AQP10	ENSG00000143595	1792		0
AQP11	ENSG00000178301	1834		0
AQP12A	ENSG00000184945	1059		0
AQP12B	ENSG00000185176	1080		0
AQP2	ENSG00000167580	4172		0
AQP3	ENSG00000165272	1825		0
AQP4	ENSG00000171885	5158		0
AQP5	ENSG00000161798	1448		0
AQP6	ENSG00000086159	1288		0
AQP8	ENSG00000103375	1325		0
AQP9	ENSG00000103569	2849		0
AQR	ENSG00000021776	9597		0
AR	ENSG00000169083	10066		0
ARAF	ENSG00000078061	2370		0
ARAP1	ENSG00000186635	5146		0
ARAP2	ENSG00000047365	7508		0
ARAP3	ENSG00000120318	5249		0
ARC	ENSG00000198576	2943		0
ARCN1	ENSG00000095139	3846		0
AREG	ENSG00000109321	1234		0
AREL1	ENSG00000119682	5417		0
ARF1	ENSG00000143761	1839	ENSG00000284163	1
ARF3	ENSG00000134287	4041	ENSG00000272822	533
ARF4	ENSG00000168374	1596		0
ARF5	ENSG00000004059	1032		0
ARF6	ENSG00000165527	3866		0
ARFGAP1	ENSG00000101199	2748		0
ARFGAP2	ENSG00000149182	2773		0
ARFGAP3	ENSG00000242247	2728		0
ARFGEF1	ENSG00000066777	7216		0
ARFGEF2	ENSG00000124198	8853		0
ARFGEF3	ENSG00000112379	14859		0
ARFIP1	ENSG00000164144	3094		0
ARFIP2	ENSG00000132254	1704		0
ARG1	ENSG00000118520	1447		0
ARG2	ENSG00000081181	1911		0
ARGFX	ENSG00000186103	993		0
ARGLU1	ENSG00000134884	3363		0
ARHGAP1	ENSG00000175220	3375		0
ARHGAP10	ENSG00000071205	3270		0
ARHGAP11A	ENSG00000198826	5876	ENSG00000288864	1958
ARHGAP11B	ENSG00000284906	1797	ENSG00000285077	1494
ARHGAP12	ENSG00000165322	4129		0
ARHGAP15	ENSG00000075884	1670		0
ARHGAP17	ENSG00000140750	3457		0
ARHGAP18	ENSG00000146376	4414		0
ARHGAP19	ENSG00000213390	5438	ENSG00000269891	1484
ARHGAP19-SLIT1	ENSG00000269891	1876	ENSG00000213390	1484
ARHGAP20	ENSG00000137727	6095		0
ARHGAP21	ENSG00000107863	7162		0
ARHGAP22	ENSG00000128805	2729		0
ARHGAP23	ENSG00000275832	5911		0
ARHGAP24	ENSG00000138639	4621		0
ARHGAP25	ENSG00000163219	2946		0
ARHGAP26	ENSG00000145819	6698		0
ARHGAP27	ENSG00000159314	4236		0
ARHGAP28	ENSG00000088756	5427		0
ARHGAP29	ENSG00000137962	6088		0
ARHGAP30	ENSG00000186517	4341		0
ARHGAP31	ENSG00000031081	9307		0
ARHGAP32	ENSG00000134909	10111		0
ARHGAP33	ENSG00000004777	3860		0
ARHGAP35	ENSG00000160007	7698		0
ARHGAP36	ENSG00000147256	2979		0
ARHGAP39	ENSG00000147799	4669		0
ARHGAP4	ENSG00000089820	3234	ENSG00000284987	97
ARHGAP40	ENSG00000124143	2842	ENSG00000289012	135
ARHGAP42	ENSG00000165895	4753		0
ARHGAP44	ENSG00000006740	4229		0
ARHGAP5	ENSG00000100852	4812		0
ARHGAP6	ENSG00000047648	5117		0
ARHGAP8	ENSG00000241484	1585	ENSG00000248405	1352
ARHGAP9	ENSG00000123329	2583		0
ARHGDIA	ENSG00000141522	1837		0
ARHGDIB	ENSG00000111348	1174		0
ARHGDIG	ENSG00000242173	950	ENSG00000286901	240
ARHGEF1	ENSG00000076928	3123		0
ARHGEF10	ENSG00000104728	5591	ENSG00000283239	5447
ARHGEF10L	ENSG00000074964	4489		0
ARHGEF11	ENSG00000132694	6889		0
ARHGEF12	ENSG00000196914	9661		0
ARHGEF15	ENSG00000198844	4155		0
ARHGEF16	ENSG00000130762	2822		0
ARHGEF17	ENSG00000110237	7854		0
ARHGEF18	ENSG00000104880	5078		0
ARHGEF19	ENSG00000142632	3030		0
ARHGEF2	ENSG00000116584	3983		0
ARHGEF25	ENSG00000240771	1995	ENSG00000287908	757
ARHGEF26	ENSG00000114790	5019		0
ARHGEF28	ENSG00000214944	6233		0
ARHGEF3	ENSG00000163947	3582		0
ARHGEF33	ENSG00000214694	4485		0
ARHGEF35	ENSG00000213214	2431		0
ARHGEF37	ENSG00000183111	4943		0
ARHGEF38	ENSG00000236699	5455		0
ARHGEF39	ENSG00000137135	3678		0
ARHGEF4	ENSG00000136002	3658		0
ARHGEF40	ENSG00000165801	5885		0
ARHGEF5	ENSG00000050327	5482		0
ARHGEF6	ENSG00000129675	4860		0
ARHGEF7	ENSG00000102606	2528		0
ARHGEF9	ENSG00000131089	4603	ENSG00000288661	180
ARID1A	ENSG00000117713	8578		0
ARID1B	ENSG00000049618	7972		0
ARID2	ENSG00000189079	8598		0
ARID3B	ENSG00000179361	4228		0
ARID3C	ENSG00000205143	1391		0
ARID4A	ENSG00000032219	5721		0
ARID4B	ENSG00000054267	5611		0
ARID5A	ENSG00000196843	2181		0
ARID5B	ENSG00000150347	7492		0
ARIH1	ENSG00000166233	21677	ENSG00000260534	2155
ARIH2	ENSG00000177479	4912		0
ARIH2OS	ENSG00000221883	1037		0
ARL1	ENSG00000120805	3194		0
ARL10	ENSG00000175414	10826		0
ARL11	ENSG00000152213	3552		0
ARL13A	ENSG00000174225	1103		0
ARL13B	ENSG00000169379	2447		0
ARL14	ENSG00000179674	1289		0
ARL14EP	ENSG00000152219	2373		0
ARL14EPL	ENSG00000268223	1044		0
ARL15	ENSG00000185305	2487		0
ARL16	ENSG00000214087	1053		0
ARL17A	ENSG00000185829	3946		0
ARL17B	ENSG00000228696	744		0
ARL2	ENSG00000213465	932	ENSG00000273003	365
ARL2-SNX15	ENSG00000273003	2392	ENSG00000110025	1906
ARL2BP	ENSG00000102931	1969		0
ARL3	ENSG00000138175	3834		0
ARL4A	ENSG00000122644	1109		0
ARL4C	ENSG00000188042	3838		0
ARL4D	ENSG00000175906	1578		0
ARL5A	ENSG00000162980	5260	ENSG00000283228	106
ARL5B	ENSG00000165997	7170		0
ARL5C	ENSG00000141748	540		0
ARL6	ENSG00000113966	3988		0
ARL6IP1	ENSG00000170540	2278	ENSG00000260342	546
ARL6IP4	ENSG00000256028	1589	ENSG00000182196	967
ARL6IP5	ENSG00000144746	2102		0
ARL6IP6	ENSG00000177917	2099		0
ARL8A	ENSG00000143862	1789		0
ARL8B	ENSG00000134108	2933		0
ARL9	ENSG00000196503	1091		0
ARMC1	ENSG00000104442	3000		0
ARMC10	ENSG00000170632	2265		0
ARMC12	ENSG00000157343	1089		0
ARMC2	ENSG00000118690	3241		0
ARMC3	ENSG00000165309	2782		0
ARMC4	ENSG00000169126	3572		0
ARMC5	ENSG00000140691	3108		0
ARMC6	ENSG00000105676	2353		0
ARMC7	ENSG00000125449	2127		0
ARMC8	ENSG00000114098	4757		0
ARMC9	ENSG00000135931	2103		0
ARMCX1	ENSG00000126947	2125		0
ARMCX2	ENSG00000184867	2540		0
ARMCX3	ENSG00000102401	3348		0
ARMCX4	ENSG00000196440	7420		0
ARMCX5	ENSG00000125962	2634	ENSG00000271147	219
ARMCX6	ENSG00000198960	1840		0
ARMS2	ENSG00000254636	818		0
ARMT1	ENSG00000146476	2397		0
ARNT	ENSG00000143437	4710		0
ARNT2	ENSG00000172379	6523	ENSG00000284059	2
ARNTL	ENSG00000133794	2778		0
ARNTL2	ENSG00000029153	2292		0
ARPC1A	ENSG00000241685	1566	ENSG00000284292	1108
ARPC1B	ENSG00000130429	1496	ENSG00000284292	1292
ARPC2	ENSG00000163466	1410		0
ARPC3	ENSG00000111229	945	ENSG00000258210	97
ARPC4	ENSG00000241553	1433	ENSG00000250151	338
ARPC4-TTLL3	ENSG00000250151	2466	ENSG00000214021	1942
ARPC5	ENSG00000162704	7209		0
ARPC5L	ENSG00000136950	2507		0
ARPIN	ENSG00000242498	7587	ENSG00000250021	719
ARPP19	ENSG00000128989	5238		0
ARPP21	ENSG00000172995	3179		0
ARR3	ENSG00000120500	1293		0
ARRB1	ENSG00000137486	1852		0
ARRB2	ENSG00000141480	1752		0
ARRDC1	ENSG00000197070	1554	ENSG00000283411	92
ARRDC2	ENSG00000105643	2501		0
ARRDC3	ENSG00000113369	4147		0
ARRDC4	ENSG00000140450	4062		0
ARRDC5	ENSG00000205784	1638		0
ARSA	ENSG00000100299	1879		0
ARSB	ENSG00000113273	4852		0
ARSD	ENSG00000006756	5145		0
ARSE	ENSG00000157399	1854		0
ARSF	ENSG00000062096	2164		0
ARSG	ENSG00000141337	2480		0
ARSH	ENSG00000205667	1876		0
ARSI	ENSG00000183876	3113		0
ARSJ	ENSG00000180801	4603		0
ARSK	ENSG00000164291	3327		0
ART1	ENSG00000129744	1313		0
ART3	ENSG00000156219	1524		0
ART4	ENSG00000111339	5129		0
ART5	ENSG00000167311	1232		0
ARTN	ENSG00000117407	1438		0
ARV1	ENSG00000173409	1290		0
ARVCF	ENSG00000099889	4041		0
ARX	ENSG00000004848	2876		0
AS3MT	ENSG00000214435	2405	ENSG00000270316	2326
ASAH1	ENSG00000104763	2347		0
ASAH2	ENSG00000188611	4797		0
ASAH2B	ENSG00000204147	615		0
ASAP1	ENSG00000153317	5508		0
ASAP2	ENSG00000151693	5665		0
ASAP3	ENSG00000088280	4050		0
ASB1	ENSG00000065802	6891		0
ASB10	ENSG00000146926	1695		0
ASB11	ENSG00000165192	1469		0
ASB12	ENSG00000198881	1266		0
ASB13	ENSG00000196372	2700		0
ASB14	ENSG00000239388	3180		0
ASB15	ENSG00000146809	4511		0
ASB16	ENSG00000161664	2140		0
ASB17	ENSG00000154007	1080		0
ASB18	ENSG00000182177	1402		0
ASB2	ENSG00000100628	2192		0
ASB3	ENSG00000115239	2215		0
ASB4	ENSG00000005981	3783		0
ASB5	ENSG00000164122	3031		0
ASB6	ENSG00000148331	2317		0
ASB7	ENSG00000183475	4926		0
ASB8	ENSG00000177981	2534		0
ASB9	ENSG00000102048	1613		0
ASCC1	ENSG00000138303	2409		0
ASCC2	ENSG00000100325	2790		0
ASCC3	ENSG00000112249	8111		0
ASCL1	ENSG00000139352	2470		0
ASCL2	ENSG00000183734	1485		0
ASCL3	ENSG00000176009	596		0
ASCL4	ENSG00000187855	1941		0
ASCL5	ENSG00000232237	1421		0
ASF1A	ENSG00000111875	2363		0
ASF1B	ENSG00000105011	1689		0
ASGR1	ENSG00000141505	1310		0
ASGR2	ENSG00000161944	1392		0
ASH1L	ENSG00000116539	10980	ENSG00000283701	64
ASH2L	ENSG00000129691	2803		0
ASIC1	ENSG00000110881	3779		0
ASIC2	ENSG00000108684	1862	ENSG00000265356	24
ASIC3	ENSG00000213199	1699		0
ASIC4	ENSG00000072182	2589		0
ASIC5	ENSG00000256394	1692		0
ASIP	ENSG00000101440	418		0
ASL	ENSG00000126522	2122	ENSG00000249319	563
ASMT	ENSG00000196433	1088		0
ASMTL	ENSG00000169093	2028		0
ASNA1	ENSG00000198356	1275		0
ASNS	ENSG00000284707	1986	ENSG00000070669	1945
ASNSD1	ENSG00000138381	2411	ENSG00000286165	741
ASPA	ENSG00000108381	969		0
ASPDH	ENSG00000204653	1041		0
ASPG	ENSG00000166183	4830		0
ASPH	ENSG00000198363	5268		0
ASPHD1	ENSG00000174939	1585		0
ASPHD2	ENSG00000128203	3358		0
ASPM	ENSG00000066279	10863		0
ASPN	ENSG00000106819	2470		0
ASPRV1	ENSG00000244617	1543		0
ASPSCR1	ENSG00000169696	1764		0
ASRGL1	ENSG00000162174	2270		0
ASS1	ENSG00000130707	1532		0
ASTE1	ENSG00000034533	2664		0
ASTL	ENSG00000188886	1297		0
ASTN1	ENSG00000152092	7116		0
ASTN2	ENSG00000148219	4610		0
ASUN	ENSG00000064102	2634		0
ASXL1	ENSG00000171456	7032		0
ASXL2	ENSG00000143970	12849		0
ASXL3	ENSG00000141431	11345		0
ASZ1	ENSG00000154438	1835		0
ATAD1	ENSG00000138138	4274		0
ATAD2	ENSG00000156802	5547		0
ATAD2B	ENSG00000119778	8103		0
ATAD3A	ENSG00000197785	2481		0
ATAD3B	ENSG00000160072	2449		0
ATAD3C	ENSG00000215915	3859		0
ATAD5	ENSG00000176208	6870		0
ATAT1	ENSG00000137343	969		0
ATCAY	ENSG00000167654	4968		0
ATE1	ENSG00000107669	4766		0
ATF1	ENSG00000123268	2182		0
ATF2	ENSG00000115966	4089		0
ATF3	ENSG00000162772	1767		0
ATF4	ENSG00000128272	1419		0
ATF5	ENSG00000169136	1333	ENSG00000283842	74
ATF6	ENSG00000118217	7470		0
ATF6B	ENSG00000213676	2620	ENSG00000284829	289
ATF7	ENSG00000170653	6656	ENSG00000267281	1255
ATF7IP	ENSG00000171681	8823		0
ATF7IP2	ENSG00000166669	3659		0
ATG10	ENSG00000152348	3028		0
ATG101	ENSG00000123395	1432		0
ATG12	ENSG00000145782	4040		0
ATG13	ENSG00000175224	2503		0
ATG14	ENSG00000126775	4715		0
ATG16L1	ENSG00000085978	3298		0
ATG16L2	ENSG00000168010	2140		0
ATG2A	ENSG00000110046	6318		0
ATG2B	ENSG00000066739	13156		0
ATG3	ENSG00000144848	1568		0
ATG4A	ENSG00000101844	2205		0
ATG4B	ENSG00000168397	2797		0
ATG4C	ENSG00000125703	2939		0
ATG4D	ENSG00000130734	1950	ENSG00000221410	1
ATG5	ENSG00000057663	2950		0
ATG7	ENSG00000197548	4960		0
ATG9A	ENSG00000198925	3718	ENSG00000284820	1834
ATHL1	ENSG00000142102	3688		0
ATIC	ENSG00000138363	1971		0
ATL1	ENSG00000198513	2504		0
ATL2	ENSG00000119787	2869		0
ATL3	ENSG00000184743	6899		0
ATM	ENSG00000149311	12912		0
ATMIN	ENSG00000166454	4877		0
ATN1	ENSG00000111676	4276		0
ATOH1	ENSG00000172238	2212		0
ATOH7	ENSG00000179774	1481		0
ATOH8	ENSG00000168874	2341		0
ATOX1	ENSG00000177556	471		0
ATP10A	ENSG00000206190	5241		0
ATP10B	ENSG00000118322	7565		0
ATP10D	ENSG00000145246	6656		0
ATP11A	ENSG00000068650	8796		0
ATP11B	ENSG00000058063	7315		0
ATP11C	ENSG00000101974	5981		0
ATP12A	ENSG00000075673	4238		0
ATP13A1	ENSG00000105726	3845		0
ATP13A2	ENSG00000159363	3840	ENSG00000288636	312
ATP13A3	ENSG00000133657	6969	ENSG00000244675	516
ATP13A4	ENSG00000127249	3982		0
ATP13A5	ENSG00000187527	3938		0
ATP1A1	ENSG00000163399	3655		0
ATP1A2	ENSG00000018625	5422		0
ATP1A3	ENSG00000105409	3550	ENSG00000285505	3169
ATP1A4	ENSG00000132681	3806		0
ATP1B1	ENSG00000143153	2216		0
ATP1B2	ENSG00000129244	3154		0
ATP1B3	ENSG00000069849	1782		0
ATP1B4	ENSG00000101892	3857		0
ATP2A1	ENSG00000196296	3493		0
ATP2A2	ENSG00000174437	4095		0
ATP2A3	ENSG00000074370	4676		0
ATP2B1	ENSG00000070961	6778		0
ATP2B2	ENSG00000157087	8829		0
ATP2B3	ENSG00000067842	4281		0
ATP2B4	ENSG00000058668	8697		0
ATP2C1	ENSG00000017260	2884		0
ATP2C2	ENSG00000064270	3365		0
ATP4A	ENSG00000105675	3710		0
ATP4B	ENSG00000186009	1488		0
ATP5A1	ENSG00000152234	5761		0
ATP5B	ENSG00000110955	1756		0
ATP5C1	ENSG00000165629	1064		0
ATP5D	ENSG00000099624	700		0
ATP5E	ENSG00000124172	3610		0
ATP5EP2	ENSG00000180389	156		0
ATP5F1	ENSG00000116459	2628		0
ATP5G1	ENSG00000159199	576		0
ATP5G2	ENSG00000135390	632		0
ATP5G3	ENSG00000154518	2587	ENSG00000200121	94
ATP5H	ENSG00000167863	603		0
ATP5I	ENSG00000169020	303		0
ATP5J	ENSG00000154723	526		0
ATP5J2	ENSG00000241468	307	ENSG00000248919	141
ATP5J2-PTCD1	ENSG00000248919	2491	ENSG00000106246	2348
ATP5L	ENSG00000167283	1121	ENSG00000285827	111
ATP5L2	ENSG00000249222	799		0
ATP5O	ENSG00000241837	756	ENSG00000249209	655
ATP5S	ENSG00000125375	2842		0
ATP5SL	ENSG00000105341	1693		0
ATP6AP1	ENSG00000071553	2054		0
ATP6AP1L	ENSG00000205464	984	ENSG00000293465	293
ATP6AP2	ENSG00000182220	2031		0
ATP6V0A1	ENSG00000033627	4087	ENSG00000283929	20
ATP6V0A2	ENSG00000185344	6507		0
ATP6V0A4	ENSG00000105929	2870		0
ATP6V0B	ENSG00000117410	986		0
ATP6V0C	ENSG00000185883	1093	ENSG00000260272	862
ATP6V0D1	ENSG00000159720	1636		0
ATP6V0D2	ENSG00000147614	2370		0
ATP6V0E1	ENSG00000113732	1419		0
ATP6V0E2	ENSG00000171130	339		0
ATP6V1A	ENSG00000114573	4575		0
ATP6V1B1	ENSG00000116039	1873		0
ATP6V1B2	ENSG00000147416	2856		0
ATP6V1C1	ENSG00000155097	5592		0
ATP6V1C2	ENSG00000143882	3103		0
ATP6V1D	ENSG00000100554	1401		0
ATP6V1E1	ENSG00000131100	1333		0
ATP6V1E2	ENSG00000250565	966		0
ATP6V1F	ENSG00000128524	674		0
ATP6V1G1	ENSG00000136888	1057		0
ATP6V1G2	ENSG00000213760	1353	ENSG00000254870	206
ATP6V1G2-DDX39B	ENSG00000254870	2039	ENSG00000198563	1681
ATP6V1G3	ENSG00000151418	556		0
ATP6V1H	ENSG00000047249	1991		0
ATP7A	ENSG00000165240	8484	ENSG00000293258	135
ATP7B	ENSG00000123191	6595		0
ATP8A1	ENSG00000124406	8270		0
ATP8A2	ENSG00000132932	9576		0
ATP8B1	ENSG00000081923	5936		0
ATP8B2	ENSG00000143515	5796		0
ATP8B3	ENSG00000130270	5095		0
ATP8B4	ENSG00000104043	5677		0
ATP9A	ENSG00000054793	7862		0
ATP9B	ENSG00000166377	3534		0
ATPAF1	ENSG00000123472	4068		0
ATPAF2	ENSG00000171953	1553	ENSG00000280198	99
ATPIF1	ENSG00000130770	495		0
ATR	ENSG00000175054	8157		0
ATRAID	ENSG00000138085	1226		0
ATRIP	ENSG00000164053	2586		0
ATRN	ENSG00000088812	8630		0
ATRNL1	ENSG00000107518	8480		0
ATRX	ENSG00000085224	11165		0
ATXN1	ENSG00000124788	10553	ENSG00000288708	90
ATXN10	ENSG00000130638	3294	ENSG00000280383	382
ATXN1L	ENSG00000224470	7882		0
ATXN2	ENSG00000204842	4342		0
ATXN2L	ENSG00000168488	3979		0
ATXN3	ENSG00000066427	6884	ENSG00000100815	513
ATXN3L	ENSG00000123594	1306		0
ATXN7	ENSG00000163635	6784		0
ATXN7L1	ENSG00000146776	5413		0
ATXN7L2	ENSG00000162650	2320		0
ATXN7L3	ENSG00000087152	3562		0
ATXN7L3B	ENSG00000253719	7596		0
AUH	ENSG00000148090	1569		0
AUNIP	ENSG00000127423	2116		0
AUP1	ENSG00000115307	1458		0
AURKA	ENSG00000087586	2033		0
AURKAIP1	ENSG00000175756	753		0
AURKB	ENSG00000178999	1205		0
AURKC	ENSG00000105146	1248		0
AUTS2	ENSG00000158321	6174		0
AVEN	ENSG00000169857	1605		0
AVIL	ENSG00000135407	2480		0
AVL9	ENSG00000105778	6982		0
AVP	ENSG00000101200	619		0
AVPI1	ENSG00000119986	1375		0
AVPR1A	ENSG00000166148	5963		0
AVPR2	ENSG00000126895	1764		0
AWAT1	ENSG00000204195	1365		0
AWAT2	ENSG00000147160	2124		0
AXDND1	ENSG00000162779	3391		0
AXIN1	ENSG00000103126	3643		0
AXIN2	ENSG00000168646	4259	ENSG00000266076	1317
AXL	ENSG00000167601	4717		0
AZGP1	ENSG00000160862	1181		0
AZI2	ENSG00000163512	4403		0
AZIN1	ENSG00000155096	4148	ENSG00000289653	159
AZIN2	ENSG00000142920	2142		0
AZU1	ENSG00000172232	907		0
B2M	ENSG00000166710	943		0
B3GALNT1	ENSG00000169255	3270		0
B3GALNT2	ENSG00000162885	1987		0
B3GALT1	ENSG00000172318	5095		0
B3GALT2	ENSG00000162630	3234		0
B3GALT4	ENSG00000235863	1695		0
B3GALT5	ENSG00000183778	12969		0
B3GALT6	ENSG00000176022	2778		0
B3GAT1	ENSG00000109956	3521		0
B3GAT2	ENSG00000112309	6565		0
B3GAT3	ENSG00000149541	1452		0
B3GLCT	ENSG00000187676	4215		0
B3GNT2	ENSG00000170340	2761		0
B3GNT3	ENSG00000179913	2198		0
B3GNT4	ENSG00000176383	1476		0
B3GNT5	ENSG00000176597	4108		0
B3GNT7	ENSG00000156966	3539		0
B3GNT8	ENSG00000177191	1543		0
B3GNT9	ENSG00000237172	2702		0
B3GNTL1	ENSG00000175711	1344		0
B4GALNT1	ENSG00000135454	2883		0
B4GALNT2	ENSG00000167080	1653		0
B4GALNT3	ENSG00000139044	5069		0
B4GALNT4	ENSG00000182272	3445		0
B4GALT1	ENSG00000086062	4176		0
B4GALT2	ENSG00000117411	2193		0
B4GALT3	ENSG00000158850	1911		0
B4GALT4	ENSG00000121578	2205		0
B4GALT5	ENSG00000158470	4722		0
B4GALT6	ENSG00000118276	3750		0
B4GALT7	ENSG00000027847	1698		0
B4GAT1	ENSG00000174684	2007		0
B9D1	ENSG00000108641	903		0
B9D2	ENSG00000123810	1004		0
BAALC	ENSG00000164929	2816		0
BAAT	ENSG00000136881	3327		0
BABAM1	ENSG00000105393	1377	ENSG00000269307	850
BACE1	ENSG00000186318	5835		0
BACE2	ENSG00000182240	2634		0
BACH1	ENSG00000156273	5618		0
BACH2	ENSG00000112182	9114		0
BAD	ENSG00000002330	903		0
BAG1	ENSG00000107262	3815		0
BAG2	ENSG00000112208	6651		0
BAG3	ENSG00000151929	2561		0
BAG4	ENSG00000156735	4197		0
BAG5	ENSG00000166170	4684		0
BAG6	ENSG00000204463	3497		0
BAHD1	ENSG00000140320	4434		0
BAIAP2	ENSG00000175866	2881		0
BAIAP2L1	ENSG00000006453	3623		0
BAIAP2L2	ENSG00000128298	2135		0
BAIAP3	ENSG00000007516	4425		0
BAK1	ENSG00000030110	2136		0
BAMBI	ENSG00000095739	1691		0
BANF1	ENSG00000175334	731		0
BANF2	ENSG00000125888	426		0
BANK1	ENSG00000153064	3249		0
BANP	ENSG00000172530	2163		0
BAP1	ENSG00000163930	3596		0
BARD1	ENSG00000138376	5478		0
BARHL1	ENSG00000125492	1906		0
BARHL2	ENSG00000143032	1979		0
BARX1	ENSG00000131668	1511		0
BARX2	ENSG00000043039	1814		0
BASP1	ENSG00000176788	1627		0
BATF	ENSG00000156127	913		0
BATF2	ENSG00000168062	2066		0
BATF3	ENSG00000123685	836		0
BAX	ENSG00000087088	794		0
BAZ1A	ENSG00000198604	5506		0
BAZ1B	ENSG00000009954	6094		0
BAZ2A	ENSG00000076108	8403		0
BAZ2B	ENSG00000123636	8145		0
BBC3	ENSG00000105327	1839		0
BBIP1	ENSG00000214413	707		0
BBOF1	ENSG00000119636	3107		0
BBOX1	ENSG00000129151	1636		0
BBS1	ENSG00000174483	3368	ENSG00000256349	3311
BBS10	ENSG00000179941	3568		0
BBS12	ENSG00000181004	3238		0
BBS2	ENSG00000125124	2704	ENSG00000288725	1086
BBS4	ENSG00000140463	2467		0
BBS5	ENSG00000163093	3159	ENSG00000251569	998
BBS7	ENSG00000138686	3730		0
BBS9	ENSG00000122507	3980		0
BBX	ENSG00000114439	8904		0
BCAM	ENSG00000187244	2402		0
BCAN	ENSG00000132692	3297		0
BCAP31	ENSG00000185825	1280		0
BCAR1	ENSG00000050820	3222		0
BCAR3	ENSG00000137936	3172		0
BCAS1	ENSG00000064787	3303		0
BCAS2	ENSG00000116752	1275		0
BCAS3	ENSG00000141376	3497		0
BCAS4	ENSG00000124243	1114		0
BCAT1	ENSG00000060982	9314		0
BCAT2	ENSG00000105552	1553		0
BCCIP	ENSG00000107949	1234		0
BCDIN3D	ENSG00000186666	3226		0
BCHE	ENSG00000114200	2405		0
BCKDHA	ENSG00000248098	1742	ENSG00000255730	1623
BCKDHB	ENSG00000083123	1491		0
BCKDK	ENSG00000103507	1718		0
BCL10	ENSG00000142867	2362		0
BCL11A	ENSG00000119866	5943		0
BCL11B	ENSG00000127152	7559		0
BCL2	ENSG00000171791	6881		0
BCL2A1	ENSG00000140379	780		0
BCL2L1	ENSG00000171552	2323		0
BCL2L10	ENSG00000137875	1249		0
BCL2L11	ENSG00000153094	5084		0
BCL2L12	ENSG00000126453	1063		0
BCL2L13	ENSG00000099968	2825		0
BCL2L14	ENSG00000121380	1687		0
BCL2L15	ENSG00000188761	1085		0
BCL2L2	ENSG00000129473	3526	ENSG00000258643	590
BCL2L2-PABPN1	ENSG00000258643	1242	ENSG00000100836	653
BCL3	ENSG00000069399	1877		0
BCL6	ENSG00000113916	3306		0
BCL6B	ENSG00000161940	3525		0
BCL7A	ENSG00000110987	2582		0
BCL7B	ENSG00000106635	1663		0
BCL7C	ENSG00000099385	857	ENSG00000262721	37
BCL9L	ENSG00000186174	6855		0
BCLAF1	ENSG00000029363	7259		0
BCO1	ENSG00000135697	2429		0
BCO2	ENSG00000197580	2885	ENSG00000243930	395
BCOR	ENSG00000183337	6064		0
BCORL1	ENSG00000085185	6835		0
BCR	ENSG00000186716	6783		0
BCS1L	ENSG00000074582	1427		0
BDH1	ENSG00000161267	3527		0
BDH2	ENSG00000164039	1078		0
BDKRB1	ENSG00000100739	1301	ENSG00000258691	376
BDKRB2	ENSG00000168398	3996	ENSG00000258691	224
BDNF	ENSG00000176697	3693		0
BDP1	ENSG00000145734	11037		0
BEAN1	ENSG00000166546	1989		0
BECN1	ENSG00000126581	2090		0
BECN2	ENSG00000196289	1296		0
BEGAIN	ENSG00000183092	2618		0
BEND2	ENSG00000177324	4611		0
BEND3	ENSG00000178409	6200		0
BEND4	ENSG00000188848	8543		0
BEND5	ENSG00000162373	1690		0
BEND6	ENSG00000151917	2380		0
BEND7	ENSG00000165626	1089		0
BEST1	ENSG00000167995	2210		0
BEST2	ENSG00000039987	1959		0
BEST3	ENSG00000127325	3419		0
BEST4	ENSG00000142959	2047		0
BET1	ENSG00000105829	1481		0
BET1L	ENSG00000177951	2791		0
BEX1	ENSG00000133169	795		0
BEX2	ENSG00000133134	843		0
BEX4	ENSG00000102409	1312		0
BEX5	ENSG00000184515	658		0
BFAR	ENSG00000103429	2903		0
BFSP1	ENSG00000125864	2207		0
BFSP2	ENSG00000170819	1497		0
BGLAP	ENSG00000242252	506	ENSG00000260238	398
BGN	ENSG00000182492	2353		0
BHLHA15	ENSG00000180535	784		0
BHLHA9	ENSG00000205899	903		0
BHLHB9	ENSG00000198908	4053	ENSG00000286237	4019
BHLHE22	ENSG00000180828	3262		0
BHLHE23	ENSG00000125533	987		0
BHLHE40	ENSG00000134107	3152		0
BHLHE41	ENSG00000123095	3743		0
BHMG1	ENSG00000237452	2561		0
BHMT	ENSG00000145692	2470		0
BHMT2	ENSG00000132840	2000		0
BICC1	ENSG00000122870	5474		0
BICD1	ENSG00000151746	3282		0
BICD2	ENSG00000185963	4637		0
BID	ENSG00000015475	2174		0
BIK	ENSG00000100290	951		0
BIN1	ENSG00000136717	2487		0
BIN2	ENSG00000110934	2231		0
BIN3	ENSG00000147439	1835		0
BIRC2	ENSG00000110330	3744		0
BIRC3	ENSG00000023445	4309		0
BIRC5	ENSG00000089685	2574		0
BIRC6	ENSG00000115760	15683		0
BIRC7	ENSG00000101197	1334		0
BIRC8	ENSG00000293247	1826	ENSG00000163098	1468
BIVM	ENSG00000134897	3789	ENSG00000270181	2068
BIVM-ERCC5	ENSG00000270181	4156	ENSG00000134899	2791
BLACE	ENSG00000204960	2456		0
BLCAP	ENSG00000166619	1934		0
BLID	ENSG00000259571	863		0
BLK	ENSG00000136573	2215		0
BLM	ENSG00000197299	5239		0
BLMH	ENSG00000108578	2307		0
BLNK	ENSG00000095585	1785		0
BLOC1S1	ENSG00000135441	562	ENSG00000258311	367
BLOC1S2	ENSG00000196072	1218		0
BLOC1S3	ENSG00000189114	2561		0
BLOC1S4	ENSG00000186222	1491		0
BLOC1S5	ENSG00000188428	2659	ENSG00000265818	375
BLOC1S5-TXNDC5	ENSG00000259040	3030	ENSG00000239264	2659
BLOC1S6	ENSG00000104164	3778	ENSG00000260170	175
BLVRA	ENSG00000106605	1071		0
BLVRB	ENSG00000090013	779		0
BLZF1	ENSG00000117475	2524		0
BMF	ENSG00000104081	4687		0
BMI1	ENSG00000168283	3429	ENSG00000269897	1000
BMP1	ENSG00000168487	3593		0
BMP10	ENSG00000163217	1465		0
BMP15	ENSG00000130385	1180		0
BMP2	ENSG00000125845	3545		0
BMP2K	ENSG00000138756	2118		0
BMP3	ENSG00000152785	5735		0
BMP4	ENSG00000125378	1917		0
BMP5	ENSG00000112175	3944		0
BMP6	ENSG00000153162	2781		0
BMP7	ENSG00000101144	4008		0
BMP8A	ENSG00000183682	1693		0
BMP8B	ENSG00000116985	4822		0
BMPER	ENSG00000164619	4732		0
BMPR1A	ENSG00000107779	6387		0
BMPR1B	ENSG00000138696	5568		0
BMPR2	ENSG00000204217	11460	ENSG00000289490	57
BMS1	ENSG00000165733	7754		0
BMX	ENSG00000102010	2409		0
BNC1	ENSG00000169594	4561		0
BNC2	ENSG00000173068	12808	ENSG00000205549	45
BNIP1	ENSG00000113734	1168		0
BNIP2	ENSG00000140299	1852		0
BNIP3	ENSG00000176171	1542		0
BNIP3L	ENSG00000104765	3452		0
BNIPL	ENSG00000163141	2127		0
BOC	ENSG00000144857	4572		0
BOD1	ENSG00000145919	1553		0
BOD1L1	ENSG00000038219	10565		0
BOD1L2	ENSG00000228075	3214		0
BOK	ENSG00000176720	2626		0
BOLA1	ENSG00000178096	587		0
BOLA2	ENSG00000183336	399	ENSG00000261740	255
BOLA2B	ENSG00000169627	373		0
BOLA3	ENSG00000163170	555		0
BOLL	ENSG00000152430	2532		0
BORA	ENSG00000136122	2760		0
BORCS5	ENSG00000165714	4841		0
BORCS6	ENSG00000196544	1836		0
BORCS7	ENSG00000166275	2386	ENSG00000270316	344
BORCS7-ASMT	ENSG00000270316	2670	ENSG00000214435	2326
BORCS8	ENSG00000254901	992	ENSG00000064489	169
BORCS8-MEF2B	ENSG00000064489	1399	ENSG00000213999	1254
BPGM	ENSG00000172331	1708		0
BPHL	ENSG00000137274	1909		0
BPI	ENSG00000101425	1841	ENSG00000285144	168
BPIFA1	ENSG00000198183	1075		0
BPIFA2	ENSG00000131050	991		0
BPIFA3	ENSG00000131059	1091		0
BPIFB1	ENSG00000125999	1641		0
BPIFB2	ENSG00000078898	1788		0
BPIFB3	ENSG00000186190	1455		0
BPIFB4	ENSG00000186191	2160		0
BPIFB6	ENSG00000167104	1362		0
BPIFC	ENSG00000184459	1981		0
BPNT1	ENSG00000162813	2400		0
BPTF	ENSG00000171634	9689	ENSG00000279880	188
BPY2	ENSG00000183753	1206		0
BPY2B	ENSG00000183795	1206		0
BPY2C	ENSG00000185894	1206		0
BRAF	ENSG00000157764	2481		0
BRAP	ENSG00000089234	3996		0
BRAT1	ENSG00000106009	2713		0
BRCA1	ENSG00000012048	5752		0
BRCA2	ENSG00000139618	11952		0
BRCC3	ENSG00000185515	2766		0
BRD1	ENSG00000100425	4141		0
BRD2	ENSG00000204256	4891		0
BRD3	ENSG00000169925	5652		0
BRD4	ENSG00000141867	6981		0
BRD7	ENSG00000166164	5370		0
BRD8	ENSG00000112983	4028		0
BRD9	ENSG00000028310	2134		0
BRDT	ENSG00000137948	3310		0
BRE	ENSG00000158019	1658		0
BRF1	ENSG00000185024	3314		0
BRF2	ENSG00000104221	2560		0
BRI3	ENSG00000164713	769		0
BRI3BP	ENSG00000184992	6649		0
BRICD5	ENSG00000182685	826	ENSG00000184207	358
BRINP1	ENSG00000078725	3171		0
BRINP2	ENSG00000198797	3559		0
BRINP3	ENSG00000162670	3125		0
BRIP1	ENSG00000136492	6049		0
BRIX1	ENSG00000113460	1591		0
BRK1	ENSG00000254999	1150		0
BRMS1	ENSG00000174744	1424		0
BRMS1L	ENSG00000100916	2637		0
BROX	ENSG00000162819	4104		0
BRPF1	ENSG00000156983	4307		0
BRPF3	ENSG00000096070	6052		0
BRS3	ENSG00000102239	2773		0
BRSK1	ENSG00000160469	3080		0
BRSK2	ENSG00000174672	4055		0
BRWD1	ENSG00000185658	8649		0
BRWD3	ENSG00000165288	11382		0
BSCL2	ENSG00000168000	1375	ENSG00000234857	1375
BSDC1	ENSG00000160058	2840		0
BSG	ENSG00000172270	1943		0
BSN	ENSG00000164061	15956		0
BSND	ENSG00000162399	3472		0
BSPH1	ENSG00000188334	654		0
BSPRY	ENSG00000119411	2328		0
BST1	ENSG00000109743	1365	ENSG00000288606	51
BST2	ENSG00000130303	1001		0
BSX	ENSG00000188909	830		0
BTAF1	ENSG00000095564	7249		0
BTBD1	ENSG00000064726	3194		0
BTBD10	ENSG00000148925	2439		0
BTBD11	ENSG00000151136	5746		0
BTBD16	ENSG00000138152	1847		0
BTBD17	ENSG00000204347	1727		0
BTBD18	ENSG00000233436	2807		0
BTBD19	ENSG00000222009	1531		0
BTBD2	ENSG00000133243	2629		0
BTBD3	ENSG00000132640	4881		0
BTBD6	ENSG00000184887	1964		0
BTBD7	ENSG00000011114	8430		0
BTBD8	ENSG00000189195	1349		0
BTBD9	ENSG00000183826	8525		0
BTC	ENSG00000174808	2653		0
BTD	ENSG00000169814	2072		0
BTF3	ENSG00000145741	863		0
BTF3L4	ENSG00000134717	4533		0
BTG1	ENSG00000133639	4629	ENSG00000257242	65
BTG2	ENSG00000159388	2713		0
BTG3	ENSG00000154640	1410		0
BTG4	ENSG00000137707	863		0
BTK	ENSG00000010671	2575		0
BTLA	ENSG00000186265	3125		0
BTN1A1	ENSG00000124557	2886		0
BTN2A1	ENSG00000112763	2890		0
BTN2A2	ENSG00000124508	3583		0
BTN3A1	ENSG00000026950	3388		0
BTN3A2	ENSG00000186470	1224		0
BTN3A3	ENSG00000111801	2970		0
BTNL2	ENSG00000204290	1460		0
BTNL3	ENSG00000168903	2439		0
BTNL8	ENSG00000113303	2017		0
BTNL9	ENSG00000165810	3457		0
BTRC	ENSG00000166167	6024		0
BUB1	ENSG00000169679	3457		0
BUB1B	ENSG00000156970	3669	ENSG00000259288	217
BUB3	ENSG00000154473	7703		0
BUD13	ENSG00000137656	2192		0
BUD31	ENSG00000106245	811		0
BVES	ENSG00000112276	5550		0
BYSL	ENSG00000112578	1718		0
BZRAP1	ENSG00000005379	5948		0
BZW1	ENSG00000082153	6511		0
BZW2	ENSG00000136261	1804		0
C10orf10	ENSG00000165507	2120		0
C10orf105	ENSG00000214688	4794		0
C10orf107	ENSG00000183346	1553		0
C10orf11	ENSG00000148655	637		0
C10orf12	ENSG00000196233	4930		0
C10orf120	ENSG00000183559	1064		0
C10orf128	ENSG00000204161	615		0
C10orf131	ENSG00000188649	778	ENSG00000270099	319
C10orf142	ENSG00000277288	1110		0
C10orf2	ENSG00000107815	3132		0
C10orf35	ENSG00000171224	1063		0
C10orf53	ENSG00000178645	800		0
C10orf54	ENSG00000107738	4690		0
C10orf55	ENSG00000222047	2360		0
C10orf62	ENSG00000203942	1209		0
C10orf67	ENSG00000179133	569		0
C10orf71	ENSG00000177354	5231		0
C10orf76	ENSG00000120029	4099		0
C10orf82	ENSG00000165863	868		0
C10orf88	ENSG00000119965	2307		0
C10orf90	ENSG00000154493	2934		0
C10orf99	ENSG00000188373	825		0
C11orf1	ENSG00000137720	2568		0
C11orf16	ENSG00000176029	1866		0
C11orf24	ENSG00000171067	2060		0
C11orf30	ENSG00000158636	5510		0
C11orf31	ENSG00000211450	680	ENSG00000254732	207
C11orf40	ENSG00000171987	654		0
C11orf42	ENSG00000180878	1143		0
C11orf45	ENSG00000174370	3474		0
C11orf49	ENSG00000149179	1631		0
C11orf52	ENSG00000149300	1104		0
C11orf53	ENSG00000150750	1204		0
C11orf54	ENSG00000182919	2493	ENSG00000284057	833
C11orf57	ENSG00000150776	3670		0
C11orf58	ENSG00000110696	1803		0
C11orf63	ENSG00000109944	2916		0
C11orf65	ENSG00000166323	984		0
C11orf68	ENSG00000175573	1559		0
C11orf70	ENSG00000137691	2188		0
C11orf71	ENSG00000180425	524		0
C11orf73	ENSG00000149196	1096		0
C11orf74	ENSG00000166352	866		0
C11orf80	ENSG00000173715	1808		0
C11orf84	ENSG00000168005	1954		0
C11orf85	ENSG00000168070	837		0
C11orf86	ENSG00000173237	1161		0
C11orf87	ENSG00000185742	5814		0
C11orf88	ENSG00000183644	715		0
C11orf91	ENSG00000205177	811	ENSG00000284969	254
C11orf94	ENSG00000234776	358		0
C11orf95	ENSG00000188070	5716		0
C11orf96	ENSG00000187479	1242		0
C11orf98	ENSG00000278615	646	ENSG00000162194	566
C12orf10	ENSG00000139637	1183	ENSG00000288663	1033
C12orf29	ENSG00000133641	2829		0
C12orf4	ENSG00000047621	3817		0
C12orf40	ENSG00000180116	2776		0
C12orf42	ENSG00000179088	1324		0
C12orf43	ENSG00000157895	4469		0
C12orf45	ENSG00000151131	1125		0
C12orf49	ENSG00000111412	8405		0
C12orf50	ENSG00000165805	1711		0
C12orf54	ENSG00000177627	888		0
C12orf56	ENSG00000185306	3936		0
C12orf57	ENSG00000111678	561		0
C12orf60	ENSG00000182993	1586		0
C12orf65	ENSG00000130921	1553		0
C12orf66	ENSG00000174206	4152		0
C12orf71	ENSG00000214700	958		0
C12orf73	ENSG00000204954	1690		0
C12orf74	ENSG00000187510	835		0
C12orf75	ENSG00000235162	1311		0
C12orf76	ENSG00000174456	1283	ENSG00000279360	88
C14orf1	ENSG00000133935	2320		0
C14orf105	ENSG00000100557	3083		0
C14orf119	ENSG00000179933	2914		0
C14orf142	ENSG00000170270	1125		0
C14orf159	ENSG00000133943	2454		0
C14orf166	ENSG00000087302	7004		0
C14orf177	ENSG00000176605	1284		0
C14orf178	ENSG00000197734	642		0
C14orf180	ENSG00000184601	2471		0
C14orf2	ENSG00000156411	615		0
C14orf28	ENSG00000179476	2916		0
C14orf37	ENSG00000139971	6495		0
C14orf39	ENSG00000179008	2780		0
C14orf79	ENSG00000140104	2371		0
C14orf80	ENSG00000185347	1631	ENSG00000257341	240
C14orf93	ENSG00000100802	3347		0
C15orf38-AP3S2	ENSG00000250021	2439	ENSG00000157823	1721
C15orf39	ENSG00000167173	4247		0
C15orf40	ENSG00000169609	11245		0
C15orf41	ENSG00000186073	2851		0
C15orf43	ENSG00000167014	1282		0
C15orf48	ENSG00000166920	649	ENSG00000284386	80
C15orf52	ENSG00000188549	2995		0
C15orf59	ENSG00000205363	6546		0
C15orf61	ENSG00000189227	4190		0
C15orf62	ENSG00000188277	2371		0
C15orf65	ENSG00000261652	730		0
C16orf13	ENSG00000130731	794		0
C16orf45	ENSG00000166780	2111	ENSG00000261130	44
C16orf46	ENSG00000166455	1599		0
C16orf52	ENSG00000185716	4361		0
C16orf54	ENSG00000185905	2569		0
C16orf58	ENSG00000140688	2772		0
C16orf59	ENSG00000162062	1633	ENSG00000274805	1
C16orf62	ENSG00000103544	3116		0
C16orf70	ENSG00000125149	1355		0
C16orf71	ENSG00000166246	2457		0
C16orf72	ENSG00000182831	5949		0
C16orf74	ENSG00000154102	906		0
C16orf78	ENSG00000166152	1069		0
C16orf86	ENSG00000159761	1265		0
C16orf87	ENSG00000155330	1355		0
C16orf89	ENSG00000153446	1360		0
C16orf90	ENSG00000215131	907		0
C16orf91	ENSG00000174109	917		0
C16orf92	ENSG00000167194	816		0
C16orf95	ENSG00000260456	929	ENSG00000131152	565
C16orf96	ENSG00000205832	3824		0
C17orf104	ENSG00000180336	4605		0
C17orf105	ENSG00000231256	3753		0
C17orf107	ENSG00000205710	3199		0
C17orf47	ENSG00000108387	1748		0
C17orf49	ENSG00000258315	850	ENSG00000161939	754
C17orf50	ENSG00000270806	1019		0
C17orf53	ENSG00000125319	2698		0
C17orf58	ENSG00000186665	1297		0
C17orf62	ENSG00000178927	2017		0
C17orf64	ENSG00000141371	951		0
C17orf67	ENSG00000214226	2013		0
C17orf74	ENSG00000184560	1650		0
C17orf75	ENSG00000108666	1627		0
C17orf78	ENSG00000278505	1863		0
C17orf80	ENSG00000141219	3549		0
C17orf89	ENSG00000224877	536		0
C17orf96	ENSG00000273604	3255		0
C17orf97	ENSG00000187624	1840		0
C17orf98	ENSG00000275489	616		0
C17orf99	ENSG00000187997	952		0
C18orf21	ENSG00000141428	985	ENSG00000278986	679
C18orf32	ENSG00000177576	5379	ENSG00000215472	918
C18orf42	ENSG00000231824	576		0
C18orf54	ENSG00000166845	5048		0
C18orf63	ENSG00000206043	5101		0
C18orf8	ENSG00000141452	2160		0
C19orf12	ENSG00000131943	4211		0
C19orf18	ENSG00000177025	915		0
C19orf24	ENSG00000228300	870		0
C19orf25	ENSG00000119559	2190		0
C19orf33	ENSG00000167644	374	ENSG00000267748	245
C19orf35	ENSG00000188305	2564		0
C19orf38	ENSG00000214212	865		0
C19orf43	ENSG00000123144	879		0
C19orf44	ENSG00000105072	3344		0
C19orf45	ENSG00000198723	1680	ENSG00000267952	60
C19orf47	ENSG00000160392	3537		0
C19orf48	ENSG00000293495	1361	ENSG00000167747	717
C19orf52	ENSG00000142444	1347		0
C19orf53	ENSG00000104979	585	ENSG00000037757	116
C19orf54	ENSG00000188493	2748		0
C19orf57	ENSG00000132016	2443		0
C19orf60	ENSG00000006015	766		0
C19orf66	ENSG00000130813	1928		0
C19orf67	ENSG00000188032	1422		0
C19orf68	ENSG00000185453	3589		0
C19orf70	ENSG00000174917	516		0
C19orf71	ENSG00000183397	654		0
C19orf73	ENSG00000221916	739		0
C19orf80	ENSG00000130173	872		0
C19orf81	ENSG00000235034	761		0
C19orf84	ENSG00000262874	1318		0
C1D	ENSG00000197223	2220		0
C1GALT1	ENSG00000106392	6205		0
C1GALT1C1	ENSG00000171155	1518		0
C1GALT1C1L	ENSG00000223658	1172		0
C1QA	ENSG00000173372	1021	ENSG00000289692	696
C1QB	ENSG00000173369	997		0
C1QBP	ENSG00000108561	1169	ENSG00000263272	101
C1QC	ENSG00000159189	1158	ENSG00000289692	137
C1QL1	ENSG00000131094	1295		0
C1QL2	ENSG00000144119	1905		0
C1QL3	ENSG00000165985	2368		0
C1QL4	ENSG00000186897	2072		0
C1QTNF1	ENSG00000173918	2559		0
C1QTNF2	ENSG00000145861	2396		0
C1QTNF3	ENSG00000082196	1961	ENSG00000273294	653
C1QTNF3-AMACR	ENSG00000273294	3424	ENSG00000242110	2661
C1QTNF4	ENSG00000172247	1413		0
C1QTNF5	ENSG00000223953	1353	ENSG00000235718	1353
C1QTNF6	ENSG00000133466	1610		0
C1QTNF7	ENSG00000163145	4245		0
C1QTNF8	ENSG00000184471	1628		0
C1QTNF9	ENSG00000240654	1787	ENSG00000273167	287
C1QTNF9B	ENSG00000205863	1212		0
C1RL	ENSG00000139178	3335		0
C1S	ENSG00000182326	2522	ENSG00000290146	230
C1orf100	ENSG00000173728	579		0
C1orf101	ENSG00000179397	3020		0
C1orf105	ENSG00000180999	986		0
C1orf106	ENSG00000163362	2118		0
C1orf109	ENSG00000116922	2356		0
C1orf111	ENSG00000171722	1695		0
C1orf112	ENSG00000000460	4003		0
C1orf115	ENSG00000162817	2891		0
C1orf116	ENSG00000182795	5492		0
C1orf122	ENSG00000197982	974		0
C1orf123	ENSG00000162384	1085		0
C1orf127	ENSG00000175262	2759		0
C1orf131	ENSG00000143633	1422		0
C1orf141	ENSG00000203963	2146		0
C1orf145	ENSG00000162913	889		0
C1orf146	ENSG00000203910	831		0
C1orf159	ENSG00000131591	1832		0
C1orf162	ENSG00000143110	840		0
C1orf167	ENSG00000215910	4085		0
C1orf168	ENSG00000187889	3136		0
C1orf174	ENSG00000198912	1645		0
C1orf185	ENSG00000204006	916		0
C1orf189	ENSG00000163263	388		0
C1orf194	ENSG00000179902	655		0
C1orf198	ENSG00000119280	3726		0
C1orf204	ENSG00000188004	2121	ENSG00000243284	271
C1orf21	ENSG00000116667	10265		0
C1orf210	ENSG00000253313	1479		0
C1orf216	ENSG00000142686	2628		0
C1orf226	ENSG00000239887	859	ENSG00000254706	524
C1orf228	ENSG00000198520	1693		0
C1orf233	ENSG00000228594	2085		0
C1orf234	ENSG00000227868	510		0
C1orf27	ENSG00000157181	3790		0
C1orf35	ENSG00000143793	1290		0
C1orf43	ENSG00000143612	1678		0
C1orf50	ENSG00000164008	997	ENSG00000283580	736
C1orf52	ENSG00000162642	1220		0
C1orf53	ENSG00000203724	584		0
C1orf54	ENSG00000118292	501		0
C1orf56	ENSG00000143443	2085		0
C1orf61	ENSG00000125462	551		0
C1orf64	ENSG00000183888	3039		0
C1orf68	ENSG00000198854	949		0
C1orf74	ENSG00000162757	4684	ENSG00000289700	4081
C1orf87	ENSG00000162598	2028		0
C1orf94	ENSG00000142698	2288		0
C1orf95	ENSG00000203685	7706		0
C2	ENSG00000166278	2610	ENSG00000244255	1625
C20orf141	ENSG00000258713	580	ENSG00000241690	325
C20orf144	ENSG00000149609	522		0
C20orf173	ENSG00000125975	779	ENSG00000242507	92
C20orf194	ENSG00000088854	6868		0
C20orf195	ENSG00000125531	1030		0
C20orf196	ENSG00000171984	1150		0
C20orf202	ENSG00000215595	1604	ENSG00000274269	168
C20orf24	ENSG00000101084	1069	ENSG00000259399	609
C20orf27	ENSG00000101220	1252		0
C20orf85	ENSG00000124237	804		0
C20orf96	ENSG00000196476	1575		0
C21orf140	ENSG00000222018	757		0
C21orf2	ENSG00000160226	2221	ENSG00000241728	619
C21orf33	ENSG00000160221	1584		0
C21orf58	ENSG00000160298	2970		0
C21orf59	ENSG00000265590	1288	ENSG00000159079	1204
C21orf62	ENSG00000205929	3888	ENSG00000279690	832
C21orf91	ENSG00000154642	5396	ENSG00000240770	47
C22orf15	ENSG00000169314	830		0
C22orf23	ENSG00000128346	1472		0
C22orf29	ENSG00000215012	6494	ENSG00000185838	152
C22orf31	ENSG00000100249	982		0
C22orf39	ENSG00000242259	1222		0
C22orf42	ENSG00000205856	1363		0
C22orf46	ENSG00000184208	4890	ENSG00000293428	4648
C2CD2	ENSG00000157617	5725		0
C2CD2L	ENSG00000172375	4769		0
C2CD3	ENSG00000168014	6091		0
C2CD4A	ENSG00000198535	3445		0
C2CD4B	ENSG00000205502	1579		0
C2CD4C	ENSG00000183186	3099		0
C2CD4D	ENSG00000225556	1403		0
C2CD5	ENSG00000111731	4432		0
C2orf15	ENSG00000273045	1445	ENSG00000241962	699
C2orf16	ENSG00000221843	6200		0
C2orf40	ENSG00000119147	753		0
C2orf42	ENSG00000115998	2524		0
C2orf44	ENSG00000163026	3810		0
C2orf47	ENSG00000162972	1390		0
C2orf49	ENSG00000135974	4587		0
C2orf50	ENSG00000150873	2609		0
C2orf54	ENSG00000172478	1912		0
C2orf57	ENSG00000177673	1377		0
C2orf61	ENSG00000239605	555	ENSG00000273269	438
C2orf66	ENSG00000187944	749		0
C2orf68	ENSG00000168887	2838		0
C2orf69	ENSG00000178074	3691		0
C2orf70	ENSG00000173557	718		0
C2orf71	ENSG00000179270	7041		0
C2orf72	ENSG00000204128	3624		0
C2orf73	ENSG00000177994	1922		0
C2orf74	ENSG00000237651	887	ENSG00000274769	767
C2orf76	ENSG00000186132	640		0
C2orf78	ENSG00000187833	3046		0
C2orf80	ENSG00000188674	1195		0
C2orf81	ENSG00000284308	1893	ENSG00000159239	1680
C2orf82	ENSG00000182600	474		0
C2orf83	ENSG00000290795	1843	ENSG00000042304	142
C2orf88	ENSG00000187699	783		0
C2orf91	ENSG00000205086	923		0
C3	ENSG00000125730	5231		0
C3AR1	ENSG00000171860	1977		0
C3orf14	ENSG00000114405	582		0
C3orf17	ENSG00000163608	4820		0
C3orf18	ENSG00000088543	2486		0
C3orf20	ENSG00000131379	3284		0
C3orf22	ENSG00000180697	948		0
C3orf30	ENSG00000163424	1799	ENSG00000251012	213
C3orf33	ENSG00000174928	1805	ENSG00000284952	1245
C3orf36	ENSG00000288547	1668		0
C3orf38	ENSG00000179021	2414		0
C3orf49	ENSG00000163632	1293		0
C3orf52	ENSG00000114529	2237		0
C3orf58	ENSG00000181744	4321		0
C3orf62	ENSG00000188315	3559	ENSG00000114316	766
C3orf67	ENSG00000163689	2590		0
C3orf70	ENSG00000187068	5902		0
C3orf80	ENSG00000180044	2578		0
C3orf84	ENSG00000236980	704		0
C4A	ENSG00000244731	5427		0
C4B	ENSG00000224389	5427		0
C4BPA	ENSG00000123838	2244		0
C4BPB	ENSG00000123843	960		0
C4orf17	ENSG00000138813	1619		0
C4orf19	ENSG00000154274	1944		0
C4orf22	ENSG00000197826	879		0
C4orf26	ENSG00000174792	788		0
C4orf27	ENSG00000056050	1216		0
C4orf3	ENSG00000164096	392		0
C4orf32	ENSG00000174749	8844		0
C4orf33	ENSG00000151470	5455		0
C4orf36	ENSG00000285458	2306	ENSG00000163633	429
C4orf45	ENSG00000164123	1215		0
C4orf46	ENSG00000205208	3363		0
C4orf47	ENSG00000205129	1135		0
C4orf48	ENSG00000243449	371		0
C4orf50	ENSG00000181215	2300		0
C4orf51	ENSG00000237136	847		0
C5	ENSG00000106804	5464		0
C5AR1	ENSG00000197405	2312		0
C5AR2	ENSG00000134830	6718		0
C5orf15	ENSG00000113583	2188		0
C5orf22	ENSG00000082213	3572		0
C5orf24	ENSG00000181904	4212		0
C5orf28	ENSG00000151881	2707		0
C5orf30	ENSG00000181751	2988		0
C5orf34	ENSG00000172244	2499		0
C5orf38	ENSG00000186493	890		0
C5orf42	ENSG00000197603	11008		0
C5orf45	ENSG00000161010	1168		0
C5orf46	ENSG00000178776	492		0
C5orf47	ENSG00000185056	2511		0
C5orf49	ENSG00000215217	2028		0
C5orf51	ENSG00000205765	5242		0
C5orf52	ENSG00000187658	687		0
C5orf56	ENSG00000197536	220	ENSG00000283782	38
C5orf63	ENSG00000164241	966		0
C5orf67	ENSG00000225940	765		0
C6	ENSG00000039537	3552		0
C6orf1	ENSG00000186577	818		0
C6orf10	ENSG00000204296	2079		0
C6orf106	ENSG00000196821	4338		0
C6orf118	ENSG00000112539	1811		0
C6orf120	ENSG00000185127	2668		0
C6orf132	ENSG00000188112	6209		0
C6orf136	ENSG00000204564	1339		0
C6orf141	ENSG00000197261	1428		0
C6orf15	ENSG00000204542	1140		0
C6orf163	ENSG00000203872	1309		0
C6orf183	ENSG00000293470	1956	ENSG00000203799	1875
C6orf201	ENSG00000293447	1834	ENSG00000185689	476
C6orf203	ENSG00000130349	895		0
C6orf222	ENSG00000189325	3732		0
C6orf223	ENSG00000181577	3582		0
C6orf226	ENSG00000221821	552		0
C6orf229	ENSG00000260286	800	ENSG00000282804	465
C6orf47	ENSG00000204439	2475		0
C6orf48	ENSG00000204387	1053	ENSG00000285565	418
C6orf52	ENSG00000137434	617		0
C6orf58	ENSG00000184530	1200		0
C6orf62	ENSG00000112308	2452		0
C6orf89	ENSG00000198663	1221		0
C7	ENSG00000112936	4012		0
C7orf25	ENSG00000136197	1805		0
C7orf26	ENSG00000146576	2178		0
C7orf31	ENSG00000153790	3359		0
C7orf33	ENSG00000170279	1153		0
C7orf34	ENSG00000165131	767		0
C7orf43	ENSG00000146826	2517	ENSG00000284518	37
C7orf49	ENSG00000122783	1482		0
C7orf50	ENSG00000146540	1265		0
C7orf55	ENSG00000164898	1005	ENSG00000269955	284
C7orf55-LUC7L2	ENSG00000269955	1661	ENSG00000146963	1377
C7orf57	ENSG00000164746	2102		0
C7orf60	ENSG00000164603	3940		0
C7orf61	ENSG00000185955	988		0
C7orf62	ENSG00000164645	1023		0
C7orf72	ENSG00000164500	1455		0
C7orf73	ENSG00000243317	2451		0
C7orf77	ENSG00000275356	548		0
C8A	ENSG00000157131	2357		0
C8B	ENSG00000021852	2038		0
C8G	ENSG00000176919	856		0
C8orf22	ENSG00000168333	1273		0
C8orf33	ENSG00000182307	2588		0
C8orf34	ENSG00000165084	1990		0
C8orf37	ENSG00000156172	3335		0
C8orf4	ENSG00000176907	1827		0
C8orf44	ENSG00000288596	389	ENSG00000288602	389
C8orf44-SGK3	ENSG00000288602	2949	ENSG00000104205	2503
C8orf46	ENSG00000169085	3155	ENSG00000285791	3002
C8orf48	ENSG00000164743	1419		0
C8orf58	ENSG00000241852	2009	ENSG00000248235	85
C8orf74	ENSG00000171060	1034		0
C8orf76	ENSG00000189376	1310	ENSG00000259305	832
C8orf82	ENSG00000213563	2455	ENSG00000254402	74
C8orf86	ENSG00000196166	1077		0
C8orf88	ENSG00000253250	876		0
C8orf89	ENSG00000274443	656		0
C9	ENSG00000113600	2649	ENSG00000289699	441
C9orf114	ENSG00000286112	4274	ENSG00000198917	4259
C9orf116	ENSG00000160345	675		0
C9orf129	ENSG00000290685	1154	ENSG00000204352	467
C9orf131	ENSG00000174038	3372		0
C9orf135	ENSG00000204711	844		0
C9orf142	ENSG00000148362	808		0
C9orf152	ENSG00000188959	2687		0
C9orf153	ENSG00000187753	1845		0
C9orf16	ENSG00000171159	704		0
C9orf172	ENSG00000232434	4388		0
C9orf173	ENSG00000197768	1166		0
C9orf24	ENSG00000164972	1129		0
C9orf3	ENSG00000148120	3077		0
C9orf40	ENSG00000135045	2325		0
C9orf43	ENSG00000157653	1988		0
C9orf47	ENSG00000213694	227		0
C9orf50	ENSG00000179058	1620		0
C9orf57	ENSG00000204669	1502		0
C9orf64	ENSG00000165118	2443		0
C9orf66	ENSG00000183784	2918		0
C9orf69	ENSG00000238227	2436		0
C9orf72	ENSG00000147894	3180		0
C9orf78	ENSG00000136819	1795		0
C9orf84	ENSG00000165181	4610		0
C9orf85	ENSG00000155621	1185		0
C9orf9	ENSG00000165698	724		0
C9orf91	ENSG00000157693	2229		0
C9orf92	ENSG00000205549	219		0
CA1	ENSG00000133742	1830		0
CA10	ENSG00000154975	2834		0
CA11	ENSG00000063180	1715		0
CA12	ENSG00000074410	6098		0
CA13	ENSG00000185015	3816		0
CA14	ENSG00000118298	1788		0
CA2	ENSG00000104267	1562		0
CA3	ENSG00000164879	1721		0
CA4	ENSG00000167434	1117		0
CA5A	ENSG00000174990	1100		0
CA5B	ENSG00000169239	6835		0
CA6	ENSG00000131686	1320		0
CA7	ENSG00000168748	1518		0
CA8	ENSG00000178538	3801		0
CA9	ENSG00000107159	1546		0
CAAP1	ENSG00000120159	2789		0
CAB39	ENSG00000135932	3827		0
CAB39L	ENSG00000102547	3209		0
CABIN1	ENSG00000099991	7223		0
CABLES1	ENSG00000134508	5003		0
CABLES2	ENSG00000149679	3783		0
CABP1	ENSG00000157782	591		0
CABP2	ENSG00000167791	789		0
CABP4	ENSG00000175544	2552		0
CABP5	ENSG00000105507	1258		0
CABP7	ENSG00000100314	3254		0
CABS1	ENSG00000145309	1517		0
CABYR	ENSG00000154040	832		0
CACFD1	ENSG00000160325	2795		0
CACHD1	ENSG00000158966	5271		0
CACNA1A	ENSG00000141837	8392		0
CACNA1B	ENSG00000148408	9786		0
CACNA1C	ENSG00000151067	6512		0
CACNA1D	ENSG00000157388	8828		0
CACNA1E	ENSG00000198216	9725		0
CACNA1F	ENSG00000102001	6006		0
CACNA1G	ENSG00000006283	7649		0
CACNA1H	ENSG00000196557	8085		0
CACNA1I	ENSG00000100346	10002		0
CACNA1S	ENSG00000081248	6027		0
CACNA2D1	ENSG00000153956	7542		0
CACNA2D2	ENSG00000007402	3433		0
CACNA2D3	ENSG00000157445	3676		0
CACNA2D4	ENSG00000151062	5285		0
CACNB1	ENSG00000067191	3709		0
CACNB2	ENSG00000165995	3447		0
CACNB3	ENSG00000167535	2697		0
CACNB4	ENSG00000182389	1910	ENSG00000283228	1258
CACNG1	ENSG00000108878	1267		0
CACNG2	ENSG00000166862	2385		0
CACNG3	ENSG00000006116	1917		0
CACNG4	ENSG00000075461	3381		0
CACNG5	ENSG00000075429	1311		0
CACNG6	ENSG00000130433	1851		0
CACNG7	ENSG00000105605	2689		0
CACNG8	ENSG00000142408	8748	ENSG00000284583	91
CACTIN	ENSG00000105298	3583		0
CACUL1	ENSG00000151893	11035		0
CACYBP	ENSG00000116161	2552		0
CAD	ENSG00000084774	7266		0
CADM1	ENSG00000182985	8588		0
CADM2	ENSG00000175161	1154		0
CADM3	ENSG00000162706	2438		0
CADM4	ENSG00000105767	2178		0
CADPS	ENSG00000163618	5470		0
CADPS2	ENSG00000081803	5735		0
CAGE1	ENSG00000164304	2822		0
CALB1	ENSG00000104327	2533		0
CALB2	ENSG00000172137	1454		0
CALCA	ENSG00000110680	236		0
CALCB	ENSG00000175868	1039		0
CALCOCO1	ENSG00000012822	2292		0
CALCOCO2	ENSG00000136436	3635		0
CALCR	ENSG00000004948	1485		0
CALCRL	ENSG00000064989	4948		0
CALD1	ENSG00000122786	3613		0
CALHM1	ENSG00000185933	3054		0
CALHM2	ENSG00000138172	1811		0
CALHM3	ENSG00000183128	1652		0
CALM1	ENSG00000198668	4196		0
CALM2	ENSG00000143933	1210	ENSG00000273269	102
CALM3	ENSG00000160014	2184		0
CALML3	ENSG00000178363	1811		0
CALML4	ENSG00000129007	759	ENSG00000260007	499
CALML5	ENSG00000178372	859		0
CALML6	ENSG00000169885	668		0
CALN1	ENSG00000183166	8951		0
CALR	ENSG00000179218	1901	ENSG00000274417	1
CALR3	ENSG00000269058	1263	ENSG00000141979	643
CALU	ENSG00000128595	3340		0
CALY	ENSG00000130643	2260		0
CAMK1	ENSG00000134072	1453		0
CAMK1G	ENSG00000008118	2453		0
CAMK2A	ENSG00000070808	4804		0
CAMK2B	ENSG00000058404	2288		0
CAMK2D	ENSG00000145349	5514		0
CAMK2G	ENSG00000148660	3563		0
CAMK2N1	ENSG00000162545	2326		0
CAMK2N2	ENSG00000163888	1362		0
CAMK4	ENSG00000152495	1619		0
CAMKK1	ENSG00000004660	3563		0
CAMKK2	ENSG00000110931	4829		0
CAMKMT	ENSG00000143919	1496		0
CAMKV	ENSG00000164076	2998		0
CAMLG	ENSG00000164615	2171		0
CAMP	ENSG00000164047	591		0
CAMSAP1	ENSG00000130559	7696		0
CAMSAP2	ENSG00000118200	7353		0
CAMSAP3	ENSG00000076826	3890		0
CAMTA1	ENSG00000171735	8314		0
CAMTA2	ENSG00000108509	4492		0
CAND1	ENSG00000111530	11174		0
CAND2	ENSG00000144712	4573	ENSG00000289809	267
CANT1	ENSG00000171302	3062		0
CANX	ENSG00000127022	2045		0
CAP1	ENSG00000131236	2608		0
CAP2	ENSG00000112186	2925		0
CAPG	ENSG00000042493	1250		0
CAPN1	ENSG00000014216	2866		0
CAPN10	ENSG00000142330	2621		0
CAPN11	ENSG00000137225	2718		0
CAPN12	ENSG00000182472	2763		0
CAPN13	ENSG00000162949	2683		0
CAPN14	ENSG00000214711	2168		0
CAPN15	ENSG00000103326	4745		0
CAPN2	ENSG00000162909	3366		0
CAPN3	ENSG00000092529	2956	ENSG00000258461	2426
CAPN5	ENSG00000149260	4367		0
CAPN6	ENSG00000077274	3529		0
CAPN7	ENSG00000131375	4348		0
CAPN9	ENSG00000135773	2358		0
CAPNS1	ENSG00000126247	1427		0
CAPNS2	ENSG00000256812	1004		0
CAPRIN1	ENSG00000135387	4060		0
CAPRIN2	ENSG00000110888	3379		0
CAPS	ENSG00000105519	1534	ENSG00000267314	339
CAPS2	ENSG00000180881	1986		0
CAPSL	ENSG00000152611	878		0
CAPZA1	ENSG00000116489	2358		0
CAPZA2	ENSG00000198898	5068		0
CAPZA3	ENSG00000177938	1069		0
CAPZB	ENSG00000077549	859		0
CARD10	ENSG00000100065	3987		0
CARD11	ENSG00000198286	4287		0
CARD14	ENSG00000141527	4519		0
CARD16	ENSG00000204397	449		0
CARD17	ENSG00000290797	466	ENSG00000255221	432
CARD18	ENSG00000255501	653		0
CARD19	ENSG00000165233	856		0
CARD6	ENSG00000132357	4038		0
CARD8	ENSG00000105483	1870		0
CARD9	ENSG00000187796	2111	ENSG00000289701	2088
CARF	ENSG00000138380	5877		0
CARHSP1	ENSG00000153048	2668		0
CARKD	ENSG00000213995	2409		0
CARM1	ENSG00000142453	3290		0
CARNMT1	ENSG00000156017	4030		0
CARNS1	ENSG00000172508	3880		0
CARS	ENSG00000110619	2488		0
CARS2	ENSG00000134905	1838		0
CARTPT	ENSG00000164326	800		0
CASC1	ENSG00000118307	2364		0
CASC10	ENSG00000204682	322		0
CASC3	ENSG00000108349	3890	ENSG00000284144	1
CASC4	ENSG00000166734	3963		0
CASC5	ENSG00000137812	9266		0
CASD1	ENSG00000127995	3931		0
CASK	ENSG00000147044	3124		0
CASKIN1	ENSG00000167971	5759		0
CASKIN2	ENSG00000177303	4969		0
CASP1	ENSG00000137752	1996		0
CASP10	ENSG00000003400	5668		0
CASP12	ENSG00000204403	1449		0
CASP14	ENSG00000105141	3145		0
CASP2	ENSG00000106144	4089		0
CASP3	ENSG00000164305	2645		0
CASP4	ENSG00000196954	1296		0
CASP5	ENSG00000137757	1414		0
CASP6	ENSG00000138794	1521		0
CASP7	ENSG00000165806	2344		0
CASP8	ENSG00000064012	2581	ENSG00000289698	209
CASP8AP2	ENSG00000118412	6088		0
CASP9	ENSG00000132906	1940		0
CASQ1	ENSG00000143318	1878		0
CASQ2	ENSG00000118729	2593		0
CASR	ENSG00000036828	3784		0
CASS4	ENSG00000087589	2517		0
CAST	ENSG00000153113	4167		0
CASZ1	ENSG00000130940	7934		0
CAT	ENSG00000121691	2291		0
CATIP	ENSG00000158428	1322		0
CATSPER1	ENSG00000175294	2581		0
CATSPER2	ENSG00000166762	1821	ENSG00000284772	85
CATSPER3	ENSG00000152705	1355		0
CATSPER4	ENSG00000188782	1867		0
CATSPERB	ENSG00000133962	3624		0
CATSPERD	ENSG00000174898	2517		0
CATSPERG	ENSG00000099338	3691		0
CAV1	ENSG00000105974	2453		0
CAV2	ENSG00000105971	2953		0
CAV3	ENSG00000182533	1422		0
CBARP	ENSG00000099625	3281		0
CBFA2T2	ENSG00000078699	2855		0
CBFA2T3	ENSG00000129993	4477		0
CBFB	ENSG00000067955	3103		0
CBL	ENSG00000110395	11168		0
CBLB	ENSG00000114423	6749		0
CBLC	ENSG00000142273	1558		0
CBLL1	ENSG00000105879	3987		0
CBLN1	ENSG00000102924	2435		0
CBLN2	ENSG00000141668	2381		0
CBLN3	ENSG00000139899	2333		0
CBLN4	ENSG00000054803	3025		0
CBR1	ENSG00000159228	1208	ENSG00000289001	381
CBR3	ENSG00000159231	998		0
CBR4	ENSG00000145439	3440		0
CBS	ENSG00000160200	2453		0
CBWD1	ENSG00000172785	1705		0
CBWD2	ENSG00000136682	1812		0
CBWD3	ENSG00000196873	1663		0
CBX1	ENSG00000108468	1971		0
CBX2	ENSG00000173894	4628		0
CBX3	ENSG00000122565	1728		0
CBX4	ENSG00000141582	2664		0
CBX5	ENSG00000094916	11526	ENSG00000283803	80
CBX6	ENSG00000183741	6025		0
CBX7	ENSG00000100307	4081		0
CBX8	ENSG00000141570	3752		0
CBY1	ENSG00000100211	1130		0
CBY3	ENSG00000204659	786		0
CC2D1A	ENSG00000132024	3581		0
CC2D1B	ENSG00000154222	5326		0
CC2D2A	ENSG00000048342	5184		0
CC2D2B	ENSG00000188649	1721		0
CCAR1	ENSG00000060339	4658		0
CCAR2	ENSG00000158941	3685		0
CCBE1	ENSG00000183287	6228		0
CCBL1	ENSG00000171097	1801	ENSG00000286112	1667
CCBL2	ENSG00000137944	1779	ENSG00000213516	145
CCDC102A	ENSG00000135736	2432		0
CCDC102B	ENSG00000150636	2609		0
CCDC103	ENSG00000167131	904		0
CCDC105	ENSG00000160994	1733		0
CCDC106	ENSG00000173581	1370		0
CCDC107	ENSG00000159884	1243		0
CCDC108	ENSG00000181378	5946		0
CCDC109B	ENSG00000005059	2230		0
CCDC110	ENSG00000168491	2872		0
CCDC112	ENSG00000164221	1995		0
CCDC113	ENSG00000103021	5272		0
CCDC114	ENSG00000105479	2568		0
CCDC115	ENSG00000136710	1462		0
CCDC116	ENSG00000161180	2229		0
CCDC117	ENSG00000159873	3964		0
CCDC12	ENSG00000160799	841		0
CCDC120	ENSG00000147144	2059		0
CCDC121	ENSG00000176714	2343		0
CCDC122	ENSG00000151773	2009		0
CCDC124	ENSG00000007080	939		0
CCDC125	ENSG00000183323	4198		0
CCDC126	ENSG00000169193	2470		0
CCDC127	ENSG00000164366	9281		0
CCDC129	ENSG00000180347	3251		0
CCDC13	ENSG00000244607	2944	ENSG00000280571	2866
CCDC130	ENSG00000104957	1613		0
CCDC134	ENSG00000100147	1270		0
CCDC136	ENSG00000128596	4170		0
CCDC137	ENSG00000185298	2095		0
CCDC138	ENSG00000163006	2375		0
CCDC14	ENSG00000175455	3978		0
CCDC140	ENSG00000163081	1699		0
CCDC141	ENSG00000163492	9127	ENSG00000238542	79
CCDC142	ENSG00000135637	2836		0
CCDC144A	ENSG00000170160	5721	ENSG00000266302	5004
CCDC144NL	ENSG00000291074	2806	ENSG00000205212	415
CCDC146	ENSG00000135205	3334	ENSG00000259628	167
CCDC148	ENSG00000153237	3123		0
CCDC149	ENSG00000181982	1921		0
CCDC15	ENSG00000149548	3812		0
CCDC150	ENSG00000144395	3597		0
CCDC151	ENSG00000198003	2106		0
CCDC152	ENSG00000198865	3414		0
CCDC153	ENSG00000248712	679		0
CCDC154	ENSG00000197599	2186		0
CCDC155	ENSG00000161609	2343		0
CCDC157	ENSG00000187860	2634		0
CCDC158	ENSG00000163749	3543		0
CCDC159	ENSG00000183401	1049		0
CCDC160	ENSG00000203952	1164		0
CCDC163P	ENSG00000280670	954		0
CCDC166	ENSG00000255181	1320		0
CCDC167	ENSG00000198937	572		0
CCDC168	ENSG00000175820	21467		0
CCDC169	ENSG00000242715	575	ENSG00000250709	488
CCDC169-SOHLH2	ENSG00000250709	2051	ENSG00000120669	1471
CCDC17	ENSG00000159588	2179		0
CCDC170	ENSG00000120262	5294		0
CCDC171	ENSG00000164989	6511		0
CCDC172	ENSG00000182645	1679		0
CCDC173	ENSG00000154479	2153		0
CCDC174	ENSG00000154781	2939		0
CCDC175	ENSG00000151838	2591	ENSG00000258782	590
CCDC177	ENSG00000267909	4132		0
CCDC178	ENSG00000166960	3088		0
CCDC179	ENSG00000255359	792		0
CCDC18	ENSG00000122483	4368		0
CCDC180	ENSG00000197816	5242	ENSG00000255036	4551
CCDC181	ENSG00000117477	1914		0
CCDC182	ENSG00000166329	805		0
CCDC183	ENSG00000213213	1672	ENSG00000273066	1196
CCDC184	ENSG00000177875	2283		0
CCDC185	ENSG00000178395	2050		0
CCDC186	ENSG00000165813	7228	ENSG00000284442	75
CCDC188	ENSG00000234409	1466		0
CCDC189	ENSG00000196118	1320		0
CCDC190	ENSG00000185860	1387		0
CCDC191	ENSG00000163617	3889		0
CCDC22	ENSG00000101997	2310		0
CCDC24	ENSG00000159214	1464		0
CCDC25	ENSG00000147419	3621		0
CCDC27	ENSG00000162592	2124		0
CCDC28A	ENSG00000024862	1240		0
CCDC28B	ENSG00000160050	880		0
CCDC3	ENSG00000151468	2731		0
CCDC30	ENSG00000186409	2955		0
CCDC33	ENSG00000140481	2750		0
CCDC34	ENSG00000109881	627		0
CCDC36	ENSG00000173421	2241		0
CCDC38	ENSG00000165972	1918		0
CCDC39	ENSG00000284862	3269	ENSG00000145075	256
CCDC40	ENSG00000141519	4288		0
CCDC42	ENSG00000161973	1373		0
CCDC43	ENSG00000180329	2083		0
CCDC47	ENSG00000108588	3283	ENSG00000125695	158
CCDC50	ENSG00000152492	2145		0
CCDC51	ENSG00000164051	1557		0
CCDC53	ENSG00000120860	784		0
CCDC54	ENSG00000138483	1197		0
CCDC57	ENSG00000176155	2997		0
CCDC58	ENSG00000160124	720		0
CCDC59	ENSG00000133773	1583		0
CCDC6	ENSG00000108091	5712		0
CCDC60	ENSG00000183273	2426		0
CCDC61	ENSG00000104983	1817		0
CCDC62	ENSG00000130783	3301		0
CCDC63	ENSG00000173093	1966		0
CCDC64	ENSG00000135127	3056		0
CCDC64B	ENSG00000162069	1985		0
CCDC65	ENSG00000139537	1776		0
CCDC66	ENSG00000180376	3028		0
CCDC67	ENSG00000165325	2639		0
CCDC68	ENSG00000166510	4085		0
CCDC69	ENSG00000198624	3398		0
CCDC7	ENSG00000216937	1763		0
CCDC70	ENSG00000123171	1151		0
CCDC71	ENSG00000177352	1781		0
CCDC71L	ENSG00000253276	4233		0
CCDC73	ENSG00000186714	3374		0
CCDC74A	ENSG00000163040	1290		0
CCDC74B	ENSG00000152076	1329		0
CCDC77	ENSG00000120647	2300		0
CCDC78	ENSG00000162004	1581		0
CCDC79	ENSG00000249961	2232		0
CCDC8	ENSG00000169515	3194		0
CCDC80	ENSG00000091986	12301		0
CCDC81	ENSG00000149201	2529		0
CCDC82	ENSG00000149231	2646		0
CCDC83	ENSG00000150676	1975		0
CCDC84	ENSG00000186166	1203		0
CCDC85A	ENSG00000055813	3982	ENSG00000271894	1983
CCDC85B	ENSG00000175602	963		0
CCDC85C	ENSG00000205476	16383		0
CCDC86	ENSG00000110104	1851		0
CCDC87	ENSG00000182791	2888		0
CCDC88A	ENSG00000115355	9667		0
CCDC88B	ENSG00000168071	4916		0
CCDC88C	ENSG00000015133	7475		0
CCDC89	ENSG00000179071	1331		0
CCDC9	ENSG00000105321	2027		0
CCDC90B	ENSG00000137500	3975		0
CCDC91	ENSG00000123106	2519		0
CCDC92	ENSG00000119242	1697		0
CCDC93	ENSG00000125633	6833		0
CCDC94	ENSG00000105248	1431		0
CCDC96	ENSG00000173013	2091		0
CCDC97	ENSG00000142039	3313		0
CCER1	ENSG00000197651	2962		0
CCER2	ENSG00000262484	1057		0
CCHCR1	ENSG00000204536	2553		0
CCIN	ENSG00000185972	1942		0
CCK	ENSG00000187094	829		0
CCKAR	ENSG00000163394	1721		0
CCKBR	ENSG00000110148	2019		0
CCL1	ENSG00000108702	592		0
CCL11	ENSG00000172156	1005		0
CCL13	ENSG00000181374	823		0
CCL14	ENSG00000276409	870	ENSG00000275688	482
CCL15-CCL14	ENSG00000275688	999	ENSG00000276409	483
CCL16	ENSG00000275152	1506		0
CCL17	ENSG00000102970	615		0
CCL18	ENSG00000275385	1325		0
CCL19	ENSG00000172724	683		0
CCL2	ENSG00000108691	741		0
CCL20	ENSG00000115009	801		0
CCL21	ENSG00000137077	852		0
CCL22	ENSG00000102962	2917		0
CCL23	ENSG00000274736	624		0
CCL24	ENSG00000106178	583		0
CCL25	ENSG00000131142	924		0
CCL26	ENSG00000006606	475		0
CCL27	ENSG00000261215	440	ENSG00000213927	412
CCL28	ENSG00000151882	3126		0
CCL3	ENSG00000277632	778		0
CCL3L3	ENSG00000276085	784		0
CCL4	ENSG00000275302	660		0
CCL5	ENSG00000271503	1217		0
CCL7	ENSG00000108688	810		0
CCL8	ENSG00000108700	862		0
CCM2	ENSG00000136280	1864		0
CCM2L	ENSG00000101331	2524		0
CCNA1	ENSG00000133101	1494		0
CCNA2	ENSG00000145386	2748		0
CCNB1	ENSG00000134057	2029		0
CCNB1IP1	ENSG00000100814	1444		0
CCNB2	ENSG00000157456	1488		0
CCNB3	ENSG00000147082	4693		0
CCNC	ENSG00000112237	2153		0
CCND1	ENSG00000110092	4238		0
CCND2	ENSG00000118971	6481	ENSG00000285901	990
CCND3	ENSG00000112576	2026		0
CCNDBP1	ENSG00000166946	3514		0
CCNE1	ENSG00000105173	1950		0
CCNE2	ENSG00000175305	2649		0
CCNF	ENSG00000162063	4230	ENSG00000283180	1
CCNG1	ENSG00000113328	2343		0
CCNG2	ENSG00000138764	5470		0
CCNH	ENSG00000134480	1280		0
CCNI	ENSG00000118816	2757		0
CCNI2	ENSG00000205089	2356		0
CCNJ	ENSG00000107443	2677		0
CCNJL	ENSG00000135083	3141		0
CCNK	ENSG00000090061	3524		0
CCNL1	ENSG00000163660	2322		0
CCNL2	ENSG00000221978	2306		0
CCNO	ENSG00000152669	1361		0
CCNT1	ENSG00000129315	6783		0
CCNT2	ENSG00000082258	6918		0
CCNY	ENSG00000108100	3961		0
CCNYL1	ENSG00000163249	2620	ENSG00000284079	75
CCP110	ENSG00000103540	5275		0
CCPG1	ENSG00000260916	3543	ENSG00000261771	3404
CCR1	ENSG00000163823	2646		0
CCR10	ENSG00000184451	1773		0
CCR2	ENSG00000121807	2305		0
CCR3	ENSG00000183625	1468		0
CCR4	ENSG00000183813	3025		0
CCR5	ENSG00000160791	3358		0
CCR6	ENSG00000112486	3008	ENSG00000272980	2787
CCR7	ENSG00000126353	2173		0
CCR8	ENSG00000179934	1250		0
CCR9	ENSG00000173585	2527		0
CCRL2	ENSG00000121797	1700		0
CCS	ENSG00000173992	1066		0
CCSAP	ENSG00000154429	5111		0
CCSER1	ENSG00000184305	5848		0
CCSER2	ENSG00000107771	7580		0
CCT2	ENSG00000166226	1916		0
CCT3	ENSG00000163468	1977		0
CCT4	ENSG00000115484	2373		0
CCT5	ENSG00000150753	3293		0
CCT6A	ENSG00000146731	2584		0
CCT6B	ENSG00000132141	1790		0
CCT7	ENSG00000135624	1846		0
CCT8	ENSG00000156261	1854		0
CCT8L2	ENSG00000198445	2060		0
CCZ1	ENSG00000122674	1803		0
CCZ1B	ENSG00000146574	1814		0
CD101	ENSG00000134256	3157		0
CD109	ENSG00000156535	9031		0
CD14	ENSG00000170458	1356		0
CD151	ENSG00000177697	1539		0
CD163	ENSG00000177575	4070		0
CD163L1	ENSG00000177675	4583		0
CD164	ENSG00000135535	2994		0
CD180	ENSG00000134061	5388		0
CD19	ENSG00000177455	1918		0
CD1A	ENSG00000158477	1809		0
CD1B	ENSG00000158485	1391		0
CD1C	ENSG00000158481	1298		0
CD1D	ENSG00000158473	1961		0
CD1E	ENSG00000158488	1314		0
CD2	ENSG00000116824	1564		0
CD200	ENSG00000091972	2129		0
CD200R1	ENSG00000163606	2281		0
CD200R1L	ENSG00000206531	1294		0
CD207	ENSG00000116031	1864		0
CD209	ENSG00000090659	4284	ENSG00000288669	476
CD22	ENSG00000012124	3268	ENSG00000284034	27
CD226	ENSG00000150637	12078		0
CD244	ENSG00000122223	2463		0
CD247	ENSG00000198821	1600		0
CD248	ENSG00000174807	2551		0
CD27	ENSG00000139193	1245		0
CD274	ENSG00000120217	3627		0
CD276	ENSG00000103855	3295		0
CD28	ENSG00000178562	4721		0
CD2AP	ENSG00000198087	5412		0
CD2BP2	ENSG00000169217	3361		0
CD300A	ENSG00000167851	1638		0
CD300C	ENSG00000167850	1490		0
CD300E	ENSG00000186407	3502		0
CD300LB	ENSG00000178789	2286		0
CD300LD	ENSG00000204345	1303		0
CD300LF	ENSG00000186074	1709		0
CD300LG	ENSG00000161649	2758		0
CD302	ENSG00000241399	3708	ENSG00000248672	632
CD320	ENSG00000167775	1250	ENSG00000167774	73
CD33	ENSG00000105383	1445		0
CD34	ENSG00000174059	7969		0
CD36	ENSG00000135218	1602		0
CD37	ENSG00000104894	1259		0
CD38	ENSG00000004468	5618		0
CD3D	ENSG00000167286	701		0
CD3E	ENSG00000198851	1361		0
CD3EAP	ENSG00000117877	2822		0
CD3G	ENSG00000160654	2679		0
CD4	ENSG00000010610	3049		0
CD40	ENSG00000101017	1682		0
CD40LG	ENSG00000102245	1818		0
CD44	ENSG00000026508	3047		0
CD46	ENSG00000117335	3225		0
CD47	ENSG00000196776	5021		0
CD48	ENSG00000117091	1097		0
CD5	ENSG00000110448	3127		0
CD52	ENSG00000169442	467		0
CD53	ENSG00000143119	1500		0
CD55	ENSG00000196352	2590		0
CD58	ENSG00000116815	1086		0
CD59	ENSG00000085063	1874	ENSG00000284969	318
CD5L	ENSG00000073754	2192		0
CD6	ENSG00000013725	3252		0
CD63	ENSG00000135404	847		0
CD68	ENSG00000264772	1791	ENSG00000129226	1705
CD69	ENSG00000110848	1676		0
CD7	ENSG00000173762	1278		0
CD70	ENSG00000125726	911		0
CD72	ENSG00000137101	1531		0
CD74	ENSG00000019582	982		0
CD79A	ENSG00000105369	1099		0
CD79B	ENSG00000007312	1246	ENSG00000285947	288
CD80	ENSG00000121594	2725		0
CD81	ENSG00000110651	1482		0
CD82	ENSG00000085117	2212		0
CD83	ENSG00000112149	2328		0
CD84	ENSG00000066294	8181		0
CD86	ENSG00000114013	2709		0
CD8A	ENSG00000153563	2106		0
CD8B	ENSG00000172116	641		0
CD9	ENSG00000010278	1199		0
CD93	ENSG00000125810	6681		0
CD96	ENSG00000153283	4197		0
CD99	ENSG00000002586	1129		0
CD99L2	ENSG00000102181	989		0
CDA	ENSG00000158825	809		0
CDADC1	ENSG00000102543	3386		0
CDAN1	ENSG00000140326	4638		0
CDC123	ENSG00000151465	1320		0
CDC14A	ENSG00000079335	2204		0
CDC14B	ENSG00000081377	5589		0
CDC16	ENSG00000130177	2202		0
CDC20	ENSG00000117399	1649		0
CDC20B	ENSG00000164287	2948		0
CDC23	ENSG00000094880	3133		0
CDC25A	ENSG00000164045	3783		0
CDC25B	ENSG00000101224	3119		0
CDC25C	ENSG00000158402	2093		0
CDC26	ENSG00000176386	856		0
CDC27	ENSG00000004897	5801		0
CDC34	ENSG00000099804	1418		0
CDC37	ENSG00000105401	1609	ENSG00000284268	76
CDC37L1	ENSG00000106993	3499		0
CDC40	ENSG00000168438	3850		0
CDC42	ENSG00000070831	2066	ENSG00000289694	669
CDC42BPA	ENSG00000143776	10855		0
CDC42BPB	ENSG00000198752	6757		0
CDC42BPG	ENSG00000171219	5743		0
CDC42EP1	ENSG00000128283	2148		0
CDC42EP2	ENSG00000149798	1963	ENSG00000285816	1886
CDC42EP3	ENSG00000163171	4879		0
CDC42EP4	ENSG00000179604	3098		0
CDC42EP5	ENSG00000167617	864		0
CDC42SE1	ENSG00000197622	3006		0
CDC42SE2	ENSG00000158985	3427		0
CDC45	ENSG00000093009	1879		0
CDC5L	ENSG00000096401	6241		0
CDC6	ENSG00000094804	4564		0
CDC7	ENSG00000097046	3174		0
CDC73	ENSG00000134371	4955		0
CDCA2	ENSG00000184661	3486		0
CDCA3	ENSG00000111665	1144		0
CDCA4	ENSG00000170779	2448		0
CDCA5	ENSG00000146670	2475		0
CDCA7	ENSG00000144354	2448		0
CDCA7L	ENSG00000164649	2882		0
CDCA8	ENSG00000134690	2371		0
CDCP1	ENSG00000163814	5963		0
CDCP2	ENSG00000256407	1287	ENSG00000157211	1195
CDH1	ENSG00000039068	4811		0
CDH10	ENSG00000040731	3438		0
CDH11	ENSG00000140937	6722	ENSG00000278893	255
CDH12	ENSG00000154162	4160		0
CDH13	ENSG00000140945	2612		0
CDH15	ENSG00000129910	2848		0
CDH16	ENSG00000166589	2855		0
CDH17	ENSG00000079112	3662		0
CDH18	ENSG00000145526	3058		0
CDH19	ENSG00000071991	6297		0
CDH2	ENSG00000170558	4016		0
CDH20	ENSG00000101542	3883		0
CDH22	ENSG00000149654	3653		0
CDH23	ENSG00000107736	11125		0
CDH24	ENSG00000139880	3415		0
CDH26	ENSG00000124215	3183		0
CDH3	ENSG00000062038	4452		0
CDH5	ENSG00000179776	4057		0
CDH6	ENSG00000113361	8477		0
CDH7	ENSG00000081138	2599		0
CDH8	ENSG00000150394	9316		0
CDH9	ENSG00000113100	3080		0
CDHR1	ENSG00000148600	6780		0
CDHR2	ENSG00000074276	4100		0
CDHR3	ENSG00000128536	3788		0
CDHR4	ENSG00000187492	2476		0
CDHR5	ENSG00000099834	3359		0
CDIP1	ENSG00000089486	2629		0
CDIPT	ENSG00000103502	1843		0
CDK1	ENSG00000170312	1889		0
CDK10	ENSG00000185324	1767		0
CDK11A	ENSG00000008128	2450	ENSG00000268575	2130
CDK12	ENSG00000167258	7735		0
CDK13	ENSG00000065883	7079		0
CDK14	ENSG00000058091	4996		0
CDK15	ENSG00000138395	1472		0
CDK16	ENSG00000102225	3145		0
CDK17	ENSG00000059758	4036		0
CDK18	ENSG00000117266	1982		0
CDK19	ENSG00000155111	6246		0
CDK2	ENSG00000123374	2235		0
CDK20	ENSG00000156345	1957		0
CDK2AP1	ENSG00000111328	1342		0
CDK2AP2	ENSG00000167797	909		0
CDK3	ENSG00000250506	1507	ENSG00000261408	1494
CDK4	ENSG00000135446	1865		0
CDK5	ENSG00000164885	1122		0
CDK5R1	ENSG00000176749	3948		0
CDK5R2	ENSG00000171450	2490		0
CDK5RAP1	ENSG00000101391	2080		0
CDK5RAP2	ENSG00000136861	6223		0
CDK5RAP3	ENSG00000108465	1794	ENSG00000263798	1749
CDK6	ENSG00000105810	11567		0
CDK7	ENSG00000134058	1426		0
CDK8	ENSG00000132964	3056		0
CDK9	ENSG00000136807	2464		0
CDKAL1	ENSG00000145996	3272		0
CDKL1	ENSG00000100490	1776		0
CDKL2	ENSG00000138769	3196		0
CDKL3	ENSG00000006837	2125	ENSG00000273345	211
CDKL4	ENSG00000205111	927		0
CDKL5	ENSG00000008086	12534		0
CDKN1A	ENSG00000124762	2032		0
CDKN1B	ENSG00000111276	2411		0
CDKN1C	ENSG00000129757	1773		0
CDKN2A	ENSG00000147889	978		0
CDKN2AIP	ENSG00000168564	2676		0
CDKN2AIPNL	ENSG00000237190	1207		0
CDKN2B	ENSG00000147883	3853		0
CDKN2C	ENSG00000123080	882		0
CDKN2D	ENSG00000129355	1423		0
CDKN3	ENSG00000100526	841		0
CDO1	ENSG00000129596	1565		0
CDON	ENSG00000064309	4120		0
CDPF1	ENSG00000205643	1489		0
CDR1	ENSG00000288642	789		0
CDR2	ENSG00000140743	2702		0
CDR2L	ENSG00000109089	3536		0
CDRT15	ENSG00000223510	766		0
CDRT15L2	ENSG00000214819	1048		0
CDS1	ENSG00000163624	4309		0
CDS2	ENSG00000101290	9076		0
CDSN	ENSG00000204539	2553		0
CDT1	ENSG00000167513	2664		0
CDV3	ENSG00000091527	3308		0
CDX1	ENSG00000113722	1759		0
CDX2	ENSG00000165556	2230		0
CDX4	ENSG00000131264	1442		0
CDY1	ENSG00000172288	1874		0
CDY1B	ENSG00000172352	2227		0
CDY2A	ENSG00000182415	1954		0
CDY2B	ENSG00000129873	1955		0
CDYL	ENSG00000153046	2185		0
CDYL2	ENSG00000166446	8158		0
CEACAM1	ENSG00000079385	3491		0
CEACAM16	ENSG00000213892	1692		0
CEACAM18	ENSG00000213822	1477		0
CEACAM19	ENSG00000186567	1976		0
CEACAM21	ENSG00000007129	1009		0
CEACAM4	ENSG00000105352	1161		0
CEACAM5	ENSG00000105388	2866	ENSG00000267881	139
CEACAM7	ENSG00000007306	2373		0
CEACAM8	ENSG00000124469	2297		0
CEBPA	ENSG00000245848	2601		0
CEBPB	ENSG00000172216	1839		0
CEBPD	ENSG00000221869	1252		0
CEBPE	ENSG00000092067	1191		0
CEBPG	ENSG00000153879	3730		0
CEBPZ	ENSG00000115816	3346		0
CEBPZOS	ENSG00000218739	3150		0
CECR1	ENSG00000093072	4355		0
CECR2	ENSG00000099954	4759		0
CECR5	ENSG00000069998	1647		0
CECR6	ENSG00000183307	4955		0
CEL	ENSG00000170835	2381		0
CELA1	ENSG00000139610	953		0
CELA2A	ENSG00000142615	916		0
CELA2B	ENSG00000215704	915		0
CELA3A	ENSG00000142789	886	ENSG00000285959	529
CELA3B	ENSG00000219073	896	ENSG00000285959	434
CELF1	ENSG00000149187	2110		0
CELF2	ENSG00000048740	3738		0
CELF3	ENSG00000159409	3236		0
CELF4	ENSG00000101489	3814		0
CELF5	ENSG00000161082	1855		0
CELF6	ENSG00000140488	3345	ENSG00000260729	3184
CELSR1	ENSG00000075275	11049		0
CELSR2	ENSG00000143126	10535		0
CELSR3	ENSG00000008300	11928	ENSG00000284575	66
CEMIP	ENSG00000103888	7194		0
CEMP1	ENSG00000205923	1374		0
CEND1	ENSG00000184524	1605		0
CENPA	ENSG00000115163	1389		0
CENPB	ENSG00000125817	2840		0
CENPBD1	ENSG00000293473	2744	ENSG00000177946	1940
CENPC	ENSG00000145241	6823		0
CENPE	ENSG00000138778	8541		0
CENPF	ENSG00000117724	10290		0
CENPH	ENSG00000153044	1354		0
CENPI	ENSG00000102384	2998		0
CENPJ	ENSG00000151849	4329		0
CENPK	ENSG00000123219	1698		0
CENPL	ENSG00000120334	1735		0
CENPM	ENSG00000100162	938		0
CENPN	ENSG00000166451	1765		0
CENPO	ENSG00000138092	4106		0
CENPP	ENSG00000188312	8293		0
CENPQ	ENSG00000031691	1734		0
CENPT	ENSG00000102901	2345		0
CENPU	ENSG00000151725	1962		0
CENPV	ENSG00000166582	1132		0
CENPVP1	ENSG00000223591	1620		0
CENPVP3	ENSG00000224109	859		0
CENPW	ENSG00000203760	751		0
CEP104	ENSG00000116198	6419		0
CEP112	ENSG00000154240	3393	ENSG00000266076	199
CEP120	ENSG00000168944	4893		0
CEP126	ENSG00000110318	7040		0
CEP128	ENSG00000100629	4456		0
CEP131	ENSG00000141577	3502		0
CEP135	ENSG00000174799	5561		0
CEP152	ENSG00000103995	5098		0
CEP162	ENSG00000135315	5147		0
CEP164	ENSG00000110274	5629		0
CEP170	ENSG00000143702	6828		0
CEP170B	ENSG00000099814	6683		0
CEP19	ENSG00000174007	2158		0
CEP192	ENSG00000101639	7960		0
CEP290	ENSG00000198707	7821		0
CEP295	ENSG00000166004	8014		0
CEP350	ENSG00000135837	13414		0
CEP41	ENSG00000106477	6292		0
CEP44	ENSG00000164118	4298		0
CEP55	ENSG00000138180	2639		0
CEP57	ENSG00000166037	3141		0
CEP57L1	ENSG00000183137	1630		0
CEP63	ENSG00000182923	2501		0
CEP68	ENSG00000011523	5803		0
CEP70	ENSG00000114107	2636		0
CEP72	ENSG00000112877	2366		0
CEP76	ENSG00000101624	2889		0
CEP78	ENSG00000148019	2252		0
CEP83	ENSG00000173588	3686		0
CEP85	ENSG00000130695	3933		0
CEP85L	ENSG00000111860	1759		0
CEP89	ENSG00000121289	5673		0
CEP95	ENSG00000258890	2750		0
CEP97	ENSG00000182504	7672		0
CEPT1	ENSG00000134255	2116		0
CER1	ENSG00000147869	1215		0
CERCAM	ENSG00000167123	2308		0
CERK	ENSG00000100422	4442		0
CERKL	ENSG00000188452	1600		0
CERS1	ENSG00000130283	2559	ENSG00000223802	2559
CERS2	ENSG00000143418	2323		0
CERS3	ENSG00000154227	3699		0
CERS4	ENSG00000090661	1780		0
CERS5	ENSG00000139624	1999		0
CERS6	ENSG00000172292	6804		0
CES1	ENSG00000198848	1945		0
CES2	ENSG00000172831	2871	ENSG00000265408	147
CES3	ENSG00000172828	3805	ENSG00000265408	78
CES4A	ENSG00000172824	2284		0
CES5A	ENSG00000159398	2085		0
CETN1	ENSG00000177143	1735		0
CETN2	ENSG00000147400	1413		0
CETN3	ENSG00000153140	2403		0
CETP	ENSG00000087237	1691		0
CFAP100	ENSG00000163885	2087		0
CFAP126	ENSG00000188931	772		0
CFAP157	ENSG00000160401	1722		0
CFAP161	ENSG00000156206	1608		0
CFAP20	ENSG00000070761	1281		0
CFAP206	ENSG00000272514	2197	ENSG00000213204	2012
CFAP221	ENSG00000163075	2802		0
CFAP36	ENSG00000163001	1184		0
CFAP43	ENSG00000197748	5365		0
CFAP44	ENSG00000285943	3015	ENSG00000206530	2980
CFAP45	ENSG00000213085	1842	ENSG00000256029	71
CFAP46	ENSG00000171811	8263		0
CFAP47	ENSG00000165164	2910		0
CFAP52	ENSG00000166596	2166		0
CFAP53	ENSG00000172361	1824		0
CFAP54	ENSG00000188596	9767		0
CFAP57	ENSG00000243710	4060		0
CFAP58	ENSG00000120051	3244		0
CFAP61	ENSG00000089101	4079		0
CFAP69	ENSG00000105792	3902		0
CFAP70	ENSG00000156042	3696		0
CFAP73	ENSG00000186710	1515		0
CFAP74	ENSG00000142609	5190		0
CFAP77	ENSG00000188523	1711		0
CFAP97	ENSG00000164323	4851		0
CFAP99	ENSG00000206113	2095		0
CFB	ENSG00000243649	2476	ENSG00000244255	2249
CFC1	ENSG00000136698	1047		0
CFC1B	ENSG00000152093	1046		0
CFD	ENSG00000197766	1180		0
CFDP1	ENSG00000153774	1275	ENSG00000261717	189
CFH	ENSG00000000971	3962	ENSG00000289697	3821
CFHR1	ENSG00000244414	1272		0
CFHR2	ENSG00000080910	1060		0
CFHR3	ENSG00000116785	1600	ENSG00000289697	1495
CFHR4	ENSG00000134365	2061		0
CFHR5	ENSG00000134389	2810		0
CFI	ENSG00000205403	1978	ENSG00000285330	1562
CFL1	ENSG00000172757	1244		0
CFL2	ENSG00000165410	4306		0
CFLAR	ENSG00000003402	14612	ENSG00000234431	445
CFP	ENSG00000126759	1558	ENSG00000283743	1245
CFTR	ENSG00000001626	6070		0
CGA	ENSG00000135346	710		0
CGB	ENSG00000104827	877	ENSG00000267335	416
CGB1	ENSG00000267631	574	ENSG00000267335	115
CGB2	ENSG00000104818	628		0
CGB5	ENSG00000189052	842		0
CGB7	ENSG00000196337	919		0
CGB8	ENSG00000213030	882		0
CGGBP1	ENSG00000163320	4446	ENSG00000288654	78
CGN	ENSG00000143375	5092		0
CGNL1	ENSG00000128849	7214		0
CGREF1	ENSG00000138028	1906		0
CGRRF1	ENSG00000100532	1962		0
CH17-140K24.5	ENSG00000279068	502	ENSG00000177839	258
CH17-140K24.8	ENSG00000279983	548	ENSG00000113248	380
CH17-212P11.6	ENSG00000253703	338		0
CH25H	ENSG00000138135	1686		0
CHAC1	ENSG00000128965	1520		0
CHAC2	ENSG00000143942	1309		0
CHAD	ENSG00000136457	1704		0
CHADL	ENSG00000100399	2530		0
CHAF1A	ENSG00000167670	3340		0
CHAF1B	ENSG00000159259	4466		0
CHAMP1	ENSG00000198824	3790		0
CHAT	ENSG00000070748	2458		0
CHCHD1	ENSG00000172586	836		0
CHCHD10	ENSG00000250479	670		0
CHCHD2	ENSG00000106153	797		0
CHCHD3	ENSG00000106554	1596		0
CHCHD4	ENSG00000163528	1406		0
CHCHD5	ENSG00000125611	523	ENSG00000243389	1
CHCHD6	ENSG00000159685	986		0
CHCHD7	ENSG00000170791	1501		0
CHD1	ENSG00000153922	8095		0
CHD1L	ENSG00000131778	2967	ENSG00000237188	2621
CHD3	ENSG00000170004	7073		0
CHD4	ENSG00000111642	6491	ENSG00000285238	5846
CHD5	ENSG00000116254	9647	ENSG00000285629	214
CHD6	ENSG00000124177	10702		0
CHD7	ENSG00000171316	11569		0
CHD8	ENSG00000100888	7366		0
CHD9	ENSG00000177200	11458	ENSG00000280227	127
CHDH	ENSG00000016391	7665		0
CHEK1	ENSG00000149554	4126		0
CHEK2	ENSG00000183765	1786		0
CHERP	ENSG00000085872	4075	ENSG00000141979	186
CHFR	ENSG00000072609	2610		0
CHGA	ENSG00000100604	1985		0
CHGB	ENSG00000089199	2462		0
CHI3L1	ENSG00000133048	1747		0
CHI3L2	ENSG00000064886	1415		0
CHIA	ENSG00000134216	1626		0
CHIC1	ENSG00000204116	4159		0
CHIC2	ENSG00000109220	1109		0
CHID1	ENSG00000177830	3224		0
CHIT1	ENSG00000133063	2246		0
CHKA	ENSG00000110721	2530		0
CHKB	ENSG00000100288	1474	ENSG00000254413	328
CHKB-CPT1B	ENSG00000254413	2816	ENSG00000205560	2378
CHL1	ENSG00000134121	7856		0
CHM	ENSG00000188419	5438		0
CHML	ENSG00000203668	7079		0
CHMP1A	ENSG00000131165	2342		0
CHMP1B	ENSG00000255112	3032		0
CHMP2A	ENSG00000130724	776		0
CHMP2B	ENSG00000083937	2533		0
CHMP3	ENSG00000115561	3138	ENSG00000249884	760
CHMP4A	ENSG00000254505	736	ENSG00000260669	736
CHMP4B	ENSG00000101421	1602		0
CHMP4C	ENSG00000164695	1852		0
CHMP5	ENSG00000086065	1370		0
CHMP6	ENSG00000176108	1664		0
CHMP7	ENSG00000147457	3403		0
CHN1	ENSG00000128656	2448		0
CHN2	ENSG00000106069	3167		0
CHODL	ENSG00000154645	2545		0
CHORDC1	ENSG00000110172	2340		0
CHP1	ENSG00000187446	3201		0
CHP2	ENSG00000166869	1967		0
CHPF	ENSG00000123989	3006		0
CHPF2	ENSG00000033100	3974	ENSG00000284191	118
CHPT1	ENSG00000111666	1572		0
CHRAC1	ENSG00000104472	2464		0
CHRD	ENSG00000090539	3522		0
CHRDL1	ENSG00000101938	2414		0
CHRDL2	ENSG00000054938	1657		0
CHRFAM7A	ENSG00000166664	3411	ENSG00000263070	215
CHRM1	ENSG00000168539	2646		0
CHRM2	ENSG00000181072	5877		0
CHRM3	ENSG00000133019	8311		0
CHRM4	ENSG00000180720	1490		0
CHRM5	ENSG00000184984	5411		0
CHRNA1	ENSG00000138435	1984		0
CHRNA10	ENSG00000129749	1945		0
CHRNA2	ENSG00000120903	4033		0
CHRNA3	ENSG00000080644	3015		0
CHRNA4	ENSG00000101204	5577		0
CHRNA5	ENSG00000169684	3623		0
CHRNA6	ENSG00000147434	2400		0
CHRNA7	ENSG00000175344	5652		0
CHRNA9	ENSG00000174343	2272		0
CHRNB1	ENSG00000170175	2557	ENSG00000272884	267
CHRNB2	ENSG00000160716	5855		0
CHRNB3	ENSG00000147432	2295		0
CHRNB4	ENSG00000117971	2589		0
CHRND	ENSG00000135902	2113		0
CHRNE	ENSG00000108556	2456		0
CHRNG	ENSG00000196811	2263		0
CHST1	ENSG00000175264	2719		0
CHST10	ENSG00000115526	2842		0
CHST11	ENSG00000171310	5710		0
CHST12	ENSG00000136213	2080		0
CHST13	ENSG00000180767	1790		0
CHST14	ENSG00000169105	2162		0
CHST15	ENSG00000182022	4809		0
CHST2	ENSG00000175040	4142	ENSG00000241679	215
CHST3	ENSG00000122863	6934		0
CHST4	ENSG00000140835	2087		0
CHST5	ENSG00000135702	3246	ENSG00000260092	1964
CHST6	ENSG00000183196	7957		0
CHST7	ENSG00000147119	2290		0
CHST8	ENSG00000124302	2224		0
CHST9	ENSG00000154080	11379		0
CHSY1	ENSG00000131873	4546		0
CHSY3	ENSG00000198108	3851		0
CHTF18	ENSG00000127586	3091		0
CHTF8	ENSG00000168802	2903	ENSG00000286140	2785
CHTOP	ENSG00000160679	2079		0
CHUK	ENSG00000213341	3600		0
CHURC1	ENSG00000258289	2535	ENSG00000125954	249
CHURC1-FNTB	ENSG00000125954	1468	ENSG00000257365	1219
CIAO1	ENSG00000144021	1440		0
CIAPIN1	ENSG00000005194	2021		0
CIART	ENSG00000159208	1423		0
CIB1	ENSG00000185043	1141		0
CIB2	ENSG00000136425	1499		0
CIB3	ENSG00000141977	711		0
CIB4	ENSG00000157884	768		0
CIC	ENSG00000079432	5365		0
CIDEA	ENSG00000176194	786		0
CIDEB	ENSG00000136305	1225		0
CIDEC	ENSG00000187288	1275		0
CIITA	ENSG00000179583	11948		0
CILP	ENSG00000138615	5678		0
CILP2	ENSG00000160161	4199		0
CINP	ENSG00000100865	953		0
CIPC	ENSG00000198894	4325	ENSG00000259164	239
CIR1	ENSG00000138433	1918		0
CIRBP	ENSG00000099622	1255		0
CIRH1A	ENSG00000141076	2188		0
CISD1	ENSG00000122873	2375		0
CISD2	ENSG00000145354	2313		0
CISD3	ENSG00000277972	1968		0
CISH	ENSG00000114737	1987		0
CIT	ENSG00000122966	8578	ENSG00000283768	15
CITED1	ENSG00000125931	814	ENSG00000285547	559
CITED2	ENSG00000164442	2354		0
CITED4	ENSG00000179862	1310		0
CIZ1	ENSG00000148337	2968		0
CKAP2	ENSG00000136108	3336		0
CKAP2L	ENSG00000169607	4466		0
CKAP4	ENSG00000136026	3089		0
CKAP5	ENSG00000175216	7121		0
CKB	ENSG00000166165	1420		0
CKLF	ENSG00000217555	656	ENSG00000254788	274
CKLF-CMTM1	ENSG00000254788	519	ENSG00000089505	404
CKM	ENSG00000104879	1556		0
CKMT1A	ENSG00000223572	1562		0
CKMT1B	ENSG00000237289	1562		0
CKMT2	ENSG00000131730	1475		0
CKS1B	ENSG00000173207	760		0
CKS2	ENSG00000123975	614		0
CLASP1	ENSG00000074054	7853		0
CLASP2	ENSG00000163539	7112		0
CLASRP	ENSG00000104859	2229		0
CLC	ENSG00000105205	630		0
CLCA1	ENSG00000016490	3004		0
CLCA2	ENSG00000137975	3935		0
CLCA4	ENSG00000016602	3211		0
CLCC1	ENSG00000121940	4804		0
CLCF1	ENSG00000175505	1705	ENSG00000256514	61
CLCN1	ENSG00000188037	3173		0
CLCN2	ENSG00000114859	3244		0
CLCN3	ENSG00000109572	3507		0
CLCN4	ENSG00000073464	6751		0
CLCN5	ENSG00000171365	2475		0
CLCN6	ENSG00000011021	5570		0
CLCN7	ENSG00000103249	4168		0
CLCNKA	ENSG00000186510	2476		0
CLCNKB	ENSG00000184908	2562		0
CLDN1	ENSG00000163347	3446		0
CLDN10	ENSG00000134873	950		0
CLDN11	ENSG00000013297	2166	ENSG00000285218	590
CLDN12	ENSG00000157224	3490	ENSG00000273299	206
CLDN14	ENSG00000159261	1156	ENSG00000286517	36
CLDN15	ENSG00000106404	1224		0
CLDN16	ENSG00000113946	2977		0
CLDN17	ENSG00000156282	1192		0
CLDN18	ENSG00000066405	3355		0
CLDN19	ENSG00000164007	844		0
CLDN2	ENSG00000165376	2809		0
CLDN20	ENSG00000171217	1209		0
CLDN22	ENSG00000177300	2084		0
CLDN23	ENSG00000253958	2160		0
CLDN24	ENSG00000185758	663		0
CLDN25	ENSG00000228607	690		0
CLDN3	ENSG00000165215	1274		0
CLDN34	ENSG00000234469	995		0
CLDN4	ENSG00000189143	1689		0
CLDN5	ENSG00000184113	1374		0
CLDN6	ENSG00000184697	1366		0
CLDN7	ENSG00000181885	1542	ENSG00000262302	269
CLDN8	ENSG00000156284	2068		0
CLDN9	ENSG00000213937	1583		0
CLDND1	ENSG00000080822	2010	ENSG00000285635	310
CLDND2	ENSG00000160318	974	ENSG00000269403	141
CLEC10A	ENSG00000132514	1402		0
CLEC11A	ENSG00000105472	1375		0
CLEC12A	ENSG00000172322	1388		0
CLEC12B	ENSG00000256660	1098		0
CLEC14A	ENSG00000176435	1992		0
CLEC16A	ENSG00000038532	6812		0
CLEC17A	ENSG00000187912	1400		0
CLEC18A	ENSG00000157322	1749		0
CLEC18B	ENSG00000140839	1838		0
CLEC18C	ENSG00000157335	1822		0
CLEC19A	ENSG00000261210	422		0
CLEC1A	ENSG00000150048	2685		0
CLEC1B	ENSG00000165682	779		0
CLEC2A	ENSG00000188393	905		0
CLEC2B	ENSG00000110852	919		0
CLEC2D	ENSG00000069493	5277	ENSG00000213443	844
CLEC2L	ENSG00000236279	1360		0
CLEC3A	ENSG00000166509	1933		0
CLEC3B	ENSG00000163815	816		0
CLEC4A	ENSG00000111729	1282	ENSG00000284697	893
CLEC4C	ENSG00000198178	851		0
CLEC4D	ENSG00000166527	1937		0
CLEC4E	ENSG00000166523	2101		0
CLEC4F	ENSG00000152672	2474		0
CLEC4G	ENSG00000288669	1310	ENSG00000182566	1299
CLEC4M	ENSG00000104938	1841		0
CLEC5A	ENSG00000258227	3502		0
CLEC6A	ENSG00000205846	1646		0
CLEC7A	ENSG00000172243	2404		0
CLEC9A	ENSG00000197992	1729	ENSG00000256626	155
CLECL1	ENSG00000293488	319	ENSG00000184293	252
CLGN	ENSG00000153132	2724		0
CLHC1	ENSG00000162994	1985		0
CLIC1	ENSG00000213719	1199		0
CLIC2	ENSG00000155962	2623		0
CLIC3	ENSG00000169583	783		0
CLIC4	ENSG00000169504	4253		0
CLIC5	ENSG00000112782	2391		0
CLIC6	ENSG00000159212	3803		0
CLINT1	ENSG00000113282	3411		0
CLIP1	ENSG00000130779	5878		0
CLIP2	ENSG00000106665	5556		0
CLIP3	ENSG00000105270	3350		0
CLIP4	ENSG00000115295	2163		0
CLK1	ENSG00000013441	1847		0
CLK2	ENSG00000176444	1934		0
CLK3	ENSG00000179335	1791		0
CLK4	ENSG00000113240	2504		0
CLLU1	ENSG00000257127	1921		0
CLLU1OS	ENSG00000205057	686		0
CLMN	ENSG00000165959	12747	ENSG00000259143	594
CLMP	ENSG00000166250	5032		0
CLN3	ENSG00000188603	1685	ENSG00000261832	228
CLN5	ENSG00000102805	2643	ENSG00000283208	586
CLN6	ENSG00000128973	2228	ENSG00000260007	217
CLN8	ENSG00000182372	7084	ENSG00000283239	666
CLNK	ENSG00000109684	5502		0
CLNS1A	ENSG00000074201	2982		0
CLOCK	ENSG00000134852	10304		0
CLP1	ENSG00000172409	1828		0
CLPB	ENSG00000162129	3034		0
CLPP	ENSG00000125656	1076		0
CLPS	ENSG00000137392	526		0
CLPSL1	ENSG00000204140	598		0
CLPSL2	ENSG00000196748	406		0
CLPTM1	ENSG00000104853	2470		0
CLPTM1L	ENSG00000049656	2492		0
CLPX	ENSG00000166855	4695		0
CLRN1	ENSG00000163646	2087	ENSG00000260234	162
CLRN2	ENSG00000249581	823		0
CLRN3	ENSG00000180745	1146		0
CLSPN	ENSG00000092853	4170		0
CLSTN1	ENSG00000171603	4629		0
CLSTN2	ENSG00000158258	14202		0
CLSTN3	ENSG00000139182	4013		0
CLTA	ENSG00000122705	1078		0
CLTB	ENSG00000175416	1139		0
CLTC	ENSG00000141367	7723		0
CLU	ENSG00000120885	2749		0
CLUAP1	ENSG00000103351	4083	ENSG00000263212	418
CLUH	ENSG00000132361	5223		0
CLUL1	ENSG00000079101	1828	ENSG00000266456	70
CLVS1	ENSG00000177182	3470		0
CLVS2	ENSG00000146352	11219		0
CLYBL	ENSG00000125246	1181		0
CMA1	ENSG00000092009	937		0
CMAS	ENSG00000111726	1743		0
CMBL	ENSG00000164237	2212		0
CMC1	ENSG00000187118	6009		0
CMC2	ENSG00000103121	10072	ENSG00000286221	269
CMC4	ENSG00000182712	881	ENSG00000214827	443
CMIP	ENSG00000153815	4358		0
CMKLR1	ENSG00000174600	1889		0
CMPK1	ENSG00000162368	2931		0
CMPK2	ENSG00000134326	2884		0
CMSS1	ENSG00000184220	1173		0
CMTM1	ENSG00000089505	1063	ENSG00000254788	404
CMTM2	ENSG00000140932	1048		0
CMTM3	ENSG00000140931	1875		0
CMTM4	ENSG00000183723	1188		0
CMTM5	ENSG00000166091	962		0
CMTM6	ENSG00000091317	3307		0
CMTM7	ENSG00000153551	1856		0
CMTM8	ENSG00000170293	1169		0
CMTR1	ENSG00000137200	4032		0
CMTR2	ENSG00000180917	4660		0
CMYA5	ENSG00000164309	12848		0
CNBD1	ENSG00000176571	1595		0
CNBD2	ENSG00000149646	1929		0
CNBP	ENSG00000169714	1639		0
CNDP1	ENSG00000150656	2155		0
CNDP2	ENSG00000133313	4975		0
CNEP1R1	ENSG00000205423	2092		0
CNFN	ENSG00000105427	523		0
CNGA1	ENSG00000198515	2837		0
CNGA2	ENSG00000183862	2827		0
CNGA3	ENSG00000144191	3540		0
CNGA4	ENSG00000132259	1864		0
CNGB1	ENSG00000070729	5641		0
CNGB3	ENSG00000170289	4062		0
CNIH1	ENSG00000100528	4735		0
CNIH2	ENSG00000174871	1351		0
CNIH3	ENSG00000143786	2534		0
CNIH4	ENSG00000143771	4096		0
CNKSR1	ENSG00000142675	2535		0
CNKSR2	ENSG00000149970	5310		0
CNKSR3	ENSG00000288520	2700	ENSG00000153721	1369
CNN1	ENSG00000130176	1499		0
CNN2	ENSG00000064666	2149		0
CNN3	ENSG00000117519	1991		0
CNNM1	ENSG00000119946	5702		0
CNNM2	ENSG00000148842	15856		0
CNNM3	ENSG00000168763	3429		0
CNNM4	ENSG00000158158	4783		0
CNOT1	ENSG00000125107	8411		0
CNOT10	ENSG00000182973	2772		0
CNOT11	ENSG00000158435	2515		0
CNOT2	ENSG00000111596	2843		0
CNOT3	ENSG00000088038	2818		0
CNOT4	ENSG00000080802	2217		0
CNOT6	ENSG00000113300	6177		0
CNOT6L	ENSG00000138767	8772		0
CNOT7	ENSG00000198791	6890		0
CNOT8	ENSG00000155508	2435		0
CNP	ENSG00000173786	5163		0
CNPPD1	ENSG00000115649	2019		0
CNPY1	ENSG00000283128	387	ENSG00000146910	387
CNPY2	ENSG00000257727	867	ENSG00000144785	653
CNPY3	ENSG00000137161	1424		0
CNPY4	ENSG00000166997	1478		0
CNR1	ENSG00000118432	6019		0
CNR2	ENSG00000188822	5255		0
CNRIP1	ENSG00000119865	1896		0
CNST	ENSG00000162852	5116		0
CNTD1	ENSG00000176563	2300		0
CNTD2	ENSG00000105219	1816		0
CNTF	ENSG00000242689	1895	ENSG00000255073	634
CNTFR	ENSG00000122756	1909		0
CNTLN	ENSG00000044459	5518		0
CNTN1	ENSG00000018236	5555		0
CNTN2	ENSG00000184144	7916		0
CNTN3	ENSG00000113805	4948		0
CNTN4	ENSG00000144619	5094		0
CNTN5	ENSG00000149972	3801		0
CNTN6	ENSG00000134115	4065		0
CNTNAP1	ENSG00000108797	5277		0
CNTNAP2	ENSG00000174469	9454		0
CNTNAP3	ENSG00000106714	5065		0
CNTNAP5	ENSG00000155052	5284		0
CNTRL	ENSG00000119397	7661		0
CNTROB	ENSG00000170037	3654		0
COA1	ENSG00000106603	899		0
COA3	ENSG00000183978	772		0
COA4	ENSG00000181924	818		0
COA5	ENSG00000183513	1750		0
COA6	ENSG00000168275	698		0
COA7	ENSG00000162377	3987		0
COASY	ENSG00000068120	2071		0
COBL	ENSG00000106078	5291		0
COBLL1	ENSG00000082438	4616		0
COCH	ENSG00000100473	2057		0
COG1	ENSG00000166685	3014	ENSG00000264860	87
COG2	ENSG00000135775	2922		0
COG3	ENSG00000136152	4484		0
COG4	ENSG00000103051	2820		0
COG5	ENSG00000164597	3467		0
COG6	ENSG00000133103	3560		0
COG7	ENSG00000168434	2926		0
COG8	ENSG00000213380	4145	ENSG00000258429	2267
COIL	ENSG00000121058	2634		0
COL10A1	ENSG00000123500	3289		0
COL11A1	ENSG00000060718	7280		0
COL11A2	ENSG00000204248	6164		0
COL12A1	ENSG00000111799	11723		0
COL13A1	ENSG00000197467	3033		0
COL14A1	ENSG00000187955	6467		0
COL15A1	ENSG00000204291	5223		0
COL16A1	ENSG00000084636	5418		0
COL17A1	ENSG00000065618	5612	ENSG00000283788	16
COL18A1	ENSG00000182871	5235	ENSG00000275167	1
COL1A1	ENSG00000108821	5914		0
COL1A2	ENSG00000164692	5072		0
COL20A1	ENSG00000101203	4172		0
COL21A1	ENSG00000124749	4173		0
COL22A1	ENSG00000169436	6346		0
COL23A1	ENSG00000050767	2899		0
COL24A1	ENSG00000171502	6825		0
COL25A1	ENSG00000188517	2725		0
COL27A1	ENSG00000196739	7791		0
COL28A1	ENSG00000215018	4277		0
COL2A1	ENSG00000139219	5059		0
COL3A1	ENSG00000168542	5490	ENSG00000284180	2
COL4A1	ENSG00000187498	6532		0
COL4A2	ENSG00000134871	6264		0
COL4A3	ENSG00000169031	8038		0
COL4A3BP	ENSG00000113163	2307		0
COL4A4	ENSG00000081052	9892		0
COL4A5	ENSG00000188153	6484		0
COL4A6	ENSG00000197565	6685		0
COL5A1	ENSG00000130635	8442		0
COL5A2	ENSG00000204262	6829		0
COL5A3	ENSG00000080573	6174		0
COL6A1	ENSG00000142156	4203		0
COL6A2	ENSG00000142173	3445		0
COL6A3	ENSG00000163359	10532		0
COL6A5	ENSG00000172752	8951		0
COL6A6	ENSG00000206384	8468		0
COL7A1	ENSG00000114270	9169	ENSG00000284251	37
COL8A1	ENSG00000144810	5515		0
COL8A2	ENSG00000171812	4667		0
COL9A1	ENSG00000112280	3696		0
COL9A2	ENSG00000049089	2852		0
COL9A3	ENSG00000092758	2486		0
COLCA2	ENSG00000214290	1045		0
COLEC10	ENSG00000184374	1260		0
COLEC11	ENSG00000118004	1239		0
COLEC12	ENSG00000158270	5722		0
COLGALT1	ENSG00000130309	3647		0
COLGALT2	ENSG00000198756	5177		0
COLQ	ENSG00000206561	2960	ENSG00000293553	414
COMMD1	ENSG00000173163	695		0
COMMD10	ENSG00000145781	1435		0
COMMD2	ENSG00000114744	3694		0
COMMD3	ENSG00000148444	926	ENSG00000269897	419
COMMD3-BMI1	ENSG00000269897	1419	ENSG00000168283	1000
COMMD4	ENSG00000140365	895		0
COMMD5	ENSG00000170619	1277		0
COMMD6	ENSG00000188243	1629		0
COMMD7	ENSG00000149600	1362	ENSG00000285382	658
COMMD8	ENSG00000169019	1453		0
COMMD9	ENSG00000110442	2949		0
COMP	ENSG00000105664	2452		0
COMT	ENSG00000093010	2272	ENSG00000284031	7
COMTD1	ENSG00000165644	923		0
COPA	ENSG00000122218	4640		0
COPB1	ENSG00000129083	3336	ENSG00000256206	407
COPB2	ENSG00000184432	3275		0
COPE	ENSG00000105669	1131	ENSG00000268193	264
COPG1	ENSG00000181789	3078	ENSG00000278658	1
COPRS	ENSG00000172301	868		0
COPS2	ENSG00000166200	6576		0
COPS3	ENSG00000141030	1595		0
COPS4	ENSG00000138663	1651		0
COPS5	ENSG00000121022	1296		0
COPS6	ENSG00000168090	1404		0
COPS7A	ENSG00000111652	1822		0
COPS7B	ENSG00000144524	890		0
COPS8	ENSG00000198612	3430		0
COPZ1	ENSG00000111481	1890		0
COQ10A	ENSG00000135469	1568		0
COQ10B	ENSG00000115520	2110		0
COQ2	ENSG00000173085	1525		0
COQ3	ENSG00000132423	1325		0
COQ4	ENSG00000167113	1245		0
COQ5	ENSG00000110871	1506		0
COQ6	ENSG00000119723	2109		0
COQ7	ENSG00000167186	2642		0
COQ9	ENSG00000088682	1630	ENSG00000260345	117
CORIN	ENSG00000145244	4849		0
CORO1A	ENSG00000102879	1623		0
CORO1B	ENSG00000172725	1863		0
CORO1C	ENSG00000110880	3814		0
CORO2A	ENSG00000106789	5377		0
CORO2B	ENSG00000103647	3545		0
CORO6	ENSG00000167549	2391		0
CORO7	ENSG00000262246	3472	ENSG00000103426	2841
CORO7-PAM16	ENSG00000103426	3284	ENSG00000262246	2841
CORT	ENSG00000241563	818	ENSG00000251503	35
COTL1	ENSG00000103187	1841		0
COX10	ENSG00000006695	2874		0
COX11	ENSG00000166260	2367		0
COX14	ENSG00000178449	482	ENSG00000272368	105
COX15	ENSG00000014919	2357	ENSG00000285932	1069
COX16	ENSG00000133983	1669	ENSG00000258644	521
COX17	ENSG00000138495	423		0
COX18	ENSG00000163626	6821		0
COX19	ENSG00000240230	3617		0
COX20	ENSG00000203667	2295		0
COX4I1	ENSG00000131143	697		0
COX4I2	ENSG00000131055	669		0
COX5A	ENSG00000178741	1173		0
COX5B	ENSG00000135940	690		0
COX6A1	ENSG00000111775	537	ENSG00000111780	175
COX6A2	ENSG00000156885	372		0
COX6B1	ENSG00000126267	488		0
COX6B2	ENSG00000160471	1543	ENSG00000267706	447
COX6C	ENSG00000164919	744		0
COX7A1	ENSG00000161281	340		0
COX7A2	ENSG00000112695	462		0
COX7A2L	ENSG00000115944	2282		0
COX7B	ENSG00000131174	2441		0
COX7B2	ENSG00000170516	518		0
COX7C	ENSG00000127184	629		0
COX8A	ENSG00000176340	494	ENSG00000256100	175
COX8C	ENSG00000187581	534		0
CP	ENSG00000047457	4451		0
CPA1	ENSG00000091704	1364		0
CPA2	ENSG00000158516	1330		0
CPA3	ENSG00000163751	1755		0
CPA4	ENSG00000128510	2789		0
CPA5	ENSG00000158525	1794		0
CPA6	ENSG00000165078	1862		0
CPAMD8	ENSG00000160111	5983		0
CPB1	ENSG00000153002	1452		0
CPB2	ENSG00000080618	1717		0
CPD	ENSG00000108582	9372		0
CPE	ENSG00000109472	2355		0
CPEB1	ENSG00000214575	1991	ENSG00000260836	1385
CPEB2	ENSG00000137449	6877		0
CPEB3	ENSG00000107864	5679		0
CPEB4	ENSG00000113742	9414		0
CPED1	ENSG00000106034	5304		0
CPLX1	ENSG00000168993	2112		0
CPLX2	ENSG00000145920	4468		0
CPLX3	ENSG00000213578	2002	ENSG00000261606	1514
CPLX4	ENSG00000166569	1966		0
CPM	ENSG00000135678	2016		0
CPN1	ENSG00000120054	1855		0
CPN2	ENSG00000178772	3025		0
CPNE1	ENSG00000214078	1938	ENSG00000272897	551
CPNE2	ENSG00000140848	2599		0
CPNE3	ENSG00000085719	4712		0
CPNE4	ENSG00000196353	3749		0
CPNE5	ENSG00000124772	3340		0
CPNE6	ENSG00000100884	1995		0
CPNE7	ENSG00000178773	2410		0
CPNE8	ENSG00000139117	3431		0
CPNE9	ENSG00000144550	2042		0
CPO	ENSG00000144410	1210		0
CPOX	ENSG00000080819	2709	ENSG00000285635	163
CPPED1	ENSG00000103381	6143		0
CPQ	ENSG00000104324	1932		0
CPS1	ENSG00000021826	5760		0
CPSF1	ENSG00000071894	4480	ENSG00000284310	12
CPSF2	ENSG00000165934	13003		0
CPSF3	ENSG00000119203	2259		0
CPSF3L	ENSG00000127054	2114		0
CPSF4	ENSG00000160917	1692		0
CPSF4L	ENSG00000187959	647		0
CPSF6	ENSG00000111605	6584		0
CPSF7	ENSG00000149532	3487		0
CPT1A	ENSG00000110090	5233		0
CPT1B	ENSG00000205560	2561	ENSG00000254413	2377
CPT1C	ENSG00000169169	2777		0
CPT2	ENSG00000157184	2699		0
CPTP	ENSG00000224051	2154		0
CPVL	ENSG00000106066	2087		0
CPXCR1	ENSG00000147183	1626		0
CPXM1	ENSG00000088882	2376		0
CPXM2	ENSG00000121898	3544		0
CPZ	ENSG00000109625	2127		0
CR1	ENSG00000203710	7471		0
CR1L	ENSG00000197721	1789	ENSG00000244703	97
CR2	ENSG00000117322	4139		0
CRABP1	ENSG00000166426	738		0
CRABP2	ENSG00000143320	974		0
CRACR2A	ENSG00000130038	2697		0
CRACR2B	ENSG00000177685	1579		0
CRADD	ENSG00000169372	1169		0
CRAMP1	ENSG00000007545	7737	ENSG00000261732	4156
CRAT	ENSG00000095321	2753		0
CRB1	ENSG00000134376	4933		0
CRB2	ENSG00000148204	5551		0
CRB3	ENSG00000130545	735		0
CRBN	ENSG00000113851	2187		0
CRCP	ENSG00000241258	2767	ENSG00000249319	359
CRCT1	ENSG00000169509	699		0
CREB1	ENSG00000118260	1780		0
CREB3	ENSG00000107175	1496	ENSG00000273945	1
CREB3L1	ENSG00000157613	2673		0
CREB3L2	ENSG00000182158	7412		0
CREB3L3	ENSG00000060566	2588		0
CREB3L4	ENSG00000143578	1749		0
CREB5	ENSG00000146592	8533		0
CREBBP	ENSG00000005339	10790		0
CREBL2	ENSG00000111269	3755		0
CREBRF	ENSG00000164463	7778		0
CREBZF	ENSG00000137504	4038		0
CREG1	ENSG00000143162	1969		0
CREG2	ENSG00000175874	6292		0
CRELD1	ENSG00000163703	1716	ENSG00000288550	1412
CRELD2	ENSG00000184164	1358		0
CREM	ENSG00000095794	2108		0
CRH	ENSG00000147571	1283		0
CRHBP	ENSG00000145708	1645		0
CRHR1	ENSG00000263715	2695	ENSG00000120088	2277
CRHR2	ENSG00000106113	2289		0
CRIM1	ENSG00000150938	5913		0
CRIP1	ENSG00000213145	516	ENSG00000257341	300
CRIP2	ENSG00000182809	1178		0
CRIP3	ENSG00000146215	962		0
CRIPT	ENSG00000119878	1889		0
CRISP1	ENSG00000124812	1911		0
CRISP2	ENSG00000124490	1328		0
CRISP3	ENSG00000096006	2145		0
CRISPLD1	ENSG00000121005	4288		0
CRISPLD2	ENSG00000103196	4583		0
CRK	ENSG00000167193	3850		0
CRKL	ENSG00000099942	5324		0
CRLF1	ENSG00000006016	1741		0
CRLF3	ENSG00000176390	2873		0
CRLS1	ENSG00000088766	3925	ENSG00000286235	3298
CRMP1	ENSG00000072832	3146		0
CRNKL1	ENSG00000101343	4010		0
CRNN	ENSG00000143536	1902		0
CROCC	ENSG00000058453	6642		0
CROCC2	ENSG00000226321	5370		0
CROT	ENSG00000005469	3175		0
CRP	ENSG00000132693	2015		0
CRTAC1	ENSG00000095713	2683		0
CRTAM	ENSG00000109943	2469		0
CRTAP	ENSG00000170275	6595		0
CRTC1	ENSG00000105662	2498		0
CRTC2	ENSG00000160741	2631		0
CRTC3	ENSG00000140577	2538		0
CRX	ENSG00000105392	4366		0
CRY1	ENSG00000008405	2987		0
CRY2	ENSG00000121671	4131		0
CRYAA	ENSG00000160202	1139		0
CRYAB	ENSG00000109846	774		0
CRYBA1	ENSG00000108255	784		0
CRYBA2	ENSG00000163499	708		0
CRYBA4	ENSG00000196431	809		0
CRYBB1	ENSG00000100122	1041		0
CRYBB2	ENSG00000244752	769		0
CRYBB3	ENSG00000100053	855		0
CRYBG3	ENSG00000080200	10730		0
CRYGA	ENSG00000168582	609		0
CRYGB	ENSG00000182187	631		0
CRYGC	ENSG00000163254	627		0
CRYGD	ENSG00000118231	619		0
CRYGN	ENSG00000127377	755		0
CRYGS	ENSG00000213139	819	ENSG00000113838	312
CRYL1	ENSG00000165475	1483		0
CRYM	ENSG00000103316	1244		0
CRYZ	ENSG00000116791	1888		0
CRYZL1	ENSG00000205758	1598		0
CS	ENSG00000062485	2914	ENSG00000144785	220
CSAD	ENSG00000139631	2379		0
CSDC2	ENSG00000172346	2530		0
CSDE1	ENSG00000009307	4077		0
CSE1L	ENSG00000124207	3550		0
CSF1	ENSG00000184371	3994		0
CSF1R	ENSG00000182578	3820		0
CSF2	ENSG00000164400	788		0
CSF2RA	ENSG00000198223	1815		0
CSF2RB	ENSG00000100368	4853		0
CSF3	ENSG00000108342	1501		0
CSF3R	ENSG00000119535	3008		0
CSGALNACT1	ENSG00000147408	3609		0
CSGALNACT2	ENSG00000169826	3725		0
CSH1	ENSG00000136488	821		0
CSH2	ENSG00000213218	827		0
CSHL1	ENSG00000204414	670		0
CSK	ENSG00000103653	2743		0
CSMD1	ENSG00000183117	11680		0
CSMD2	ENSG00000121904	13655		0
CSMD3	ENSG00000164796	13052		0
CSN1S1	ENSG00000126545	986		0
CSN2	ENSG00000135222	1066		0
CSN3	ENSG00000171209	827		0
CSNK1A1	ENSG00000113712	1015	ENSG00000230551	9
CSNK1A1L	ENSG00000180138	2406		0
CSNK1D	ENSG00000141551	3681		0
CSNK1E	ENSG00000213923	2543	ENSG00000283900	1316
CSNK1G1	ENSG00000169118	8085	ENSG00000259316	694
CSNK1G3	ENSG00000151292	2426		0
CSNK2A1	ENSG00000101266	4386		0
CSNK2A2	ENSG00000070770	1701		0
CSNK2A3	ENSG00000254598	1309		0
CSNK2B	ENSG00000204435	929	ENSG00000263020	675
CSPG4	ENSG00000173546	8290		0
CSPG5	ENSG00000114646	2154		0
CSPP1	ENSG00000104218	4343		0
CSRNP1	ENSG00000144655	3148		0
CSRNP2	ENSG00000110925	4471		0
CSRNP3	ENSG00000178662	11737		0
CSRP1	ENSG00000159176	1820		0
CSRP2	ENSG00000175183	903		0
CSRP2BP	ENSG00000149474	3264	ENSG00000232838	601
CSRP3	ENSG00000129170	1283		0
CST1	ENSG00000170373	749		0
CST11	ENSG00000125831	545		0
CST2	ENSG00000170369	746		0
CST3	ENSG00000101439	527		0
CST4	ENSG00000101441	749		0
CST5	ENSG00000170367	755		0
CST6	ENSG00000175315	592		0
CST7	ENSG00000077984	891		0
CST8	ENSG00000125815	883		0
CST9	ENSG00000173335	1592		0
CST9L	ENSG00000101435	694		0
CSTA	ENSG00000121552	744		0
CSTB	ENSG00000160213	588		0
CSTF1	ENSG00000101138	4032		0
CSTF2	ENSG00000101811	1959		0
CSTF2T	ENSG00000177613	4106		0
CSTF3	ENSG00000176102	2797		0
CSTL1	ENSG00000125823	736		0
CT47A1	ENSG00000236371	1260		0
CT47A10	ENSG00000224089	1298		0
CT47A11	ENSG00000226929	1294		0
CT47A12	ENSG00000226685	1165		0
CT47A2	ENSG00000242362	1298		0
CT47A3	ENSG00000236126	1298		0
CT47A4	ENSG00000230594	1298		0
CT47A6	ENSG00000226023	997	ENSG00000228517	297
CT47A7	ENSG00000228517	1289		0
CT47A8	ENSG00000230347	742	ENSG00000278646	291
CT47A9	ENSG00000226600	1298		0
CT47B1	ENSG00000236446	1261		0
CT55	ENSG00000169551	1441		0
CT62	ENSG00000225362	1825		0
CT83	ENSG00000204019	517		0
CTAG1A	ENSG00000268651	749		0
CTAG1B	ENSG00000184033	748		0
CTAG2	ENSG00000126890	748		0
CTAGE1	ENSG00000212710	4314		0
CTAGE15	ENSG00000271079	2587		0
CTAGE4	ENSG00000288784	2588		0
CTAGE5	ENSG00000150527	2782		0
CTAGE6	ENSG00000271321	2608		0
CTAGE8	ENSG00000289604	2589		0
CTAGE9	ENSG00000236761	2335		0
CTB-102L5.4	ENSG00000267748	528	ENSG00000167644	244
CTB-127M13.1	ENSG00000281938	2467	ENSG00000164398	1904
CTB-133G6.1	ENSG00000104880	1377		0
CTB-50L17.14	ENSG00000267385	1803	ENSG00000214456	541
CTB-54O9.9	ENSG00000267157	581	ENSG00000141994	146
CTB-55O6.8	ENSG00000141854	1523	ENSG00000284081	119
CTB-60B18.6	ENSG00000267335	786	ENSG00000104827	417
CTB-96E2.2	ENSG00000273171	851	ENSG00000274529	523
CTBP1	ENSG00000159692	2291		0
CTBP2	ENSG00000175029	6481		0
CTBS	ENSG00000117151	6571	ENSG00000285851	853
CTC-260F20.3	ENSG00000258674	1100	ENSG00000250067	376
CTC-273B12.7	ENSG00000268465	443	ENSG00000105443	322
CTC-281F24.5	ENSG00000282936	3537		0
CTC-326K19.6	ENSG00000269179	575	ENSG00000213024	385
CTC-360G5.8	ENSG00000269547	1967	ENSG00000104835	1493
CTC-398G3.6	ENSG00000267477	727	ENSG00000161914	471
CTC-432M15.3	ENSG00000273217	6393	ENSG00000158987	6113
CTC-435M10.3	ENSG00000255730	1960	ENSG00000248098	1623
CTC-479C5.12	ENSG00000261884	573	ENSG00000205220	375
CTC-479C5.6	ENSG00000263201	1185		0
CTC-487M23.8	ENSG00000212643	1342	ENSG00000153037	272
CTC-490E21.12	ENSG00000268797	575	ENSG00000130612	456
CTC-512J12.6	ENSG00000267173	561	ENSG00000062370	463
CTC-518B2.8	ENSG00000269741	1602	ENSG00000213022	1390
CTC-534A2.2	ENSG00000253251	1504	ENSG00000113597	80
CTC-554D6.1	ENSG00000258864	694	ENSG00000153037	439
CTC1	ENSG00000178971	7022		0
CTCF	ENSG00000102974	3814		0
CTCFL	ENSG00000124092	3387		0
CTD-2006C1.10	ENSG00000257355	542	ENSG00000257446	351
CTD-2006C1.13	ENSG00000267179	1562	ENSG00000197054	1363
CTD-2105E13.6	ENSG00000267706	3058	ENSG00000180043	1646
CTD-2116N17.1	ENSG00000259316	1033	ENSG00000169118	695
CTD-2132N18.3	ENSG00000267261	958	ENSG00000108774	553
CTD-2135J3.4	ENSG00000258724	1753	ENSG00000171056	1269
CTD-2140B24.4	ENSG00000256825	1374	ENSG00000090612	735
CTD-2192J16.17	ENSG00000196826	4505	ENSG00000242852	4361
CTD-2192J16.20	ENSG00000269693	5857	ENSG00000188033	3473
CTD-2192J16.22	ENSG00000269242	838	ENSG00000104774	703
CTD-2192J16.24	ENSG00000269590	585	ENSG00000104774	436
CTD-2207O23.10	ENSG00000268614	942	ENSG00000032444	411
CTD-2207O23.12	ENSG00000267952	382	ENSG00000198816	322
CTD-2207O23.3	ENSG00000104880	4966		0
CTD-2278I10.6	ENSG00000269307	1207	ENSG00000105393	825
CTD-2287O16.3	ENSG00000268223	344	ENSG00000172901	76
CTD-2313N18.7	ENSG00000225805	213		0
CTD-2331H12.8	ENSG00000182986	1733	ENSG00000221874	43
CTD-2349B8.1	ENSG00000261427	809	ENSG00000205730	539
CTD-2369P2.10	ENSG00000167807	1956	ENSG00000267673	927
CTD-2369P2.12	ENSG00000267303	1850	ENSG00000161847	1694
CTD-2370N5.3	ENSG00000265118	1008	ENSG00000126860	525
CTD-2410N18.5	ENSG00000113575	312	ENSG00000272772	273
CTD-2501B8.1	ENSG00000264813	4862	ENSG00000224353	1820
CTD-2510F5.6	ENSG00000265303	557	ENSG00000167447	422
CTD-2521M24.10	ENSG00000269035	892	ENSG00000171773	490
CTD-2528L19.4	ENSG00000267552	704	ENSG00000198182	421
CTD-2535L24.2	ENSG00000266076	1616	ENSG00000168646	1316
CTD-2545G14.7	ENSG00000262526	776	ENSG00000170296	692
CTD-2545M3.6	ENSG00000142539	1265	ENSG00000269404	839
CTD-2550O8.5	ENSG00000167774	580	ENSG00000267855	453
CTD-2561J22.3	ENSG00000269237	472	ENSG00000268658	276
CTD-2574D22.6	ENSG00000281348	556	ENSG00000280789	403
CTD-2583A14.10	ENSG00000268750	477	ENSG00000198466	466
CTD-2583A14.9	ENSG00000269476	1020	ENSG00000204514	369
CTD-2587H24.4	ENSG00000267110	975	ENSG00000129991	480
CTD-2616J11.11	ENSG00000269403	551	ENSG00000105379	338
CTD-3074O7.11	ENSG00000256349	3547	ENSG00000174483	3296
CTD-3105H18.14	ENSG00000268744	2593	ENSG00000248406	1829
CTD-3105H18.16	ENSG00000268870	617	ENSG00000196466	447
CTD-3105H18.18	ENSG00000269755	588	ENSG00000242852	347
CTD-3148I10.9	ENSG00000269469	675	ENSG00000161618	338
CTD-3214H19.16	ENSG00000269711	777	ENSG00000181029	613
CTD-3222D19.2	ENSG00000141979	2567	ENSG00000105085	1449
CTDNEP1	ENSG00000175826	1708	ENSG00000262302	220
CTDP1	ENSG00000060069	3744		0
CTDSP1	ENSG00000144579	2525		0
CTDSP2	ENSG00000175215	4785		0
CTDSPL	ENSG00000144677	4460		0
CTDSPL2	ENSG00000137770	6433		0
CTF1	ENSG00000150281	1644		0
CTGF	ENSG00000118523	2338		0
CTH	ENSG00000116761	1806		0
CTHRC1	ENSG00000164932	1240		0
CTIF	ENSG00000134030	5751	ENSG00000266276	1
CTLA4	ENSG00000163599	1978		0
CTNNA1	ENSG00000044115	3754		0
CTNNA2	ENSG00000066032	3630	ENSG00000224879	194
CTNNA3	ENSG00000183230	10670		0
CTNNAL1	ENSG00000119326	2454		0
CTNNB1	ENSG00000168036	2405		0
CTNNBIP1	ENSG00000178585	3000		0
CTNNBL1	ENSG00000132792	1890		0
CTNND1	ENSG00000198561	6247	ENSG00000288534	5043
CTNND2	ENSG00000169862	5482		0
CTNS	ENSG00000040531	2574		0
CTPS1	ENSG00000171793	2840		0
CTPS2	ENSG00000047230	3615		0
CTR9	ENSG00000198730	4327		0
CTRB1	ENSG00000168925	859		0
CTRB2	ENSG00000168928	870		0
CTRC	ENSG00000162438	894		0
CTRL	ENSG00000141086	1165	ENSG00000261884	75
CTSA	ENSG00000064601	1858		0
CTSB	ENSG00000164733	3733		0
CTSC	ENSG00000109861	1870		0
CTSD	ENSG00000117984	2055	ENSG00000250644	1166
CTSF	ENSG00000174080	2034		0
CTSG	ENSG00000100448	877		0
CTSH	ENSG00000103811	2145		0
CTSK	ENSG00000143387	1629		0
CTSL	ENSG00000135047	1577		0
CTSO	ENSG00000256043	2903		0
CTSS	ENSG00000163131	3929		0
CTSV	ENSG00000136943	4286		0
CTSW	ENSG00000172543	1272		0
CTSZ	ENSG00000101160	1495		0
CTTN	ENSG00000085733	3138		0
CTTNBP2	ENSG00000077063	5904		0
CTTNBP2NL	ENSG00000143079	5864		0
CTU1	ENSG00000142544	2087		0
CTU2	ENSG00000174177	1652		0
CTXN1	ENSG00000178531	1237		0
CTXN2	ENSG00000233932	2702		0
CTXN3	ENSG00000205279	1622		0
CUBN	ENSG00000107611	11927		0
CUEDC1	ENSG00000180891	3621		0
CUEDC2	ENSG00000107874	1100		0
CUL1	ENSG00000055130	2492		0
CUL2	ENSG00000108094	4183		0
CUL3	ENSG00000036257	6741		0
CUL4A	ENSG00000139842	2295		0
CUL4B	ENSG00000158290	2796		0
CUL5	ENSG00000166266	6171		0
CUL7	ENSG00000044090	5254	ENSG00000288564	1144
CUL9	ENSG00000112659	7759		0
CUTA	ENSG00000112514	756		0
CUTC	ENSG00000119929	1332		0
CUX1	ENSG00000257923	13723		0
CUX2	ENSG00000111249	6703	ENSG00000273700	1
CUZD1	ENSG00000286088	2312	ENSG00000138161	1958
CWC22	ENSG00000163510	3280		0
CWC25	ENSG00000273559	3067		0
CWC27	ENSG00000153015	2065		0
CWF19L1	ENSG00000095485	2591		0
CWF19L2	ENSG00000152404	3244		0
CWH43	ENSG00000109182	2444		0
CX3CL1	ENSG00000006210	3285		0
CX3CR1	ENSG00000168329	3023		0
CXADR	ENSG00000154639	5593		0
CXCL1	ENSG00000163739	1098		0
CXCL10	ENSG00000169245	1175		0
CXCL11	ENSG00000169248	1479		0
CXCL12	ENSG00000107562	1858		0
CXCL13	ENSG00000156234	1168		0
CXCL14	ENSG00000145824	1684		0
CXCL16	ENSG00000161921	2215		0
CXCL17	ENSG00000189377	1071		0
CXCL2	ENSG00000081041	1115		0
CXCL3	ENSG00000163734	1075		0
CXCL5	ENSG00000163735	2436		0
CXCL6	ENSG00000124875	1537		0
CXCL8	ENSG00000169429	1642		0
CXCL9	ENSG00000138755	2740		0
CXCR1	ENSG00000163464	2456		0
CXCR2	ENSG00000180871	2853		0
CXCR3	ENSG00000186810	1615		0
CXCR4	ENSG00000121966	1564		0
CXCR5	ENSG00000160683	4293		0
CXCR6	ENSG00000172215	1877		0
CXXC1	ENSG00000154832	2320		0
CXXC4	ENSG00000168772	5566		0
CXXC5	ENSG00000171604	2601		0
CXorf21	ENSG00000120280	1778		0
CXorf23	ENSG00000173681	6529		0
CXorf36	ENSG00000147113	4631		0
CXorf38	ENSG00000185753	2119		0
CXorf40A	ENSG00000197620	1034		0
CXorf40B	ENSG00000197021	1333		0
CXorf49	ENSG00000215115	1716		0
CXorf49B	ENSG00000215113	1716		0
CXorf56	ENSG00000018610	1090		0
CXorf57	ENSG00000147231	3852		0
CXorf58	ENSG00000165182	1547		0
CXorf65	ENSG00000204165	602	ENSG00000285171	598
CXorf66	ENSG00000203933	1278		0
CXorf67	ENSG00000187690	1896		0
CYB561	ENSG00000008283	2867		0
CYB561A3	ENSG00000162144	2584		0
CYB561D1	ENSG00000174151	3327		0
CYB561D2	ENSG00000114395	1142	ENSG00000272104	245
CYB5A	ENSG00000166347	3231		0
CYB5B	ENSG00000103018	4262	ENSG00000260108	2421
CYB5D1	ENSG00000182224	3489	ENSG00000280046	2902
CYB5D2	ENSG00000167740	1911		0
CYB5R1	ENSG00000159348	1624		0
CYB5R2	ENSG00000166394	1249		0
CYB5R3	ENSG00000100243	1949	ENSG00000289517	649
CYB5R4	ENSG00000065615	9205		0
CYB5RL	ENSG00000215883	1149	ENSG00000256407	303
CYBA	ENSG00000051523	692		0
CYBB	ENSG00000165168	4276		0
CYBRD1	ENSG00000071967	4235		0
CYC1	ENSG00000179091	1191		0
CYCS	ENSG00000172115	3998		0
CYGB	ENSG00000161544	1962		0
CYHR1	ENSG00000291316	2020	ENSG00000187954	1640
CYLC1	ENSG00000183035	2106		0
CYLC2	ENSG00000155833	2149		0
CYLD	ENSG00000083799	3477		0
CYP11A1	ENSG00000140459	1837		0
CYP11B1	ENSG00000160882	2644		0
CYP11B2	ENSG00000179142	2936		0
CYP17A1	ENSG00000148795	1750		0
CYP19A1	ENSG00000137869	4403		0
CYP1A1	ENSG00000140465	2600		0
CYP1A2	ENSG00000140505	2727		0
CYP20A1	ENSG00000119004	1871		0
CYP21A2	ENSG00000231852	2006		0
CYP24A1	ENSG00000019186	3263		0
CYP26A1	ENSG00000095596	2117	ENSG00000285846	750
CYP26B1	ENSG00000003137	4556		0
CYP26C1	ENSG00000187553	1570	ENSG00000285846	157
CYP27A1	ENSG00000135929	1895		0
CYP27B1	ENSG00000111012	2368		0
CYP27C1	ENSG00000186684	4293		0
CYP2A13	ENSG00000197838	1740		0
CYP2A6	ENSG00000255974	1761		0
CYP2A7	ENSG00000198077	1760		0
CYP2B6	ENSG00000197408	3055		0
CYP2C18	ENSG00000108242	2310	ENSG00000276490	931
CYP2C19	ENSG00000165841	1844	ENSG00000276490	1464
CYP2C8	ENSG00000138115	1924		0
CYP2C9	ENSG00000138109	1848		0
CYP2D6	ENSG00000100197	1588		0
CYP2E1	ENSG00000130649	1673		0
CYP2F1	ENSG00000197446	1720		0
CYP2J2	ENSG00000134716	1879		0
CYP2R1	ENSG00000186104	2214		0
CYP2S1	ENSG00000167600	2612		0
CYP2U1	ENSG00000155016	4764		0
CYP2W1	ENSG00000073067	2305		0
CYP39A1	ENSG00000146233	2177		0
CYP3A4	ENSG00000160868	2073		0
CYP3A43	ENSG00000021461	1513		0
CYP3A5	ENSG00000106258	1720		0
CYP3A7	ENSG00000160870	1972	ENSG00000282301	1419
CYP3A7-CYP3A51P	ENSG00000282301	1704	ENSG00000160870	1425
CYP46A1	ENSG00000036530	2182		0
CYP4A11	ENSG00000187048	2519		0
CYP4A22	ENSG00000162365	2522		0
CYP4B1	ENSG00000142973	2172		0
CYP4F11	ENSG00000171903	2931		0
CYP4F12	ENSG00000186204	1714		0
CYP4F2	ENSG00000186115	2361		0
CYP4F22	ENSG00000171954	2609		0
CYP4F3	ENSG00000186529	5051		0
CYP4V2	ENSG00000145476	1995	ENSG00000290316	201
CYP4X1	ENSG00000186377	2256		0
CYP4Z1	ENSG00000186160	1906		0
CYP51A1	ENSG00000001630	3155	ENSG00000289027	2827
CYP7A1	ENSG00000167910	2877		0
CYP7B1	ENSG00000172817	2179		0
CYP8B1	ENSG00000180432	3688		0
CYR61	ENSG00000142871	2278		0
CYS1	ENSG00000205795	2739		0
CYSLTR1	ENSG00000173198	2572		0
CYSLTR2	ENSG00000152207	4410		0
CYSRT1	ENSG00000197191	758		0
CYSTM1	ENSG00000120306	790		0
CYTH1	ENSG00000108669	3286		0
CYTH2	ENSG00000105443	4443	ENSG00000268465	322
CYTH3	ENSG00000008256	4482		0
CYTH4	ENSG00000100055	3077		0
CYTIP	ENSG00000115165	2207		0
CYTL1	ENSG00000170891	989		0
CYYR1	ENSG00000166265	3094		0
DAAM1	ENSG00000100592	5775		0
DAAM2	ENSG00000146122	6093		0
DAB1	ENSG00000173406	5298		0
DAB2	ENSG00000153071	4345	ENSG00000289699	119
DAB2IP	ENSG00000136848	5343		0
DACH2	ENSG00000126733	2233		0
DACT1	ENSG00000165617	2461	ENSG00000258583	378
DACT2	ENSG00000164488	2942		0
DACT3	ENSG00000197380	2835		0
DAD1	ENSG00000129562	684		0
DAG1	ENSG00000173402	5220		0
DAGLA	ENSG00000134780	5758		0
DAGLB	ENSG00000164535	2839		0
DALRD3	ENSG00000178149	1563		0
DAND5	ENSG00000179284	1781		0
DAO	ENSG00000110887	1694		0
DAOA	ENSG00000182346	743		0
DAP	ENSG00000112977	2301		0
DAP3	ENSG00000132676	2056		0
DAPK1	ENSG00000196730	5668		0
DAPK2	ENSG00000035664	2603		0
DAPK3	ENSG00000167657	2257		0
DAPL1	ENSG00000163331	549		0
DAPP1	ENSG00000070190	1441		0
DARS	ENSG00000115866	2304		0
DARS2	ENSG00000117593	3336		0
DAW1	ENSG00000123977	1680		0
DAXX	ENSG00000204209	2555	ENSG00000285064	438
DAZ1	ENSG00000188120	4335		0
DAZ2	ENSG00000205944	3777		0
DAZ3	ENSG00000187191	3417		0
DAZ4	ENSG00000205916	2049		0
DAZAP1	ENSG00000071626	2158		0
DAZAP2	ENSG00000183283	2064		0
DAZL	ENSG00000092345	2974		0
DBF4	ENSG00000006634	3643		0
DBF4B	ENSG00000161692	2998		0
DBH	ENSG00000123454	2745		0
DBI	ENSG00000155368	344		0
DBN1	ENSG00000113758	2886		0
DBNDD1	ENSG00000003249	2056		0
DBNDD2	ENSG00000244274	962	ENSG00000254806	351
DBNL	ENSG00000136279	2042	ENSG00000284067	1
DBP	ENSG00000105516	2170		0
DBR1	ENSG00000138231	2639		0
DBT	ENSG00000137992	10799		0
DBX1	ENSG00000109851	1242		0
DBX2	ENSG00000185610	2806		0
DCAF10	ENSG00000122741	3567		0
DCAF11	ENSG00000100897	2562	ENSG00000259371	296
DCAF12	ENSG00000198876	3592		0
DCAF12L1	ENSG00000198889	3345		0
DCAF12L2	ENSG00000198354	1422		0
DCAF13	ENSG00000164934	1968		0
DCAF15	ENSG00000132017	2261		0
DCAF16	ENSG00000163257	4547		0
DCAF17	ENSG00000115827	5829		0
DCAF4	ENSG00000119599	1892		0
DCAF4L1	ENSG00000182308	4710		0
DCAF4L2	ENSG00000176566	3269		0
DCAF5	ENSG00000139990	5946		0
DCAF6	ENSG00000143164	3273		0
DCAF8	ENSG00000132716	3769	ENSG00000258465	229
DCAF8L1	ENSG00000226372	3364		0
DCAF8L2	ENSG00000189186	2296		0
DCAKD	ENSG00000172992	1899		0
DCANP1	ENSG00000251380	3135	ENSG00000255833	3123
DCBLD1	ENSG00000164465	1723		0
DCBLD2	ENSG00000057019	6122		0
DCC	ENSG00000187323	10181		0
DCD	ENSG00000161634	518		0
DCDC1	ENSG00000170959	1221		0
DCDC2	ENSG00000146038	4708		0
DCDC2B	ENSG00000222046	1346		0
DCDC2C	ENSG00000214866	1481		0
DCHS1	ENSG00000166341	10713		0
DCK	ENSG00000156136	2506		0
DCLK1	ENSG00000133083	5630		0
DCLK2	ENSG00000170390	4075		0
DCLK3	ENSG00000163673	5279		0
DCLRE1A	ENSG00000198924	4450		0
DCLRE1B	ENSG00000118655	3755		0
DCLRE1C	ENSG00000152457	2355		0
DCN	ENSG00000011465	6850		0
DCP1B	ENSG00000151065	2033		0
DCP2	ENSG00000172795	8885		0
DCPS	ENSG00000110063	1171		0
DCST1	ENSG00000163357	2279		0
DCST2	ENSG00000163354	2393		0
DCSTAMP	ENSG00000164935	1953		0
DCT	ENSG00000080166	5061		0
DCTD	ENSG00000129187	1765		0
DCTN1	ENSG00000204843	4455	ENSG00000264324	666
DCTN2	ENSG00000175203	1923		0
DCTN3	ENSG00000137100	809		0
DCTN4	ENSG00000132912	4116		0
DCTN5	ENSG00000166847	10937	ENSG00000260482	3009
DCTN6	ENSG00000104671	1054		0
DCTPP1	ENSG00000179958	1178		0
DCUN1D1	ENSG00000043093	7849		0
DCUN1D2	ENSG00000150401	1805		0
DCUN1D3	ENSG00000188215	6136		0
DCUN1D4	ENSG00000109184	4222		0
DCUN1D5	ENSG00000137692	1283		0
DCX	ENSG00000077279	2955		0
DCXR	ENSG00000169738	852		0
DDA1	ENSG00000130311	4043		0
DDAH1	ENSG00000153904	3920		0
DDAH2	ENSG00000213722	1193		0
DDB1	ENSG00000167986	4245		0
DDB2	ENSG00000134574	1815		0
DDC	ENSG00000132437	1891		0
DDHD1	ENSG00000100523	5604		0
DDHD2	ENSG00000085788	4679		0
DDI1	ENSG00000170967	2549		0
DDI2	ENSG00000197312	10626	ENSG00000215695	2198
DDIAS	ENSG00000165490	3524		0
DDIT3	ENSG00000175197	867	ENSG00000285133	105
DDIT4	ENSG00000168209	1744		0
DDIT4L	ENSG00000145358	2604		0
DDN	ENSG00000181418	3749		0
DDO	ENSG00000203797	2117		0
DDOST	ENSG00000244038	1941	ENSG00000117242	428
DDR1	ENSG00000204580	3217	ENSG00000284370	1
DDR2	ENSG00000162733	10081		0
DDRGK1	ENSG00000198171	1303		0
DDT	ENSG00000099977	565	ENSG00000290199	309
DDTL	ENSG00000099974	1546		0
DDX1	ENSG00000079785	2484		0
DDX10	ENSG00000178105	3217		0
DDX11	ENSG00000013573	3064		0
DDX18	ENSG00000088205	3753		0
DDX19A	ENSG00000168872	2923	ENSG00000260537	1876
DDX19B	ENSG00000157349	3253	ENSG00000260537	234
DDX20	ENSG00000064703	3600		0
DDX21	ENSG00000165732	4664		0
DDX23	ENSG00000174243	3249		0
DDX24	ENSG00000089737	5570		0
DDX25	ENSG00000109832	7410		0
DDX26B	ENSG00000165359	3792		0
DDX27	ENSG00000124228	2570		0
DDX28	ENSG00000182810	1960		0
DDX31	ENSG00000125485	4159		0
DDX39A	ENSG00000123136	1446		0
DDX39B	ENSG00000254870	1833	ENSG00000198563	1681
DDX3X	ENSG00000215301	4635		0
DDX3Y	ENSG00000067048	2403		0
DDX4	ENSG00000152670	2847		0
DDX41	ENSG00000183258	2099		0
DDX42	ENSG00000198231	3959		0
DDX43	ENSG00000080007	2430		0
DDX46	ENSG00000145833	3822		0
DDX47	ENSG00000213782	1817		0
DDX49	ENSG00000105671	1790		0
DDX5	ENSG00000108654	2323		0
DDX50	ENSG00000107625	2501		0
DDX51	ENSG00000185163	4702		0
DDX53	ENSG00000184735	3630		0
DDX54	ENSG00000123064	4377		0
DDX55	ENSG00000111364	2654		0
DDX56	ENSG00000136271	1855		0
DDX58	ENSG00000107201	4226	ENSG00000288684	4090
DDX59	ENSG00000118197	2228		0
DDX60	ENSG00000137628	6015		0
DDX60L	ENSG00000181381	6754		0
DEAF1	ENSG00000177030	2190		0
DEC1	ENSG00000173077	213		0
DECR1	ENSG00000104325	1135		0
DECR2	ENSG00000242612	1551		0
DEDD	ENSG00000158796	2344		0
DEDD2	ENSG00000160570	1845	ENSG00000288671	120
DEF6	ENSG00000023892	2263		0
DEF8	ENSG00000140995	3620		0
DEFA1	ENSG00000206047	406		0
DEFA1B	ENSG00000240247	491		0
DEFA3	ENSG00000239839	494		0
DEFA4	ENSG00000164821	586		0
DEFA5	ENSG00000164816	449		0
DEFA6	ENSG00000164822	465		0
DEFB1	ENSG00000164825	375		0
DEFB103A	ENSG00000176797	329		0
DEFB103B	ENSG00000177243	518		0
DEFB104A	ENSG00000176782	282		0
DEFB104B	ENSG00000177023	281		0
DEFB105A	ENSG00000186562	322		0
DEFB105B	ENSG00000186599	321		0
DEFB106A	ENSG00000186579	304		0
DEFB106B	ENSG00000187082	316		0
DEFB107A	ENSG00000186572	389		0
DEFB107B	ENSG00000198129	324		0
DEFB108B	ENSG00000184276	222		0
DEFB110	ENSG00000203970	384		0
DEFB112	ENSG00000180872	228		0
DEFB113	ENSG00000214642	249		0
DEFB114	ENSG00000177684	253		0
DEFB115	ENSG00000215547	267		0
DEFB116	ENSG00000215545	309		0
DEFB118	ENSG00000131068	1159		0
DEFB119	ENSG00000180483	444		0
DEFB121	ENSG00000204548	339		0
DEFB123	ENSG00000180424	354		0
DEFB124	ENSG00000180383	217		0
DEFB125	ENSG00000178591	588		0
DEFB126	ENSG00000125788	434		0
DEFB127	ENSG00000088782	515		0
DEFB128	ENSG00000185982	373		0
DEFB129	ENSG00000125903	698		0
DEFB130	ENSG00000232948	240		0
DEFB131	ENSG00000186146	214		0
DEFB132	ENSG00000186458	2122		0
DEFB133	ENSG00000214643	184	ENSG00000290804	128
DEFB134	ENSG00000205882	1054		0
DEFB135	ENSG00000205883	235		0
DEFB136	ENSG00000205884	237		0
DEFB4A	ENSG00000171711	332		0
DEFB4B	ENSG00000177257	333		0
DEGS1	ENSG00000143753	2032		0
DEGS2	ENSG00000168350	3834		0
DEK	ENSG00000124795	3135		0
DENND1A	ENSG00000119522	5006		0
DENND1B	ENSG00000213047	1410		0
DENND1C	ENSG00000205744	2795		0
DENND2A	ENSG00000146966	3735		0
DENND2C	ENSG00000175984	5637		0
DENND2D	ENSG00000162777	2035		0
DENND3	ENSG00000105339	5440		0
DENND4A	ENSG00000174485	5877		0
DENND4B	ENSG00000198837	5706		0
DENND4C	ENSG00000137145	6573		0
DENND5A	ENSG00000184014	4991		0
DENND5B	ENSG00000170456	9467		0
DENND6A	ENSG00000174839	4644		0
DENND6B	ENSG00000205593	4891		0
DENR	ENSG00000139726	2719		0
DEPDC1	ENSG00000024526	4447		0
DEPDC1B	ENSG00000035499	2499		0
DEPDC4	ENSG00000166153	1064		0
DEPDC5	ENSG00000100150	5354	ENSG00000285404	1809
DEPDC7	ENSG00000121690	1741		0
DEPTOR	ENSG00000155792	2564		0
DERA	ENSG00000023697	1545		0
DERL1	ENSG00000136986	3213		0
DERL2	ENSG00000072849	4167		0
DERL3	ENSG00000099958	861		0
DES	ENSG00000175084	2243		0
DESI1	ENSG00000100418	3780		0
DESI2	ENSG00000121644	4017		0
DET1	ENSG00000140543	2268	ENSG00000173867	2178
DEXI	ENSG00000182108	1232		0
DFFA	ENSG00000160049	6032		0
DFFB	ENSG00000169598	2833		0
DFNA5	ENSG00000105928	2181		0
DFNB31	ENSG00000095397	3567		0
DFNB59	ENSG00000204311	1532		0
DGAT2	ENSG00000062282	2407		0
DGAT2L6	ENSG00000184210	1553		0
DGCR14	ENSG00000100056	5359		0
DGCR2	ENSG00000070413	4438		0
DGCR6	ENSG00000183628	1117	ENSG00000283809	650
DGCR6L	ENSG00000128185	1135		0
DGCR8	ENSG00000128191	4505	ENSG00000284140	88
DGKA	ENSG00000065357	2719		0
DGKB	ENSG00000136267	6681		0
DGKD	ENSG00000077044	6296		0
DGKE	ENSG00000153933	8608		0
DGKG	ENSG00000058866	5802		0
DGKH	ENSG00000102780	4247		0
DGKI	ENSG00000157680	3842		0
DGKQ	ENSG00000145214	4636		0
DGKZ	ENSG00000149091	3230		0
DGUOK	ENSG00000114956	1075		0
DHCR24	ENSG00000116133	4228		0
DHCR7	ENSG00000172893	2603		0
DHDDS	ENSG00000117682	3243		0
DHDH	ENSG00000104808	1064		0
DHFR	ENSG00000228716	3918		0
DHFRL1	ENSG00000178700	3856		0
DHH	ENSG00000139549	1919		0
DHODH	ENSG00000102967	2426		0
DHPS	ENSG00000095059	1342	ENSG00000285589	1157
DHRS1	ENSG00000157379	1427		0
DHRS11	ENSG00000278535	1515		0
DHRS12	ENSG00000102796	1079	ENSG00000285444	650
DHRS13	ENSG00000167536	1921		0
DHRS2	ENSG00000100867	1676		0
DHRS4	ENSG00000157326	1259		0
DHRS4L2	ENSG00000187630	1236		0
DHRS7	ENSG00000100612	1956		0
DHRS7B	ENSG00000109016	1253		0
DHRS7C	ENSG00000184544	999	ENSG00000278944	64
DHRS9	ENSG00000073737	1419		0
DHRSX	ENSG00000169084	2570	ENSG00000214717	160
DHTKD1	ENSG00000181192	5156		0
DHX15	ENSG00000109606	2994		0
DHX16	ENSG00000204560	3406		0
DHX29	ENSG00000067248	4475		0
DHX30	ENSG00000132153	3855	ENSG00000274420	97
DHX32	ENSG00000089876	3048		0
DHX33	ENSG00000005100	5535		0
DHX34	ENSG00000134815	4338		0
DHX35	ENSG00000101452	3314		0
DHX36	ENSG00000174953	6723		0
DHX37	ENSG00000150990	4549		0
DHX38	ENSG00000140829	4323		0
DHX40	ENSG00000108406	3575		0
DHX58	ENSG00000108771	2591		0
DHX8	ENSG00000067596	5549		0
DHX9	ENSG00000135829	4241		0
DIABLO	ENSG00000184047	1471	ENSG00000256861	1139
DIAPH1	ENSG00000131504	5735		0
DIAPH2	ENSG00000147202	9203		0
DIAPH3	ENSG00000139734	4745		0
DICER1	ENSG00000100697	10277		0
DIDO1	ENSG00000101191	3805		0
DIEXF	ENSG00000117597	8447		0
DIMT1	ENSG00000086189	2831		0
DIO1	ENSG00000211452	1861		0
DIO2	ENSG00000211448	6014		0
DIO3	ENSG00000197406	1958		0
DIP2A	ENSG00000160305	6968		0
DIP2B	ENSG00000066084	8584		0
DIP2C	ENSG00000151240	7885		0
DIRAS1	ENSG00000176490	3378	ENSG00000267001	107
DIRAS2	ENSG00000165023	4105		0
DIRAS3	ENSG00000162595	1481		0
DIRC1	ENSG00000174325	1037		0
DIRC2	ENSG00000138463	3322		0
DIRC3	ENSG00000231672	88		0
DIS3	ENSG00000083520	10571		0
DIS3L	ENSG00000166938	3626		0
DIS3L2	ENSG00000144535	3366		0
DISC1	ENSG00000162946	2035	ENSG00000270106	1914
DISP1	ENSG00000154309	4756		0
DISP2	ENSG00000140323	12597		0
DKC1	ENSG00000130826	2469		0
DKK1	ENSG00000107984	1791		0
DKK2	ENSG00000155011	3638		0
DKK3	ENSG00000050165	2438		0
DKK4	ENSG00000104371	892		0
DKKL1	ENSG00000104901	939		0
DLAT	ENSG00000150768	3864		0
DLC1	ENSG00000164741	7412		0
DLD	ENSG00000091140	3537		0
DLEC1	ENSG00000008226	6423		0
DLEU1	ENSG00000176124	387	ENSG00000273541	342
DLEU7	ENSG00000186047	505		0
DLG1	ENSG00000075711	4814		0
DLG2	ENSG00000150672	7216		0
DLG3	ENSG00000082458	5906		0
DLG4	ENSG00000132535	3185		0
DLG5	ENSG00000151208	7415		0
DLGAP1	ENSG00000170579	6655		0
DLGAP2	ENSG00000198010	10132		0
DLGAP3	ENSG00000116544	3856		0
DLGAP4	ENSG00000080845	4969		0
DLGAP5	ENSG00000126787	2881		0
DLK1	ENSG00000185559	4657		0
DLK2	ENSG00000171462	1548		0
DLL1	ENSG00000198719	3174		0
DLL3	ENSG00000090932	2003		0
DLL4	ENSG00000128917	3373		0
DLST	ENSG00000119689	2813		0
DLX1	ENSG00000144355	2356		0
DLX2	ENSG00000115844	2454		0
DLX3	ENSG00000064195	2602		0
DLX4	ENSG00000108813	2018		0
DLX5	ENSG00000105880	1418		0
DLX6	ENSG00000006377	2299		0
DMAP1	ENSG00000178028	1522		0
DMBT1	ENSG00000187908	7597		0
DMBX1	ENSG00000197587	2878		0
DMC1	ENSG00000100206	2269		0
DMD	ENSG00000198947	13957		0
DMGDH	ENSG00000132837	3107		0
DMP1	ENSG00000152592	2679		0
DMPK	ENSG00000104936	2787	ENSG00000268434	202
DMRT1	ENSG00000137090	2215		0
DMRT2	ENSG00000173253	2290		0
DMRT3	ENSG00000064218	2184		0
DMRTA1	ENSG00000176399	5570		0
DMRTA2	ENSG00000142700	2752		0
DMRTB1	ENSG00000143006	1910		0
DMRTC1	ENSG00000269502	1005		0
DMRTC1B	ENSG00000184911	1198		0
DMRTC2	ENSG00000142025	1793		0
DMTF1	ENSG00000135164	3702		0
DMTN	ENSG00000158856	2451		0
DMWD	ENSG00000185800	3306	ENSG00000268434	195
DMXL1	ENSG00000172869	11073		0
DMXL2	ENSG00000104093	10530		0
DNA2	ENSG00000138346	4209		0
DNAAF1	ENSG00000154099	2380		0
DNAAF2	ENSG00000165506	2963		0
DNAAF3	ENSG00000167646	2118	ENSG00000267110	479
DNAAF5	ENSG00000164818	3411		0
DNAH1	ENSG00000114841	13104		0
DNAH10	ENSG00000197653	13868		0
DNAH10OS	ENSG00000250091	5041		0
DNAH11	ENSG00000105877	14168		0
DNAH14	ENSG00000185842	13659		0
DNAH17	ENSG00000187775	13723		0
DNAH2	ENSG00000183914	14563		0
DNAH3	ENSG00000158486	12135		0
DNAH5	ENSG00000039139	15634		0
DNAH6	ENSG00000115423	12752		0
DNAH7	ENSG00000118997	12394		0
DNAH8	ENSG00000124721	14361		0
DNAH9	ENSG00000007174	13711		0
DNAI1	ENSG00000122735	2500		0
DNAI2	ENSG00000171595	2237		0
DNAJA1	ENSG00000086061	2319		0
DNAJA2	ENSG00000069345	3008		0
DNAJA3	ENSG00000103423	2700		0
DNAJA4	ENSG00000140403	2957		0
DNAJB1	ENSG00000132002	2242		0
DNAJB11	ENSG00000090520	1640	ENSG00000283149	451
DNAJB12	ENSG00000148719	2935		0
DNAJB13	ENSG00000187726	1162		0
DNAJB14	ENSG00000164031	5967		0
DNAJB2	ENSG00000135924	3072		0
DNAJB4	ENSG00000162616	2903		0
DNAJB5	ENSG00000137094	2337		0
DNAJB6	ENSG00000105993	2489		0
DNAJB7	ENSG00000172404	2565		0
DNAJB8	ENSG00000179407	2111		0
DNAJB9	ENSG00000128590	2409		0
DNAJC1	ENSG00000136770	2095		0
DNAJC10	ENSG00000077232	20130	ENSG00000232430	338
DNAJC11	ENSG00000007923	3201		0
DNAJC12	ENSG00000108176	1197		0
DNAJC13	ENSG00000138246	7731		0
DNAJC14	ENSG00000135392	3256	ENSG00000257390	973
DNAJC15	ENSG00000120675	7459		0
DNAJC16	ENSG00000116138	6034		0
DNAJC17	ENSG00000104129	3721		0
DNAJC18	ENSG00000170464	5102		0
DNAJC19	ENSG00000205981	1416		0
DNAJC2	ENSG00000105821	2062		0
DNAJC21	ENSG00000168724	2310		0
DNAJC22	ENSG00000178401	4413		0
DNAJC24	ENSG00000170946	1984		0
DNAJC25	ENSG00000059769	2263	ENSG00000244115	358
DNAJC25-GNG10	ENSG00000244115	1448	ENSG00000242616	1088
DNAJC27	ENSG00000115137	4847		0
DNAJC28	ENSG00000177692	1370		0
DNAJC3	ENSG00000102580	5590		0
DNAJC30	ENSG00000176410	2486		0
DNAJC4	ENSG00000110011	1130		0
DNAJC5	ENSG00000101152	5194	ENSG00000290226	118
DNAJC5B	ENSG00000147570	1383		0
DNAJC5G	ENSG00000163793	1626		0
DNAJC6	ENSG00000116675	5564	ENSG00000222624	54
DNAJC7	ENSG00000168259	1806		0
DNAJC8	ENSG00000126698	1759		0
DNAJC9	ENSG00000213551	1426	ENSG00000288559	623
DNAL1	ENSG00000119661	8405		0
DNAL4	ENSG00000100246	1474		0
DNALI1	ENSG00000163879	2628		0
DNASE1	ENSG00000213918	1077		0
DNASE1L2	ENSG00000167968	1349		0
DNASE1L3	ENSG00000163687	1044		0
DNASE2	ENSG00000105612	1937		0
DNASE2B	ENSG00000137976	923		0
DND1	ENSG00000256453	1595		0
DNER	ENSG00000187957	3257		0
DNHD1	ENSG00000179532	14861	ENSG00000283977	199
DNLZ	ENSG00000289701	721	ENSG00000213221	680
DNM1L	ENSG00000087470	3102		0
DNM2	ENSG00000079805	3450	ENSG00000275640	1
DNM3	ENSG00000197959	7614		0
DNMBP	ENSG00000107554	6400		0
DNMT1	ENSG00000130816	5226		0
DNMT3A	ENSG00000119772	3404		0
DNMT3B	ENSG00000088305	4336		0
DNMT3L	ENSG00000142182	1384		0
DNPEP	ENSG00000123992	2323		0
DNPH1	ENSG00000112667	654		0
DNTT	ENSG00000107447	1934		0
DNTTIP1	ENSG00000101457	1264		0
DNTTIP2	ENSG00000067334	5896		0
DOC2A	ENSG00000149927	2013		0
DOCK1	ENSG00000150760	6778		0
DOCK10	ENSG00000135905	7260		0
DOCK11	ENSG00000147251	6626		0
DOCK2	ENSG00000134516	6069		0
DOCK3	ENSG00000088538	8756		0
DOCK4	ENSG00000128512	6213		0
DOCK5	ENSG00000147459	10071	ENSG00000274988	1
DOCK6	ENSG00000130158	6358		0
DOCK7	ENSG00000116641	6732		0
DOCK8	ENSG00000107099	7448		0
DOCK9	ENSG00000088387	7431		0
DOHH	ENSG00000129932	1726		0
DOK1	ENSG00000115325	1918		0
DOK2	ENSG00000147443	1766		0
DOK3	ENSG00000146094	1700		0
DOK4	ENSG00000125170	2771		0
DOK5	ENSG00000101134	1962		0
DOK6	ENSG00000206052	8891		0
DOK7	ENSG00000175920	2562		0
DOLK	ENSG00000175283	2074		0
DOLPP1	ENSG00000167130	2166		0
DONSON	ENSG00000159147	2147	ENSG00000249209	286
DOPEY1	ENSG00000083097	7957		0
DOPEY2	ENSG00000142197	7626		0
DOT1L	ENSG00000104885	7437		0
DPAGT1	ENSG00000172269	1837		0
DPCD	ENSG00000166171	819		0
DPCR1	ENSG00000168631	5313		0
DPEP1	ENSG00000015413	1550		0
DPEP2	ENSG00000167261	1697		0
DPEP3	ENSG00000141096	1688		0
DPF1	ENSG00000011332	1444		0
DPF2	ENSG00000133884	2701		0
DPF3	ENSG00000205683	1139		0
DPH1	ENSG00000108963	2178	ENSG00000262664	821
DPH2	ENSG00000132768	2466		0
DPH3	ENSG00000154813	3103		0
DPH5	ENSG00000117543	1317		0
DPH6	ENSG00000134146	2097		0
DPH7	ENSG00000148399	1838		0
DPM1	ENSG00000000419	1054		0
DPM2	ENSG00000136908	912		0
DPM3	ENSG00000179085	396		0
DPP10	ENSG00000175497	2886		0
DPP3	ENSG00000254986	2660	ENSG00000256349	236
DPP4	ENSG00000197635	3573		0
DPP6	ENSG00000130226	3711		0
DPP7	ENSG00000176978	1586		0
DPP8	ENSG00000074603	7077		0
DPP9	ENSG00000142002	4273		0
DPPA2	ENSG00000163530	1383		0
DPPA3	ENSG00000187569	1080		0
DPPA4	ENSG00000121570	2788		0
DPPA5	ENSG00000203909	659		0
DPRX	ENSG00000204595	649		0
DPT	ENSG00000143196	1719	ENSG00000285622	976
DPY19L1	ENSG00000173852	4641		0
DPY19L2	ENSG00000177990	3976		0
DPY19L3	ENSG00000178904	5977		0
DPY19L4	ENSG00000156162	6197		0
DPY30	ENSG00000162961	688		0
DPYD	ENSG00000188641	4412		0
DPYS	ENSG00000147647	2120		0
DPYSL2	ENSG00000092964	4149		0
DPYSL3	ENSG00000113657	4899		0
DPYSL4	ENSG00000151640	2664		0
DPYSL5	ENSG00000157851	5178		0
DQX1	ENSG00000144045	2541		0
DR1	ENSG00000117505	10124		0
DRAM1	ENSG00000136048	3279		0
DRAM2	ENSG00000156171	1876		0
DRAP1	ENSG00000175550	820		0
DRAXIN	ENSG00000162490	7347		0
DRC1	ENSG00000157856	2487		0
DRC3	ENSG00000171962	2013		0
DRC7	ENSG00000159625	3035		0
DRD1	ENSG00000184845	4029		0
DRD2	ENSG00000149295	2790		0
DRD3	ENSG00000151577	1423		0
DRD4	ENSG00000069696	1376		0
DRD5	ENSG00000169676	2331		0
DRG1	ENSG00000185721	1665		0
DRG2	ENSG00000108591	1900		0
DRGX	ENSG00000165606	2739		0
DRICH1	ENSG00000189269	1300	ENSG00000211683	158
DROSHA	ENSG00000113360	5306		0
DRP2	ENSG00000102385	7002		0
DSC1	ENSG00000134765	4225		0
DSC2	ENSG00000134755	12325		0
DSC3	ENSG00000134762	6940		0
DSCAM	ENSG00000171587	8552		0
DSCAML1	ENSG00000177103	6855		0
DSCC1	ENSG00000136982	2198		0
DSCR3	ENSG00000157538	3056		0
DSCR4	ENSG00000184029	314		0
DSCR8	ENSG00000198054	438		0
DSE	ENSG00000111817	10445	ENSG00000285446	766
DSEL	ENSG00000171451	9266		0
DSG1	ENSG00000134760	4974		0
DSG2	ENSG00000046604	5697		0
DSG3	ENSG00000134757	5526		0
DSG4	ENSG00000175065	3579		0
DSN1	ENSG00000149636	2169		0
DSP	ENSG00000096696	9697		0
DSPP	ENSG00000152591	4331		0
DST	ENSG00000151914	22333		0
DSTN	ENSG00000125868	3405		0
DSTYK	ENSG00000133059	7874		0
DTD1	ENSG00000125821	1226	ENSG00000284776	551
DTD2	ENSG00000129480	2713	ENSG00000203546	195
DTHD1	ENSG00000197057	3366		0
DTL	ENSG00000143476	4402		0
DTNA	ENSG00000134769	1802		0
DTNB	ENSG00000138101	2417		0
DTNBP1	ENSG00000047579	1383		0
DTWD1	ENSG00000104047	13649		0
DTWD2	ENSG00000169570	2308		0
DTX1	ENSG00000135144	3453		0
DTX2	ENSG00000091073	2641		0
DTX3	ENSG00000178498	1865		0
DTX3L	ENSG00000163840	5768		0
DTX4	ENSG00000110042	5643		0
DTYMK	ENSG00000168393	1051		0
DUOX1	ENSG00000137857	5483		0
DUOX2	ENSG00000140279	6342		0
DUOXA1	ENSG00000140254	1045		0
DUOXA2	ENSG00000140274	1755		0
DUPD1	ENSG00000188716	664		0
DUS1L	ENSG00000169718	2068		0
DUS2	ENSG00000167264	1982	ENSG00000261864	74
DUS3L	ENSG00000141994	2038	ENSG00000267157	146
DUS4L	ENSG00000105865	2207	ENSG00000288558	1055
DUSP1	ENSG00000120129	2013		0
DUSP10	ENSG00000143507	2589		0
DUSP11	ENSG00000144048	1570		0
DUSP12	ENSG00000081721	1254		0
DUSP13	ENSG00000079393	917	ENSG00000293542	840
DUSP14	ENSG00000276023	1474		0
DUSP15	ENSG00000149599	1224		0
DUSP16	ENSG00000111266	5254		0
DUSP18	ENSG00000167065	1060		0
DUSP19	ENSG00000162999	5177		0
DUSP2	ENSG00000158050	1685		0
DUSP21	ENSG00000189037	868		0
DUSP22	ENSG00000112679	3073		0
DUSP23	ENSG00000158716	700		0
DUSP26	ENSG00000133878	1753		0
DUSP27	ENSG00000198842	4134		0
DUSP28	ENSG00000188542	1253		0
DUSP3	ENSG00000108861	4095		0
DUSP4	ENSG00000120875	5537		0
DUSP5	ENSG00000138166	2477		0
DUSP6	ENSG00000139318	3627		0
DUSP7	ENSG00000164086	3340		0
DUSP8	ENSG00000184545	4473		0
DUSP9	ENSG00000130829	2211		0
DUT	ENSG00000128951	1770		0
DUXA	ENSG00000258873	1006		0
DVL1	ENSG00000107404	3237		0
DVL2	ENSG00000004975	2989		0
DVL3	ENSG00000161202	5255		0
DXO	ENSG00000204348	1469		0
DYDC1	ENSG00000170788	627		0
DYDC2	ENSG00000133665	1665		0
DYM	ENSG00000141627	4893		0
DYNAP	ENSG00000178690	1941		0
DYNC1H1	ENSG00000197102	14288		0
DYNC1I1	ENSG00000158560	2900		0
DYNC1I2	ENSG00000077380	2529		0
DYNC1LI1	ENSG00000144635	2485		0
DYNC1LI2	ENSG00000135720	4326		0
DYNC2H1	ENSG00000187240	12925		0
DYNC2LI1	ENSG00000138036	1399		0
DYNLL1	ENSG00000088986	559		0
DYNLL2	ENSG00000264364	6801		0
DYNLRB1	ENSG00000125971	662	ENSG00000289720	583
DYNLRB2	ENSG00000168589	461		0
DYNLT1	ENSG00000146425	726		0
DYNLT3	ENSG00000165169	2151		0
DYRK1A	ENSG00000157540	2396		0
DYRK1B	ENSG00000105204	2356	ENSG00000291312	354
DYRK2	ENSG00000127334	8888		0
DYRK3	ENSG00000143479	2163		0
DYRK4	ENSG00000010219	1814	ENSG00000272921	143
DYSF	ENSG00000135636	6384		0
DYTN	ENSG00000232125	2051		0
DYX1C1	ENSG00000256061	1880	ENSG00000261771	1184
DZANK1	ENSG00000089091	3344		0
DZIP1	ENSG00000134874	7063		0
DZIP1L	ENSG00000158163	3492		0
DZIP3	ENSG00000198919	5304		0
E2F1	ENSG00000101412	2485		0
E2F2	ENSG00000007968	5183		0
E2F3	ENSG00000112242	4749		0
E2F4	ENSG00000205250	2097		0
E2F5	ENSG00000133740	1729		0
E2F6	ENSG00000169016	3218		0
E2F7	ENSG00000165891	5725		0
E2F8	ENSG00000129173	3308		0
E4F1	ENSG00000167967	2548		0
EAF1	ENSG00000144597	4447		0
EAF2	ENSG00000145088	993		0
EAPP	ENSG00000129518	1303		0
EARS2	ENSG00000103356	3937		0
EBAG9	ENSG00000147654	1258	ENSG00000289767	75
EBF1	ENSG00000164330	5250		0
EBF2	ENSG00000221818	5146		0
EBF3	ENSG00000108001	4377		0
EBF4	ENSG00000088881	2912		0
EBI3	ENSG00000105246	1158		0
EBLN1	ENSG00000223601	1209		0
EBLN2	ENSG00000255423	1679		0
EBNA1BP2	ENSG00000117395	1322		0
EBP	ENSG00000147155	1125	ENSG00000286268	644
EBPL	ENSG00000123179	915		0
ECD	ENSG00000122882	3006		0
ECE1	ENSG00000117298	2459		0
ECE2	ENSG00000284917	3445	ENSG00000145194	2965
ECEL1	ENSG00000171551	2865		0
ECH1	ENSG00000104823	1200	ENSG00000268083	402
ECHDC1	ENSG00000093144	2339		0
ECHDC2	ENSG00000121310	1483		0
ECHDC3	ENSG00000134463	1633		0
ECHS1	ENSG00000127884	1277		0
ECI1	ENSG00000167969	1507		0
ECI2	ENSG00000198721	1368		0
ECM1	ENSG00000143369	2046		0
ECM2	ENSG00000106823	3185		0
ECSIT	ENSG00000130159	1647		0
ECT2	ENSG00000114346	4043		0
ECT2L	ENSG00000203734	4261		0
EDA2R	ENSG00000131080	3418		0
EDAR	ENSG00000135960	4062		0
EDARADD	ENSG00000186197	850		0
EDC3	ENSG00000179151	3744		0
EDC4	ENSG00000038358	4767	ENSG00000263126	1257
EDDM3A	ENSG00000181562	928		0
EDDM3B	ENSG00000181552	897		0
EDEM1	ENSG00000134109	6112		0
EDEM2	ENSG00000088298	1884		0
EDEM3	ENSG00000116406	6837		0
EDF1	ENSG00000107223	640		0
EDIL3	ENSG00000164176	4727		0
EDN1	ENSG00000078401	2034		0
EDN2	ENSG00000127129	1241		0
EDN3	ENSG00000124205	2452		0
EDNRA	ENSG00000151617	3970		0
EDNRB	ENSG00000136160	4278		0
EDRF1	ENSG00000107938	4381		0
EEA1	ENSG00000102189	9839		0
EED	ENSG00000074266	2014	ENSG00000283744	1
EEF1A1	ENSG00000156508	3498		0
EEF1A2	ENSG00000101210	1747		0
EEF1B2	ENSG00000114942	745		0
EEF1D	ENSG00000104529	2076		0
EEF1E1	ENSG00000124802	1047	ENSG00000265818	393
EEF1E1-BLOC1S5	ENSG00000265818	768	ENSG00000124802	393
EEF1G	ENSG00000255508	1522	ENSG00000254772	1442
EEF2	ENSG00000167658	3158		0
EEF2K	ENSG00000103319	7389		0
EEF2KMT	ENSG00000118894	2378		0
EEFSEC	ENSG00000132394	2205		0
EEPD1	ENSG00000122547	4655		0
EFCAB1	ENSG00000034239	2052		0
EFCAB10	ENSG00000185055	406		0
EFCAB11	ENSG00000140025	3095	ENSG00000259053	170
EFCAB12	ENSG00000172771	2139		0
EFCAB13	ENSG00000178852	3932	ENSG00000259753	519
EFCAB14	ENSG00000159658	5767		0
EFCAB2	ENSG00000203666	1232		0
EFCAB3	ENSG00000172421	1542		0
EFCAB5	ENSG00000176927	5103		0
EFCAB6	ENSG00000186976	4835		0
EFCAB7	ENSG00000203965	2178		0
EFCAB8	ENSG00000215529	3961		0
EFCAB9	ENSG00000214360	702		0
EFCC1	ENSG00000114654	2693		0
EFEMP1	ENSG00000115380	2667		0
EFEMP2	ENSG00000172638	1929		0
EFHB	ENSG00000163576	2823		0
EFHC1	ENSG00000096093	5436		0
EFHC2	ENSG00000183690	2465		0
EFHD1	ENSG00000115468	1878		0
EFHD2	ENSG00000142634	2416		0
EFNA1	ENSG00000169242	1510		0
EFNA2	ENSG00000099617	950		0
EFNA3	ENSG00000143590	1783	ENSG00000251246	853
EFNA4	ENSG00000243364	1254	ENSG00000251246	189
EFNA5	ENSG00000184349	5330		0
EFNB1	ENSG00000090776	3290		0
EFNB2	ENSG00000125266	4447		0
EFNB3	ENSG00000108947	3216		0
EFR3A	ENSG00000132294	5433		0
EFR3B	ENSG00000084710	7433		0
EFS	ENSG00000100842	2653		0
EFTUD1	ENSG00000140598	3643		0
EFTUD2	ENSG00000108883	4326		0
EGF	ENSG00000138798	4881		0
EGFL6	ENSG00000198759	2399		0
EGFL7	ENSG00000172889	1350		0
EGFL8	ENSG00000241404	1298	ENSG00000258388	1261
EGFLAM	ENSG00000164318	4261		0
EGFR	ENSG00000146648	9822		0
EGLN1	ENSG00000135766	4335	ENSG00000287856	863
EGLN2	ENSG00000269858	2098	ENSG00000171570	2012
EGLN3	ENSG00000129521	2703		0
EGR1	ENSG00000120738	3127		0
EGR2	ENSG00000122877	2968	ENSG00000289487	145
EGR3	ENSG00000179388	4336		0
EGR4	ENSG00000135625	2220		0
EHBP1	ENSG00000115504	4953		0
EHBP1L1	ENSG00000173442	5170		0
EHD1	ENSG00000110047	4453		0
EHD2	ENSG00000024422	3506		0
EHD3	ENSG00000013016	4637		0
EHD4	ENSG00000103966	6396		0
EHF	ENSG00000135373	3151		0
EHHADH	ENSG00000113790	3801		0
EHMT1	ENSG00000181090	5095	ENSG00000283411	52
EHMT2	ENSG00000204371	3814		0
EID1	ENSG00000255302	2040		0
EID2	ENSG00000176396	1455		0
EID2B	ENSG00000176401	1864		0
EID3	ENSG00000255150	1464		0
EIF1	ENSG00000173812	2331		0
EIF1AD	ENSG00000175376	2762		0
EIF1AX	ENSG00000173674	4414		0
EIF1AY	ENSG00000198692	1339		0
EIF1B	ENSG00000114784	987	ENSG00000291315	129
EIF2A	ENSG00000144895	2105		0
EIF2AK1	ENSG00000086232	4411		0
EIF2AK2	ENSG00000055332	9975		0
EIF2AK3	ENSG00000172071	4535		0
EIF2AK4	ENSG00000128829	5500		0
EIF2B1	ENSG00000111361	2397		0
EIF2B2	ENSG00000119718	4304		0
EIF2B3	ENSG00000070785	1645		0
EIF2B4	ENSG00000115211	1644		0
EIF2B5	ENSG00000145191	2561		0
EIF2D	ENSG00000143486	2005		0
EIF2S1	ENSG00000134001	4154		0
EIF2S2	ENSG00000125977	2556		0
EIF2S3	ENSG00000130741	2618		0
EIF2S3L	ENSG00000180574	1602		0
EIF3A	ENSG00000107581	6646		0
EIF3B	ENSG00000106263	3056		0
EIF3C	ENSG00000184110	2855	ENSG00000278340	1
EIF3CL	ENSG00000205609	2913		0
EIF3D	ENSG00000100353	1880		0
EIF3E	ENSG00000104408	1496		0
EIF3F	ENSG00000175390	6920		0
EIF3G	ENSG00000130811	1101		0
EIF3H	ENSG00000147677	3959		0
EIF3I	ENSG00000084623	1421		0
EIF3J	ENSG00000104131	2479		0
EIF3K	ENSG00000178982	772		0
EIF3L	ENSG00000100129	2044	ENSG00000279738	939
EIF3M	ENSG00000149100	5045		0
EIF4A1	ENSG00000264772	1759	ENSG00000161960	1757
EIF4A2	ENSG00000156976	1886		0
EIF4A3	ENSG00000141543	1680		0
EIF4B	ENSG00000063046	3850		0
EIF4E	ENSG00000151247	2427		0
EIF4E1B	ENSG00000175766	1975		0
EIF4E2	ENSG00000135930	967		0
EIF4E3	ENSG00000163412	9950	ENSG00000285708	391
EIF4EBP1	ENSG00000187840	827		0
EIF4EBP2	ENSG00000148730	7258		0
EIF4EBP3	ENSG00000243056	690	ENSG00000254996	507
EIF4ENIF1	ENSG00000184708	3498		0
EIF4G1	ENSG00000114867	5405		0
EIF4G2	ENSG00000110321	3572		0
EIF4G3	ENSG00000075151	5793		0
EIF4H	ENSG00000106682	2563		0
EIF5	ENSG00000100664	5710	ENSG00000291313	514
EIF5A	ENSG00000132507	1256		0
EIF5A2	ENSG00000163577	5534		0
EIF5AL1	ENSG00000253626	3841		0
EIF5B	ENSG00000158417	5741		0
EIF6	ENSG00000242372	1022	ENSG00000261582	284
ELAC1	ENSG00000141642	2211	ENSG00000267699	261
ELAC2	ENSG00000006744	2989		0
ELANE	ENSG00000197561	909		0
ELAVL1	ENSG00000066044	2206	ENSG00000279827	37
ELAVL2	ENSG00000107105	3546		0
ELAVL3	ENSG00000196361	4729	ENSG00000267477	256
ELAVL4	ENSG00000162374	2208		0
ELF1	ENSG00000120690	3567		0
ELF2	ENSG00000109381	3967		0
ELF3	ENSG00000163435	1930	ENSG00000249007	450
ELF4	ENSG00000102034	4049		0
ELF5	ENSG00000135374	2316		0
ELFN1	ENSG00000225968	3838		0
ELFN2	ENSG00000166897	8361	ENSG00000243902	148
ELK1	ENSG00000126767	2695		0
ELK3	ENSG00000111145	4195		0
ELK4	ENSG00000158711	10239		0
ELL	ENSG00000105656	3970		0
ELL2	ENSG00000118985	5826		0
ELL3	ENSG00000128886	1755	ENSG00000262560	1558
ELMO1	ENSG00000155849	3638		0
ELMO2	ENSG00000062598	3666		0
ELMO3	ENSG00000102890	2486		0
ELMOD1	ENSG00000110675	1991		0
ELMOD2	ENSG00000179387	4399		0
ELMOD3	ENSG00000115459	2364		0
ELMSAN1	ENSG00000156030	7268		0
ELN	ENSG00000049540	3397		0
ELOF1	ENSG00000130165	1010		0
ELOVL1	ENSG00000066322	1466		0
ELOVL2	ENSG00000197977	3988		0
ELOVL3	ENSG00000119915	1372		0
ELOVL4	ENSG00000118402	3013		0
ELOVL5	ENSG00000012660	2765		0
ELOVL6	ENSG00000170522	6417		0
ELOVL7	ENSG00000164181	3874		0
ELP2	ENSG00000134759	8431		0
ELP3	ENSG00000134014	3148		0
ELP4	ENSG00000109911	1767		0
ELP5	ENSG00000170291	1275		0
ELP6	ENSG00000163832	1352		0
ELSPBP1	ENSG00000169393	1053		0
EMB	ENSG00000170571	4202		0
EMC1	ENSG00000127463	6637		0
EMC10	ENSG00000161671	9438		0
EMC2	ENSG00000104412	1243		0
EMC3	ENSG00000125037	2353		0
EMC4	ENSG00000128463	1019		0
EMC6	ENSG00000127774	654		0
EMC7	ENSG00000134153	1069		0
EMC8	ENSG00000131148	1962		0
EMC9	ENSG00000100908	832		0
EMCN	ENSG00000164035	3966		0
EMD	ENSG00000102119	1281		0
EME1	ENSG00000154920	2330		0
EME2	ENSG00000197774	1235		0
EMID1	ENSG00000186998	2128		0
EMILIN1	ENSG00000138080	3890		0
EMILIN2	ENSG00000132205	5911		0
EMILIN3	ENSG00000183798	3788		0
EML1	ENSG00000066629	4460		0
EML2	ENSG00000125746	2234		0
EML3	ENSG00000149499	3256		0
EML4	ENSG00000143924	5546		0
EML5	ENSG00000165521	9570		0
EML6	ENSG00000214595	8313		0
EMP1	ENSG00000134531	5911		0
EMP2	ENSG00000213853	5097		0
EMP3	ENSG00000142227	649		0
EMX1	ENSG00000135638	2144		0
EMX2	ENSG00000170370	2595		0
EN1	ENSG00000163064	2427		0
EN2	ENSG00000164778	3395		0
ENAH	ENSG00000154380	13087		0
ENAM	ENSG00000132464	5679	ENSG00000286848	55
ENC1	ENSG00000171617	4821		0
ENDOD1	ENSG00000149218	4651		0
ENDOG	ENSG00000167136	1145		0
ENDOU	ENSG00000111405	2368		0
ENDOV	ENSG00000173818	2815		0
ENG	ENSG00000106991	2924		0
ENGASE	ENSG00000167280	2580		0
ENHO	ENSG00000168913	1028		0
ENKD1	ENSG00000124074	1565		0
ENKUR	ENSG00000151023	3376		0
ENO1	ENSG00000074800	1780		0
ENO2	ENSG00000111674	2293		0
ENO3	ENSG00000108515	1453		0
ENO4	ENSG00000188316	2866		0
ENOPH1	ENSG00000145293	1997		0
ENOSF1	ENSG00000132199	1822		0
ENOX1	ENSG00000120658	2946		0
ENOX2	ENSG00000165675	3939		0
ENPEP	ENSG00000138792	6861		0
ENPP1	ENSG00000197594	7438		0
ENPP2	ENSG00000136960	3077		0
ENPP3	ENSG00000154269	3165		0
ENPP4	ENSG00000001561	4641		0
ENPP5	ENSG00000112796	3835		0
ENPP6	ENSG00000164303	3848		0
ENPP7	ENSG00000182156	2016		0
ENSA	ENSG00000143420	1211		0
ENTHD1	ENSG00000176177	2680		0
ENTHD2	ENSG00000167302	2251		0
ENTPD1	ENSG00000138185	1829	ENSG00000270099	173
ENTPD2	ENSG00000054179	2086		0
ENTPD3	ENSG00000168032	2791		0
ENTPD4	ENSG00000197217	5803		0
ENTPD5	ENSG00000187097	5261		0
ENTPD6	ENSG00000197586	2751		0
ENTPD7	ENSG00000198018	3547		0
ENTPD8	ENSG00000188833	2130		0
ENY2	ENSG00000120533	539		0
EOGT	ENSG00000163378	4443		0
EOMES	ENSG00000163508	3207		0
EP300	ENSG00000100393	8779	ENSG00000284015	54
EP400	ENSG00000183495	12289		0
EP400NL	ENSG00000185684	1189	ENSG00000291171	287
EPAS1	ENSG00000116016	5155		0
EPB41	ENSG00000159023	5831		0
EPB41L1	ENSG00000088367	6267		0
EPB41L2	ENSG00000079819	4380		0
EPB41L3	ENSG00000082397	4459		0
EPB41L4A	ENSG00000129595	4670		0
EPB41L4B	ENSG00000095203	5801		0
EPB41L5	ENSG00000115109	6556		0
EPB42	ENSG00000166947	2342	ENSG00000285117	447
EPC1	ENSG00000120616	3997		0
EPC2	ENSG00000135999	3650		0
EPCAM	ENSG00000119888	1547		0
EPDR1	ENSG00000086289	2515	ENSG00000290149	422
EPG5	ENSG00000152223	12633		0
EPGN	ENSG00000182585	1197		0
EPHA1	ENSG00000146904	3310		0
EPHA10	ENSG00000183317	5423		0
EPHA2	ENSG00000142627	3946		0
EPHA3	ENSG00000044524	5712		0
EPHA4	ENSG00000116106	6347		0
EPHA5	ENSG00000145242	8345		0
EPHA6	ENSG00000080224	3963		0
EPHA7	ENSG00000135333	6588		0
EPHA8	ENSG00000070886	4944		0
EPHB1	ENSG00000154928	4673	ENSG00000288700	346
EPHB2	ENSG00000133216	3675		0
EPHB3	ENSG00000182580	4234		0
EPHB4	ENSG00000196411	4329		0
EPHX1	ENSG00000143819	1631		0
EPHX2	ENSG00000120915	2776		0
EPHX3	ENSG00000105131	1822		0
EPHX4	ENSG00000172031	1434		0
EPM2A	ENSG00000112425	3129		0
EPM2AIP1	ENSG00000178567	8089		0
EPN1	ENSG00000063245	16219	ENSG00000268593	306
EPN2	ENSG00000072134	4846		0
EPN3	ENSG00000049283	3879		0
EPO	ENSG00000130427	1331		0
EPOR	ENSG00000187266	2409		0
EPPIN	ENSG00000101448	1964	ENSG00000249139	458
EPPIN-WFDC6	ENSG00000249139	591	ENSG00000101448	435
EPRS	ENSG00000136628	4862		0
EPS15	ENSG00000085832	5163		0
EPS15L1	ENSG00000127527	2611		0
EPS8	ENSG00000151491	3878		0
EPS8L1	ENSG00000131037	2537		0
EPS8L2	ENSG00000177106	3030		0
EPS8L3	ENSG00000198758	2219		0
EPSTI1	ENSG00000133106	3106		0
EPT1	ENSG00000138018	8066		0
EPX	ENSG00000121053	2709		0
EPYC	ENSG00000083782	1482		0
EQTN	ENSG00000120160	1034		0
ERAL1	ENSG00000132591	1841		0
ERAP1	ENSG00000164307	2922		0
ERAP2	ENSG00000164308	5131		0
ERAS	ENSG00000187682	789		0
ERBB2	ENSG00000141736	4542	ENSG00000265178	1
ERBB2IP	ENSG00000112851	6391		0
ERBB3	ENSG00000065361	5615	ENSG00000257411	31
ERBB4	ENSG00000178568	12097		0
ERC1	ENSG00000082805	5790		0
ERC2	ENSG00000187672	6135		0
ERCC1	ENSG00000012061	3379		0
ERCC2	ENSG00000104884	4108		0
ERCC3	ENSG00000163161	2718		0
ERCC4	ENSG00000175595	6759		0
ERCC5	ENSG00000134899	3888	ENSG00000270181	3564
ERCC6	ENSG00000225830	8009		0
ERCC6-PGBD3	ENSG00000225830	1490		0
ERCC6L	ENSG00000186871	4218		0
ERCC6L2	ENSG00000182150	2439		0
ERCC8	ENSG00000049167	2018		0
EREG	ENSG00000124882	4615		0
ERF	ENSG00000105722	2670	ENSG00000268643	155
ERG	ENSG00000157554	4904		0
ERGIC1	ENSG00000113719	2880		0
ERGIC2	ENSG00000087502	5014		0
ERGIC3	ENSG00000125991	1302		0
ERH	ENSG00000100632	791		0
ERI1	ENSG00000104626	4521		0
ERI2	ENSG00000196678	3499		0
ERI3	ENSG00000117419	1684		0
ERICH1	ENSG00000104714	1798		0
ERICH2	ENSG00000204334	520		0
ERICH3	ENSG00000178965	7147		0
ERICH4	ENSG00000204978	947		0
ERICH5	ENSG00000177459	1503		0
ERICH6	ENSG00000163645	2021		0
ERICH6B	ENSG00000165837	2422		0
ERLEC1	ENSG00000068912	2411		0
ERLIN1	ENSG00000107566	3487	ENSG00000213341	35
ERLIN2	ENSG00000147475	5387		0
ERMAP	ENSG00000164010	3424		0
ERMARD	ENSG00000130023	2142		0
ERMN	ENSG00000136541	3677		0
ERMP1	ENSG00000099219	5377		0
ERN1	ENSG00000178607	7876		0
ERN2	ENSG00000134398	3272		0
ERO1A	ENSG00000197930	5139		0
ERO1B	ENSG00000086619	4541		0
ERP27	ENSG00000139055	1547		0
ERP29	ENSG00000089248	1623		0
ERP44	ENSG00000023318	4808		0
ERRFI1	ENSG00000116285	3096		0
ERV3-1	ENSG00000213462	2720	ENSG00000152926	229
ERVFRD-1	ENSG00000244476	3191		0
ERVMER34-1	ENSG00000226887	3614		0
ERVV-1	ENSG00000269526	2202		0
ERVV-2	ENSG00000268964	2429		0
ERVW-1	ENSG00000242950	2763		0
ESAM	ENSG00000149564	1823		0
ESCO1	ENSG00000141446	4488		0
ESCO2	ENSG00000171320	3754		0
ESD	ENSG00000139684	1121		0
ESF1	ENSG00000089048	3155		0
ESM1	ENSG00000164283	2096		0
ESPL1	ENSG00000135476	6618		0
ESPN	ENSG00000187017	3532		0
ESPNL	ENSG00000144488	4653		0
ESR1	ENSG00000091831	6167		0
ESR2	ENSG00000140009	2061		0
ESRP1	ENSG00000104413	3725		0
ESRP2	ENSG00000103067	3337	ENSG00000262160	21
ESRRA	ENSG00000173153	2216		0
ESRRB	ENSG00000119715	1368		0
ESRRG	ENSG00000196482	5009		0
ESX1	ENSG00000123576	1495		0
ESYT1	ENSG00000139641	4177		0
ESYT2	ENSG00000117868	5839		0
ESYT3	ENSG00000158220	4404		0
ETAA1	ENSG00000143971	3404		0
ETF1	ENSG00000120705	3679		0
ETFA	ENSG00000140374	2288		0
ETFB	ENSG00000105379	871	ENSG00000269403	337
ETFDH	ENSG00000171503	3111		0
ETHE1	ENSG00000105755	920		0
ETNK1	ENSG00000139163	7063		0
ETNK2	ENSG00000143845	2434		0
ETNPPL	ENSG00000164089	2086		0
ETS1	ENSG00000134954	1840		0
ETS2	ENSG00000157557	3627		0
ETV1	ENSG00000006468	6459		0
ETV2	ENSG00000105672	1487		0
ETV3	ENSG00000117036	5254		0
ETV3L	ENSG00000253831	1977		0
ETV4	ENSG00000175832	2335		0
ETV5	ENSG00000244405	4082		0
ETV6	ENSG00000139083	5965		0
ETV7	ENSG00000010030	1605		0
EVA1A	ENSG00000115363	1802		0
EVA1B	ENSG00000142694	793		0
EVA1C	ENSG00000166979	1671		0
EVC	ENSG00000072840	6427		0
EVC2	ENSG00000173040	4382		0
EVI2A	ENSG00000126860	1593	ENSG00000265118	524
EVI2B	ENSG00000185862	1937	ENSG00000265118	484
EVI5	ENSG00000067208	7342		0
EVI5L	ENSG00000142459	3856		0
EVL	ENSG00000196405	1834		0
EVPL	ENSG00000167880	6468		0
EVPLL	ENSG00000214860	1979	ENSG00000267441	589
EVX1	ENSG00000106038	2853		0
EVX2	ENSG00000174279	4203		0
EWSR1	ENSG00000182944	2173		0
EXD1	ENSG00000178997	2939		0
EXD2	ENSG00000081177	3253		0
EXD3	ENSG00000187609	2773		0
EXO1	ENSG00000174371	3449		0
EXO5	ENSG00000164002	1866		0
EXOC1	ENSG00000090989	3519		0
EXOC2	ENSG00000112685	4428		0
EXOC3	ENSG00000180104	2801		0
EXOC3L1	ENSG00000179044	2429		0
EXOC3L2	ENSG00000283632	1701		0
EXOC3L4	ENSG00000205436	2233		0
EXOC4	ENSG00000131558	4180		0
EXOC5	ENSG00000070367	10486		0
EXOC6	ENSG00000138190	3564		0
EXOC6B	ENSG00000144036	5910		0
EXOC7	ENSG00000182473	4597		0
EXOC8	ENSG00000116903	5100		0
EXOG	ENSG00000157036	2724		0
EXOSC1	ENSG00000171311	913		0
EXOSC10	ENSG00000171824	2721		0
EXOSC2	ENSG00000130713	1981		0
EXOSC3	ENSG00000107371	1806	ENSG00000255872	150
EXOSC4	ENSG00000178896	841	ENSG00000290230	792
EXOSC5	ENSG00000077348	998		0
EXOSC6	ENSG00000223496	5153		0
EXOSC7	ENSG00000075914	1041		0
EXOSC8	ENSG00000120699	953		0
EXOSC9	ENSG00000123737	1475		0
EXPH5	ENSG00000110723	10183		0
EXT1	ENSG00000182197	8243		0
EXT2	ENSG00000151348	3007		0
EXTL1	ENSG00000158008	4016		0
EXTL2	ENSG00000162694	2795		0
EXTL3	ENSG00000012232	6309		0
EYA1	ENSG00000104313	3740		0
EYA2	ENSG00000064655	2483	ENSG00000239783	53
EYA3	ENSG00000158161	5999		0
EYA4	ENSG00000112319	2875		0
EYS	ENSG00000188107	10589		0
EZH1	ENSG00000108799	4623		0
EZH2	ENSG00000106462	2640		0
EZR	ENSG00000092820	3000		0
F10	ENSG00000126218	1518		0
F11	ENSG00000088926	2152		0
F11R	ENSG00000158769	4639	ENSG00000270149	1853
F12	ENSG00000131187	2036		0
F13A1	ENSG00000124491	3828		0
F13B	ENSG00000143278	2211		0
F2	ENSG00000180210	1990		0
F2R	ENSG00000181104	3727		0
F2RL1	ENSG00000164251	2861		0
F2RL2	ENSG00000164220	3398		0
F2RL3	ENSG00000127533	3334		0
F3	ENSG00000117525	2247		0
F5	ENSG00000198734	6918		0
F7	ENSG00000057593	3044		0
F8	ENSG00000185010	9030		0
F8A1	ENSG00000288722	1707		0
F8A2	ENSG00000288709	1117		0
F8A3	ENSG00000277150	1707		0
F9	ENSG00000101981	2781		0
FA2H	ENSG00000103089	2405		0
FAAH	ENSG00000117480	2042		0
FAAH2	ENSG00000165591	1980		0
FAAP100	ENSG00000185504	3597		0
FAAP20	ENSG00000162585	727		0
FAAP24	ENSG00000131944	2299		0
FABP1	ENSG00000163586	501		0
FABP12	ENSG00000197416	551		0
FABP2	ENSG00000145384	2226		0
FABP3	ENSG00000121769	726		0
FABP4	ENSG00000170323	911		0
FABP5	ENSG00000164687	676		0
FABP6	ENSG00000170231	496		0
FABP7	ENSG00000164434	785		0
FABP9	ENSG00000205186	498		0
FADD	ENSG00000168040	1708		0
FADS1	ENSG00000149485	4364		0
FADS2	ENSG00000134824	3091		0
FADS3	ENSG00000221968	1779		0
FAF1	ENSG00000185104	6817		0
FAF2	ENSG00000113194	4485		0
FAH	ENSG00000103876	1430		0
FAHD1	ENSG00000180185	1705		0
FAHD2A	ENSG00000115042	1241		0
FAHD2B	ENSG00000144199	1388		0
FAIM	ENSG00000158234	947		0
FAIM2	ENSG00000135472	4654		0
FAM101A	ENSG00000178882	1941		0
FAM101B	ENSG00000183688	3621		0
FAM102A	ENSG00000167106	4141		0
FAM102B	ENSG00000162636	5584		0
FAM103A1	ENSG00000169612	1565		0
FAM104A	ENSG00000133193	2786		0
FAM104B	ENSG00000182518	1055		0
FAM105A	ENSG00000145569	3580		0
FAM107A	ENSG00000168309	2994		0
FAM107B	ENSG00000065809	3085		0
FAM109A	ENSG00000198324	2785		0
FAM109B	ENSG00000177096	2333		0
FAM110A	ENSG00000125898	1807		0
FAM110B	ENSG00000169122	3319		0
FAM110C	ENSG00000184731	3760		0
FAM110D	ENSG00000197245	2799		0
FAM111A	ENSG00000166801	3951		0
FAM111B	ENSG00000189057	3488		0
FAM114A1	ENSG00000197712	4051		0
FAM114A2	ENSG00000055147	4414		0
FAM117A	ENSG00000121104	2329		0
FAM117B	ENSG00000138439	5764		0
FAM118A	ENSG00000100376	2790		0
FAM118B	ENSG00000197798	2016		0
FAM120A	ENSG00000048828	5119		0
FAM120AOS	ENSG00000188938	2761		0
FAM120B	ENSG00000112584	5153		0
FAM120C	ENSG00000184083	8056		0
FAM122A	ENSG00000187866	4544		0
FAM122B	ENSG00000156504	1382		0
FAM122C	ENSG00000156500	1103		0
FAM124A	ENSG00000150510	1969		0
FAM124B	ENSG00000124019	2509		0
FAM126A	ENSG00000122591	13177		0
FAM126B	ENSG00000155744	9333		0
FAM127A	ENSG00000134590	1182		0
FAM127B	ENSG00000203950	1204		0
FAM127C	ENSG00000212747	2017		0
FAM129A	ENSG00000135842	6884		0
FAM129B	ENSG00000136830	3942		0
FAM129C	ENSG00000167483	2152		0
FAM131A	ENSG00000175182	1335		0
FAM131B	ENSG00000159784	4285		0
FAM131C	ENSG00000185519	1695		0
FAM132A	ENSG00000184163	1036		0
FAM132B	ENSG00000178752	1066		0
FAM133A	ENSG00000179083	3090		0
FAM133B	ENSG00000234545	2023		0
FAM134A	ENSG00000144567	4556		0
FAM134B	ENSG00000154153	3208		0
FAM134C	ENSG00000141699	3749		0
FAM135A	ENSG00000082269	5207		0
FAM135B	ENSG00000147724	6962		0
FAM136A	ENSG00000035141	1787		0
FAM13A	ENSG00000138640	5853		0
FAM13B	ENSG00000031003	5465		0
FAM149A	ENSG00000109794	1906		0
FAM149B1	ENSG00000138286	5409		0
FAM150A	ENSG00000196711	1140		0
FAM150B	ENSG00000189292	1184		0
FAM151A	ENSG00000162391	1975		0
FAM151B	ENSG00000152380	1586		0
FAM153A	ENSG00000170074	1252		0
FAM153B	ENSG00000289731	1333		0
FAM155A	ENSG00000204442	8503		0
FAM155B	ENSG00000130054	4014		0
FAM156B	ENSG00000179304	2016		0
FAM159A	ENSG00000182183	749		0
FAM159B	ENSG00000145642	652		0
FAM160A1	ENSG00000164142	4577		0
FAM160A2	ENSG00000051009	3364		0
FAM160B1	ENSG00000151553	5774		0
FAM160B2	ENSG00000158863	4246		0
FAM161A	ENSG00000170264	3602		0
FAM161B	ENSG00000156050	3759		0
FAM162A	ENSG00000114023	3052		0
FAM162B	ENSG00000183807	1032		0
FAM163A	ENSG00000143340	2781		0
FAM163B	ENSG00000196990	590		0
FAM166A	ENSG00000188163	1091		0
FAM166B	ENSG00000215187	938		0
FAM167A	ENSG00000154319	4067		0
FAM167B	ENSG00000183615	937		0
FAM168A	ENSG00000054965	1697		0
FAM168B	ENSG00000152102	5286		0
FAM169A	ENSG00000198780	5902		0
FAM169B	ENSG00000293555	3298	ENSG00000283597	539
FAM170A	ENSG00000164334	1376		0
FAM170B	ENSG00000172538	1401		0
FAM171A1	ENSG00000148468	3952		0
FAM171A2	ENSG00000161682	3138		0
FAM171B	ENSG00000144369	5731		0
FAM172A	ENSG00000113391	4313	ENSG00000284336	93
FAM173A	ENSG00000103254	870		0
FAM173B	ENSG00000150756	1424		0
FAM174A	ENSG00000174132	1287		0
FAM174B	ENSG00000185442	682		0
FAM175A	ENSG00000163322	4210		0
FAM175B	ENSG00000165660	2955		0
FAM177A1	ENSG00000151327	2923		0
FAM177B	ENSG00000197520	765		0
FAM178B	ENSG00000168754	781		0
FAM179A	ENSG00000189350	3548		0
FAM179B	ENSG00000198718	6248		0
FAM180A	ENSG00000189320	1768		0
FAM180B	ENSG00000196666	1389		0
FAM181A	ENSG00000140067	971		0
FAM181B	ENSG00000182103	3925		0
FAM182B	ENSG00000175170	203		0
FAM183A	ENSG00000186973	489		0
FAM184A	ENSG00000111879	4063		0
FAM184B	ENSG00000047662	6622		0
FAM185A	ENSG00000222011	1180		0
FAM186A	ENSG00000185958	7128		0
FAM186B	ENSG00000135436	2944		0
FAM187A	ENSG00000167131	1731	ENSG00000214447	247
FAM187B	ENSG00000177558	1184		0
FAM188A	ENSG00000148481	2364		0
FAM188B	ENSG00000106125	2733	ENSG00000254959	2287
FAM189A1	ENSG00000104059	4706		0
FAM189A2	ENSG00000135063	2048		0
FAM189B	ENSG00000160767	3083		0
FAM192A	ENSG00000172775	2823		0
FAM193A	ENSG00000125386	4597		0
FAM193B	ENSG00000146067	2912		0
FAM195A	ENSG00000172366	931		0
FAM195B	ENSG00000225663	1210		0
FAM196A	ENSG00000188916	4403		0
FAM196B	ENSG00000204767	2755		0
FAM198A	ENSG00000144649	3122	ENSG00000273291	26
FAM198B	ENSG00000164125	4875		0
FAM199X	ENSG00000123575	7458		0
FAM19A1	ENSG00000183662	1979		0
FAM19A2	ENSG00000198673	4045		0
FAM19A3	ENSG00000184599	1056		0
FAM19A4	ENSG00000163377	2229		0
FAM19A5	ENSG00000219438	2372		0
FAM200A	ENSG00000221909	2461		0
FAM200B	ENSG00000237765	4279	ENSG00000288606	521
FAM204A	ENSG00000165669	13890		0
FAM205A	ENSG00000205108	4226		0
FAM205C	ENSG00000187791	628		0
FAM206A	ENSG00000119328	1901		0
FAM207A	ENSG00000160256	892		0
FAM208A	ENSG00000163946	6361		0
FAM208B	ENSG00000108021	8626		0
FAM209A	ENSG00000124103	653		0
FAM209B	ENSG00000213714	694		0
FAM20A	ENSG00000108950	2934		0
FAM20B	ENSG00000116199	5985		0
FAM20C	ENSG00000177706	2752		0
FAM210A	ENSG00000177150	4210		0
FAM210B	ENSG00000124098	2987		0
FAM212A	ENSG00000185614	1033		0
FAM212B	ENSG00000197852	5951		0
FAM213A	ENSG00000122378	701		0
FAM213B	ENSG00000157870	2747		0
FAM214A	ENSG00000047346	4165		0
FAM214B	ENSG00000005238	2937		0
FAM216A	ENSG00000204856	1101		0
FAM216B	ENSG00000179813	3267		0
FAM217A	ENSG00000145975	2176		0
FAM217B	ENSG00000196227	4939		0
FAM218A	ENSG00000250486	2175		0
FAM219A	ENSG00000164970	3590		0
FAM219B	ENSG00000178761	3275		0
FAM21A	ENSG00000099290	4273		0
FAM21C	ENSG00000172661	4576		0
FAM220A	ENSG00000178397	208	ENSG00000286075	208
FAM221A	ENSG00000188732	1403		0
FAM221B	ENSG00000204930	2932	ENSG00000285645	1114
FAM222A	ENSG00000139438	3283		0
FAM222B	ENSG00000173065	4128		0
FAM227A	ENSG00000184949	2343		0
FAM227B	ENSG00000166262	1896		0
FAM228A	ENSG00000186453	1775	ENSG00000276087	440
FAM229A	ENSG00000225828	699		0
FAM229B	ENSG00000203778	2544		0
FAM234A	ENSG00000167930	2909		0
FAM234B	ENSG00000084444	4711		0
FAM24A	ENSG00000203795	597		0
FAM24B	ENSG00000213185	728	ENSG00000286088	129
FAM25A	ENSG00000188100	346	ENSG00000272508	253
FAM25C	ENSG00000276430	320		0
FAM26D	ENSG00000164451	1352		0
FAM26E	ENSG00000178033	9781		0
FAM26F	ENSG00000188820	1110	ENSG00000285446	414
FAM32A	ENSG00000105058	1456		0
FAM35A	ENSG00000122376	3392		0
FAM3A	ENSG00000071889	1697		0
FAM3B	ENSG00000183844	1021		0
FAM3C	ENSG00000196937	2455		0
FAM3D	ENSG00000198643	1245		0
FAM43A	ENSG00000185112	2495		0
FAM43B	ENSG00000183114	2438		0
FAM45A	ENSG00000119979	1649		0
FAM46A	ENSG00000112773	5582		0
FAM46B	ENSG00000158246	2368		0
FAM46C	ENSG00000183508	5637		0
FAM46D	ENSG00000174016	2911		0
FAM47A	ENSG00000185448	2557		0
FAM47B	ENSG00000189132	2120		0
FAM47C	ENSG00000198173	3269		0
FAM47E	ENSG00000189157	1485	ENSG00000272414	1033
FAM47E-STBD1	ENSG00000272414	3029	ENSG00000118804	1977
FAM49A	ENSG00000197872	4670		0
FAM49B	ENSG00000153310	3573		0
FAM50A	ENSG00000071859	1337		0
FAM50B	ENSG00000145945	1631		0
FAM53A	ENSG00000174137	2796		0
FAM53B	ENSG00000189319	5431	ENSG00000258539	1080
FAM53C	ENSG00000120709	1344		0
FAM57A	ENSG00000167695	2224		0
FAM57B	ENSG00000149926	2313		0
FAM60A	ENSG00000139146	2941	ENSG00000275097	313
FAM63A	ENSG00000143409	2044		0
FAM63B	ENSG00000128923	9239		0
FAM64A	ENSG00000129195	1908		0
FAM65A	ENSG00000039523	4052		0
FAM65B	ENSG00000111913	5295	ENSG00000282804	189
FAM65C	ENSG00000042062	4377		0
FAM69A	ENSG00000154511	2536		0
FAM69B	ENSG00000165716	1666		0
FAM69C	ENSG00000187773	2995		0
FAM71A	ENSG00000162771	2302		0
FAM71B	ENSG00000170613	2515		0
FAM71C	ENSG00000180219	1796		0
FAM71D	ENSG00000172717	1432		0
FAM71E1	ENSG00000142530	1225		0
FAM71E2	ENSG00000180043	3191	ENSG00000267706	1647
FAM71F1	ENSG00000135248	1710		0
FAM71F2	ENSG00000205085	5722		0
FAM73A	ENSG00000180488	5263		0
FAM73B	ENSG00000148343	3554		0
FAM76A	ENSG00000009780	3562		0
FAM76B	ENSG00000077458	3932		0
FAM78A	ENSG00000126882	3927		0
FAM78B	ENSG00000188859	1476		0
FAM81A	ENSG00000157470	3452		0
FAM81B	ENSG00000153347	1538		0
FAM83A	ENSG00000147689	3571		0
FAM83B	ENSG00000168143	3167		0
FAM83C	ENSG00000125998	3145		0
FAM83D	ENSG00000101447	2362		0
FAM83E	ENSG00000105523	1927		0
FAM83F	ENSG00000133477	15556		0
FAM83G	ENSG00000188522	5226		0
FAM83H	ENSG00000180921	5632		0
FAM84A	ENSG00000162981	6319		0
FAM84B	ENSG00000168672	5403		0
FAM86B1	ENSG00000186523	2059		0
FAM86B2	ENSG00000145002	1269		0
FAM86C1	ENSG00000158483	409	ENSG00000291186	326
FAM89A	ENSG00000182118	1495	ENSG00000283799	97
FAM89B	ENSG00000176973	1213		0
FAM8A1	ENSG00000137414	4674		0
FAM90A1	ENSG00000171847	2342		0
FAM90A26	ENSG00000229924	2492		0
FAM91A1	ENSG00000176853	5512		0
FAM92A1	ENSG00000188343	4198		0
FAM92B	ENSG00000153789	1862		0
FAM96A	ENSG00000166797	919		0
FAM96B	ENSG00000166595	666		0
FAM98A	ENSG00000119812	2751		0
FAM98B	ENSG00000171262	4388		0
FAM98C	ENSG00000130244	1272		0
FAM9A	ENSG00000183304	1473		0
FAM9B	ENSG00000177138	1065		0
FAM9C	ENSG00000187268	1062		0
FAN1	ENSG00000198690	4849		0
FANCA	ENSG00000187741	5451		0
FANCB	ENSG00000181544	3009		0
FANCC	ENSG00000158169	4585		0
FANCD2	ENSG00000144554	4351		0
FANCD2OS	ENSG00000163705	803		0
FANCE	ENSG00000112039	2554		0
FANCF	ENSG00000183161	3291		0
FANCG	ENSG00000221829	2556	ENSG00000288699	183
FANCI	ENSG00000140525	4731		0
FANCL	ENSG00000115392	1658		0
FANCM	ENSG00000187790	7112		0
FANK1	ENSG00000203780	1269		0
FAP	ENSG00000078098	2691		0
FAR1	ENSG00000197601	5265		0
FAR2	ENSG00000064763	3538		0
FARP1	ENSG00000152767	10263		0
FARP2	ENSG00000006607	4009		0
FARS2	ENSG00000145982	1377		0
FARSA	ENSG00000179115	1811		0
FARSB	ENSG00000116120	3125		0
FAS	ENSG00000026103	2422		0
FASLG	ENSG00000117560	1803		0
FASTK	ENSG00000164896	1793		0
FASTKD1	ENSG00000138399	2960		0
FASTKD2	ENSG00000118246	2939		0
FASTKD3	ENSG00000124279	2402		0
FASTKD5	ENSG00000215251	2842	ENSG00000185019	100
FAT1	ENSG00000083857	14775		0
FAT2	ENSG00000086570	14535		0
FAT3	ENSG00000165323	19030		0
FAT4	ENSG00000196159	16123		0
FATE1	ENSG00000147378	1072		0
FAU	ENSG00000149806	506		0
FAXC	ENSG00000146267	11509		0
FAXDC2	ENSG00000170271	2947		0
FBL	ENSG00000105202	1125		0
FBLIM1	ENSG00000162458	3260		0
FBLL1	ENSG00000188573	1330		0
FBLN1	ENSG00000077942	2897		0
FBLN2	ENSG00000163520	4301		0
FBLN5	ENSG00000140092	1995		0
FBLN7	ENSG00000144152	2301		0
FBN1	ENSG00000166147	11609		0
FBN2	ENSG00000138829	10597		0
FBN3	ENSG00000142449	9108		0
FBP1	ENSG00000165140	1462		0
FBP2	ENSG00000130957	1305		0
FBRS	ENSG00000156860	2812		0
FBRSL1	ENSG00000112787	4606	ENSG00000277052	1
FBXL12	ENSG00000127452	1849		0
FBXL13	ENSG00000161040	2318		0
FBXL14	ENSG00000171823	2111		0
FBXL15	ENSG00000107872	1340		0
FBXL16	ENSG00000127585	3519		0
FBXL17	ENSG00000145743	5189		0
FBXL18	ENSG00000155034	3499		0
FBXL19	ENSG00000099364	3602	ENSG00000261487	38
FBXL2	ENSG00000153558	3827		0
FBXL20	ENSG00000108306	10332		0
FBXL22	ENSG00000197361	359		0
FBXL3	ENSG00000005812	3497		0
FBXL4	ENSG00000112234	8036		0
FBXL5	ENSG00000118564	3331		0
FBXL6	ENSG00000182325	1745	ENSG00000271698	180
FBXL7	ENSG00000183580	4563		0
FBXL8	ENSG00000135722	1630	ENSG00000265690	594
FBXO10	ENSG00000147912	4575	ENSG00000256966	435
FBXO11	ENSG00000138081	3750		0
FBXO15	ENSG00000141665	1675		0
FBXO16	ENSG00000214050	1254		0
FBXO17	ENSG00000269190	2218	ENSG00000269547	413
FBXO18	ENSG00000134452	3548		0
FBXO2	ENSG00000116661	1287		0
FBXO21	ENSG00000135108	2886		0
FBXO22	ENSG00000167196	10706		0
FBXO24	ENSG00000106336	1922		0
FBXO25	ENSG00000147364	10356		0
FBXO27	ENSG00000161243	2132		0
FBXO28	ENSG00000143756	5427		0
FBXO3	ENSG00000110429	2398		0
FBXO30	ENSG00000118496	9009		0
FBXO31	ENSG00000103264	5934	ENSG00000131152	388
FBXO32	ENSG00000156804	6744		0
FBXO33	ENSG00000165355	3771		0
FBXO34	ENSG00000178974	3346		0
FBXO36	ENSG00000153832	2803		0
FBXO38	ENSG00000145868	4401		0
FBXO39	ENSG00000177294	1678		0
FBXO4	ENSG00000151876	1655		0
FBXO40	ENSG00000163833	5669		0
FBXO41	ENSG00000163013	6920		0
FBXO42	ENSG00000037637	6201		0
FBXO43	ENSG00000156509	2887		0
FBXO44	ENSG00000132879	2928		0
FBXO45	ENSG00000174013	5900		0
FBXO46	ENSG00000177051	2993		0
FBXO47	ENSG00000204952	2302		0
FBXO48	ENSG00000204923	5663		0
FBXO5	ENSG00000112029	2031		0
FBXO6	ENSG00000116663	1444		0
FBXO7	ENSG00000100225	2060		0
FBXO8	ENSG00000164117	1980		0
FBXO9	ENSG00000112146	3419	ENSG00000288646	72
FBXW10	ENSG00000171931	3401		0
FBXW11	ENSG00000072803	4304		0
FBXW12	ENSG00000164049	1647		0
FBXW2	ENSG00000119402	9138		0
FBXW4	ENSG00000107829	2394		0
FBXW5	ENSG00000159069	2274		0
FBXW7	ENSG00000109670	4875		0
FBXW8	ENSG00000174989	2344		0
FBXW9	ENSG00000132004	1727		0
FCAMR	ENSG00000162897	1734		0
FCAR	ENSG00000186431	1484		0
FCER1A	ENSG00000179639	1073		0
FCER1G	ENSG00000158869	589		0
FCER2	ENSG00000104921	1582		0
FCF1	ENSG00000119616	4341		0
FCGR1A	ENSG00000150337	1333		0
FCGR2A	ENSG00000143226	1373	ENSG00000273112	201
FCGR2B	ENSG00000072694	2116		0
FCGR2C	ENSG00000244682	1070		0
FCGR3A	ENSG00000203747	2097	ENSG00000289768	428
FCGR3B	ENSG00000162747	2065	ENSG00000289768	84
FCGRT	ENSG00000104870	1416		0
FCHO1	ENSG00000130475	2972		0
FCHO2	ENSG00000157107	4921		0
FCHSD1	ENSG00000197948	4319		0
FCHSD2	ENSG00000137478	3155		0
FCMR	ENSG00000162894	1894		0
FCN1	ENSG00000085265	1236		0
FCN2	ENSG00000160339	1058		0
FCN3	ENSG00000142748	1031		0
FCRL1	ENSG00000163534	2597		0
FCRL2	ENSG00000132704	2579		0
FCRL3	ENSG00000160856	4638		0
FCRL4	ENSG00000163518	3460		0
FCRL5	ENSG00000143297	5385		0
FCRL6	ENSG00000181036	1307		0
FCRLA	ENSG00000132185	2084		0
FCRLB	ENSG00000162746	1978		0
FDCSP	ENSG00000181617	513		0
FDFT1	ENSG00000079459	2018		0
FDPS	ENSG00000160752	1417		0
FDX1	ENSG00000137714	3141		0
FDX1L	ENSG00000267673	1012	ENSG00000167807	927
FDXACB1	ENSG00000255561	2774	ENSG00000258529	740
FDXR	ENSG00000161513	1810		0
FECH	ENSG00000066926	3784		0
FEM1A	ENSG00000141965	9540		0
FEM1B	ENSG00000169018	7120		0
FEM1C	ENSG00000145780	5697		0
FEN1	ENSG00000168496	2016		0
FER	ENSG00000151422	12044		0
FER1L5	ENSG00000249715	6366		0
FER1L6	ENSG00000214814	6051		0
FERD3L	ENSG00000146618	640		0
FERMT1	ENSG00000101311	4637		0
FERMT2	ENSG00000073712	3271		0
FERMT3	ENSG00000149781	2482		0
FES	ENSG00000182511	2737		0
FETUB	ENSG00000090512	1151		0
FEV	ENSG00000163497	1406		0
FEZ1	ENSG00000149557	1704		0
FEZ2	ENSG00000171055	1993		0
FEZF1	ENSG00000128610	2100		0
FEZF2	ENSG00000153266	1974		0
FFAR2	ENSG00000126262	2134		0
FFAR3	ENSG00000185897	1796		0
FFAR4	ENSG00000186188	3605		0
FGA	ENSG00000171560	1947		0
FGB	ENSG00000171564	1920		0
FGD1	ENSG00000102302	4275		0
FGD2	ENSG00000146192	3037		0
FGD3	ENSG00000127084	3246		0
FGD4	ENSG00000139132	8063		0
FGD5	ENSG00000154783	5720		0
FGD6	ENSG00000180263	9288		0
FGF1	ENSG00000113578	3614		0
FGF10	ENSG00000070193	2194		0
FGF11	ENSG00000272884	2586	ENSG00000161958	2578
FGF12	ENSG00000114279	2034		0
FGF13	ENSG00000129682	19520		0
FGF14	ENSG00000102466	745		0
FGF17	ENSG00000158815	1320		0
FGF18	ENSG00000156427	1987		0
FGF19	ENSG00000162344	1821		0
FGF2	ENSG00000138685	3880		0
FGF20	ENSG00000078579	1676		0
FGF21	ENSG00000105550	1313		0
FGF22	ENSG00000070388	1312		0
FGF23	ENSG00000118972	3002		0
FGF3	ENSG00000186895	893		0
FGF4	ENSG00000075388	3165		0
FGF5	ENSG00000138675	4490		0
FGF6	ENSG00000111241	744		0
FGF7	ENSG00000140285	5321		0
FGF8	ENSG00000107831	800		0
FGF9	ENSG00000102678	4221		0
FGFBP1	ENSG00000137440	1351		0
FGFBP2	ENSG00000137441	1105		0
FGFBP3	ENSG00000174721	2546		0
FGFR1	ENSG00000077782	5697		0
FGFR1OP	ENSG00000213066	13951	ENSG00000272980	1142
FGFR1OP2	ENSG00000111790	2789		0
FGFR2	ENSG00000066468	2914		0
FGFR3	ENSG00000068078	4283		0
FGFR4	ENSG00000160867	3093		0
FGFRL1	ENSG00000127418	3075		0
FGG	ENSG00000171557	1531		0
FGGY	ENSG00000172456	1873		0
FGL1	ENSG00000104760	1230		0
FGL2	ENSG00000127951	4255		0
FGR	ENSG00000000938	2637		0
FH	ENSG00000091483	1791		0
FHAD1	ENSG00000142621	5086		0
FHDC1	ENSG00000137460	6569		0
FHIT	ENSG00000189283	1034		0
FHL1	ENSG00000022267	2286		0
FHL2	ENSG00000115641	1321		0
FHL3	ENSG00000183386	1647		0
FHL5	ENSG00000112214	1731		0
FHOD1	ENSG00000135723	3813		0
FHOD3	ENSG00000134775	4968		0
FIBCD1	ENSG00000130720	3118		0
FIBIN	ENSG00000176971	1939		0
FIBP	ENSG00000172500	1181		0
FICD	ENSG00000198855	3255		0
FIG4	ENSG00000112367	3010		0
FIGF	ENSG00000165197	2032		0
FIGLA	ENSG00000183733	722		0
FIGN	ENSG00000182263	9536		0
FIGNL1	ENSG00000132436	3165		0
FILIP1	ENSG00000118407	4574		0
FILIP1L	ENSG00000168386	3840		0
FIP1L1	ENSG00000145216	2199	ENSG00000282278	1017
FIS1	ENSG00000214253	731		0
FITM1	ENSG00000139914	1193	ENSG00000259371	554
FITM2	ENSG00000197296	4595		0
FIZ1	ENSG00000179943	2645		0
FJX1	ENSG00000179431	2406		0
FKBP10	ENSG00000141756	2585		0
FKBP11	ENSG00000134285	691		0
FKBP14	ENSG00000106080	4960		0
FKBP15	ENSG00000119321	4253		0
FKBP1A	ENSG00000088832	1514	ENSG00000274322	183
FKBP1B	ENSG00000119782	925		0
FKBP1C	ENSG00000198225	1579		0
FKBP2	ENSG00000173486	566	ENSG00000286264	566
FKBP3	ENSG00000100442	1299		0
FKBP4	ENSG00000004478	3715		0
FKBP5	ENSG00000096060	3750		0
FKBP6	ENSG00000077800	1501		0
FKBP7	ENSG00000079150	2834		0
FKBP8	ENSG00000105701	1761		0
FKBP9	ENSG00000122642	3424		0
FKBPL	ENSG00000204315	1342		0
FKRP	ENSG00000181027	3321		0
FKTN	ENSG00000106692	2575		0
FLAD1	ENSG00000160688	1732		0
FLCN	ENSG00000154803	3638	ENSG00000264187	1115
FLG	ENSG00000143631	12748		0
FLG2	ENSG00000143520	9124		0
FLI1	ENSG00000151702	3825		0
FLII	ENSG00000177731	4161		0
FLNA	ENSG00000196924	8276		0
FLNB	ENSG00000136068	9441		0
FLNC	ENSG00000128591	9159		0
FLOT1	ENSG00000137312	1866		0
FLOT2	ENSG00000132589	2614		0
FLRT1	ENSG00000126500	3941	ENSG00000256824	460
FLRT2	ENSG00000185070	33679		0
FLRT3	ENSG00000125848	4777		0
FLT1	ENSG00000102755	7090		0
FLT3	ENSG00000122025	3826		0
FLT3LG	ENSG00000090554	952	ENSG00000273189	768
FLT4	ENSG00000037280	5833		0
FLVCR1	ENSG00000162769	5919		0
FLVCR2	ENSG00000119686	3629		0
FLYWCH1	ENSG00000059122	4965		0
FLYWCH2	ENSG00000162076	990		0
FMN1	ENSG00000248905	10982		0
FMN2	ENSG00000155816	6429		0
FMNL1	ENSG00000184922	4003		0
FMNL2	ENSG00000157827	5568		0
FMNL3	ENSG00000161791	4007		0
FMO1	ENSG00000010932	2152		0
FMO2	ENSG00000094963	3759		0
FMO3	ENSG00000007933	2059		0
FMO4	ENSG00000076258	2253		0
FMO5	ENSG00000131781	2331		0
FMOD	ENSG00000122176	2943		0
FMR1	ENSG00000102081	4309		0
FMR1NB	ENSG00000176988	1011		0
FN1	ENSG00000115414	8390		0
FN3K	ENSG00000167363	1393		0
FN3KRP	ENSG00000141560	1822		0
FNBP1	ENSG00000187239	5393		0
FNBP1L	ENSG00000137942	4213		0
FNBP4	ENSG00000109920	3973		0
FNDC1	ENSG00000164694	6548		0
FNDC3A	ENSG00000102531	6286		0
FNDC3B	ENSG00000075420	5084		0
FNDC4	ENSG00000115226	1612		0
FNDC5	ENSG00000160097	2732		0
FNDC7	ENSG00000143107	3081		0
FNDC8	ENSG00000073598	1352		0
FNDC9	ENSG00000285868	2126	ENSG00000172568	2082
FNIP1	ENSG00000217128	3846	ENSG00000273217	281
FNIP2	ENSG00000052795	6926		0
FNTA	ENSG00000168522	1667	ENSG00000254673	552
FNTB	ENSG00000257365	2659	ENSG00000125954	1219
FOCAD	ENSG00000188352	5759		0
FOLH1	ENSG00000086205	2568		0
FOLR1	ENSG00000110195	905		0
FOLR2	ENSG00000165457	1107		0
FOPNL	ENSG00000133393	2264		0
FOS	ENSG00000170345	2104		0
FOSB	ENSG00000125740	3774		0
FOSL1	ENSG00000175592	1532		0
FOSL2	ENSG00000075426	6708		0
FOXA1	ENSG00000129514	2863		0
FOXA2	ENSG00000125798	2221		0
FOXA3	ENSG00000170608	1923		0
FOXB1	ENSG00000171956	2868		0
FOXB2	ENSG00000204612	1299		0
FOXC1	ENSG00000054598	3927		0
FOXC2	ENSG00000176692	2479		0
FOXD2	ENSG00000186564	2648		0
FOXD3	ENSG00000187140	2087		0
FOXD4	ENSG00000170122	1974		0
FOXD4L1	ENSG00000184492	2486		0
FOXD4L3	ENSG00000187559	2039		0
FOXD4L5	ENSG00000204779	3109		0
FOXE1	ENSG00000178919	3463		0
FOXE3	ENSG00000186790	1768		0
FOXF1	ENSG00000103241	3516		0
FOXF2	ENSG00000137273	2188		0
FOXG1	ENSG00000176165	3491		0
FOXH1	ENSG00000160973	2017		0
FOXI1	ENSG00000168269	1990		0
FOXI2	ENSG00000186766	3215		0
FOXJ1	ENSG00000129654	2587		0
FOXJ2	ENSG00000065970	5510		0
FOXJ3	ENSG00000198815	5048		0
FOXK1	ENSG00000164916	11181		0
FOXK2	ENSG00000141568	5243		0
FOXL1	ENSG00000176678	3612		0
FOXL2	ENSG00000183770	2914		0
FOXL2NB	ENSG00000206262	3539		0
FOXM1	ENSG00000111206	3316		0
FOXN1	ENSG00000109101	2057		0
FOXN2	ENSG00000170802	5409		0
FOXN3	ENSG00000053254	2693	ENSG00000259053	179
FOXN4	ENSG00000139445	3351		0
FOXO1	ENSG00000150907	5735	ENSG00000288542	1352
FOXO3	ENSG00000118689	7128		0
FOXO4	ENSG00000184481	3299		0
FOXO6	ENSG00000204060	1479		0
FOXP1	ENSG00000114861	7019	ENSG00000285708	2352
FOXP2	ENSG00000128573	2395		0
FOXP3	ENSG00000049768	2264	ENSG00000290184	185
FOXP4	ENSG00000137166	3343	ENSG00000266494	1
FOXQ1	ENSG00000164379	1716		0
FOXR1	ENSG00000176302	1101		0
FOXR2	ENSG00000189299	1926		0
FOXRED1	ENSG00000110074	1949		0
FOXRED2	ENSG00000100350	4906		0
FOXS1	ENSG00000179772	1302		0
FPGS	ENSG00000136877	2272		0
FPGT	ENSG00000254685	3224	ENSG00000259030	387
FPGT-TNNI3K	ENSG00000259030	2855	ENSG00000116783	2468
FPR1	ENSG00000171051	1298		0
FPR2	ENSG00000171049	1933		0
FPR3	ENSG00000187474	2621		0
FRA10AC1	ENSG00000148690	3089		0
FRAS1	ENSG00000138759	15625		0
FRAT1	ENSG00000165879	2645		0
FRAT2	ENSG00000181274	2213		0
FREM1	ENSG00000164946	7374		0
FREM2	ENSG00000150893	16071		0
FREM3	ENSG00000183090	6729		0
FRG1	ENSG00000109536	978		0
FRG2	ENSG00000205097	2083		0
FRG2B	ENSG00000225899	891		0
FRG2C	ENSG00000172969	2032		0
FRK	ENSG00000111816	13230		0
FRMD1	ENSG00000153303	3068		0
FRMD3	ENSG00000172159	5260		0
FRMD4A	ENSG00000151474	6821		0
FRMD4B	ENSG00000114541	5061		0
FRMD5	ENSG00000171877	5011		0
FRMD6	ENSG00000139926	4421		0
FRMD7	ENSG00000165694	3199		0
FRMD8	ENSG00000126391	3685		0
FRMPD1	ENSG00000070601	4972		0
FRMPD2	ENSG00000170324	4819		0
FRMPD3	ENSG00000147234	7212		0
FRMPD4	ENSG00000169933	8453		0
FRRS1	ENSG00000156869	2183		0
FRRS1L	ENSG00000260230	8155		0
FRS2	ENSG00000166225	1939		0
FRS3	ENSG00000137218	2089		0
FRY	ENSG00000073910	12726		0
FRYL	ENSG00000075539	11104		0
FRZB	ENSG00000162998	2637		0
FSBP	ENSG00000265817	1159		0
FSCB	ENSG00000189139	2939		0
FSCN1	ENSG00000075618	2778		0
FSCN2	ENSG00000186765	1666		0
FSCN3	ENSG00000106328	2137		0
FSD1	ENSG00000105255	1832		0
FSD1L	ENSG00000106701	1713		0
FSD2	ENSG00000186628	6418		0
FSHB	ENSG00000131808	1670		0
FSHR	ENSG00000170820	2762		0
FSIP1	ENSG00000150667	2805	ENSG00000259580	185
FST	ENSG00000134363	2299		0
FSTL1	ENSG00000163430	5682	ENSG00000284121	62
FSTL3	ENSG00000070404	2501		0
FSTL4	ENSG00000053108	5396		0
FSTL5	ENSG00000168843	4796		0
FTCD	ENSG00000160282	1673		0
FTCDNL1	ENSG00000226124	334		0
FTH1	ENSG00000167996	1203		0
FTHL17	ENSG00000132446	802		0
FTL	ENSG00000087086	870		0
FTMT	ENSG00000181867	880		0
FTO	ENSG00000140718	11573		0
FTSJ1	ENSG00000068438	1854		0
FTSJ2	ENSG00000122687	1602	ENSG00000286192	1602
FTSJ3	ENSG00000108592	3551		0
FUBP1	ENSG00000162613	2365		0
FUBP3	ENSG00000107164	3125	ENSG00000277713	1
FUCA1	ENSG00000179163	2043		0
FUCA2	ENSG00000001036	2355		0
FUK	ENSG00000157353	3907		0
FUNDC1	ENSG00000069509	1054		0
FUNDC2	ENSG00000165775	6296		0
FUOM	ENSG00000148803	689		0
FURIN	ENSG00000140564	4244		0
FUS	ENSG00000089280	1824		0
FUT1	ENSG00000174951	3425		0
FUT10	ENSG00000172728	3549		0
FUT11	ENSG00000196968	2057		0
FUT2	ENSG00000176920	3112		0
FUT3	ENSG00000171124	2024		0
FUT4	ENSG00000196371	5975		0
FUT5	ENSG00000130383	1912	ENSG00000267740	123
FUT6	ENSG00000156413	2600		0
FUT7	ENSG00000180549	1662	ENSG00000279073	637
FUT8	ENSG00000033170	3764		0
FUT9	ENSG00000172461	12784		0
FUZ	ENSG00000010361	1676		0
FXN	ENSG00000165060	2115	ENSG00000285130	198
FXR1	ENSG00000114416	8343		0
FXR2	ENSG00000129245	2957		0
FXYD1	ENSG00000266964	576	ENSG00000221857	495
FXYD2	ENSG00000137731	572	ENSG00000255245	333
FXYD3	ENSG00000089356	1323	ENSG00000285526	1215
FXYD4	ENSG00000150201	771		0
FXYD5	ENSG00000089327	871		0
FXYD6	ENSG00000137726	1678	ENSG00000255245	301
FXYD6-FXYD2	ENSG00000255245	634	ENSG00000137731	334
FXYD7	ENSG00000221946	707	ENSG00000221857	221
FYB	ENSG00000082074	4691		0
FYCO1	ENSG00000163820	8505		0
FYN	ENSG00000010810	3628		0
FYTTD1	ENSG00000122068	6733		0
FZD1	ENSG00000157240	6894		0
FZD10	ENSG00000111432	3276		0
FZD2	ENSG00000180340	2087		0
FZD3	ENSG00000104290	13724		0
FZD4	ENSG00000174804	7383		0
FZD5	ENSG00000163251	6696		0
FZD6	ENSG00000164930	3581		0
FZD7	ENSG00000155760	3856		0
FZD8	ENSG00000177283	4031	ENSG00000284265	81
FZD9	ENSG00000188763	2339		0
FZR1	ENSG00000105325	5174		0
G0S2	ENSG00000123689	867		0
G2E3	ENSG00000092140	5769		0
G3BP1	ENSG00000145907	10197		0
G3BP2	ENSG00000138757	4117		0
G6PC	ENSG00000131482	3095		0
G6PC2	ENSG00000152254	1163		0
G6PC3	ENSG00000141349	1533		0
GAA	ENSG00000171298	3551		0
GAB1	ENSG00000109458	7774		0
GAB2	ENSG00000033327	6093		0
GAB3	ENSG00000160219	4719		0
GAB4	ENSG00000215568	2630		0
GABARAP	ENSG00000170296	1314	ENSG00000262526	691
GABARAPL1	ENSG00000139112	1883		0
GABARAPL2	ENSG00000034713	974		0
GABBR1	ENSG00000204681	4525		0
GABBR2	ENSG00000136928	5499		0
GABPA	ENSG00000154727	4718		0
GABPB1	ENSG00000104064	4607		0
GABPB2	ENSG00000143458	8807		0
GABRA1	ENSG00000022355	1863		0
GABRA2	ENSG00000151834	3248		0
GABRA3	ENSG00000011677	3669		0
GABRA4	ENSG00000109158	11147		0
GABRA5	ENSG00000186297	2552		0
GABRA6	ENSG00000145863	1964		0
GABRB1	ENSG00000163288	1936		0
GABRB2	ENSG00000145864	1725		0
GABRB3	ENSG00000166206	5767		0
GABRD	ENSG00000187730	1907		0
GABRE	ENSG00000102287	3149		0
GABRG1	ENSG00000163285	6758		0
GABRG2	ENSG00000113327	3813		0
GABRG3	ENSG00000182256	10762		0
GABRP	ENSG00000094755	3304		0
GABRR1	ENSG00000146276	2742		0
GABRR2	ENSG00000111886	1683		0
GABRR3	ENSG00000183185	1417		0
GAD1	ENSG00000128683	3279		0
GAD2	ENSG00000136750	5391		0
GADD45A	ENSG00000116717	1352		0
GADD45B	ENSG00000099860	1371		0
GADD45G	ENSG00000130222	1066		0
GADD45GIP1	ENSG00000179271	1769		0
GADL1	ENSG00000144644	3656		0
GAGE1	ENSG00000205777	456	ENSG00000189064	108
GAGE12B	ENSG00000236737	117		0
GAGE12C	ENSG00000237671	528		0
GAGE12D	ENSG00000227488	528		0
GAGE12E	ENSG00000216649	517		0
GAGE12F	ENSG00000236362	528		0
GAGE12G	ENSG00000215269	528		0
GAGE12H	ENSG00000224902	528		0
GAGE12J	ENSG00000224659	542		0
GAGE2A	ENSG00000189064	526		0
GAK	ENSG00000178950	4443		0
GAL	ENSG00000069482	749		0
GAL3ST1	ENSG00000128242	1599		0
GAL3ST2	ENSG00000154252	1371		0
GAL3ST3	ENSG00000175229	2115		0
GAL3ST4	ENSG00000197093	2333		0
GALC	ENSG00000054983	3794		0
GALE	ENSG00000117308	1516		0
GALK1	ENSG00000108479	1258		0
GALK2	ENSG00000156958	1812		0
GALM	ENSG00000143891	2277		0
GALNS	ENSG00000141012	2344		0
GALNT1	ENSG00000141429	3847		0
GALNT10	ENSG00000164574	5958		0
GALNT11	ENSG00000178234	2721		0
GALNT12	ENSG00000119514	2736		0
GALNT13	ENSG00000144278	5527		0
GALNT14	ENSG00000158089	2447		0
GALNT15	ENSG00000131386	4638		0
GALNT16	ENSG00000100626	2948	ENSG00000280073	24
GALNT18	ENSG00000110328	2503		0
GALNT2	ENSG00000143641	4423		0
GALNT3	ENSG00000115339	3434		0
GALNT4	ENSG00000257594	5385	ENSG00000259075	5033
GALNT5	ENSG00000136542	6064		0
GALNT6	ENSG00000139629	5099		0
GALNT7	ENSG00000109586	4249		0
GALNT8	ENSG00000130035	2321	ENSG00000255639	870
GALNTL5	ENSG00000106648	1507		0
GALNTL6	ENSG00000174473	3923		0
GALP	ENSG00000197487	939		0
GALR1	ENSG00000166573	10045		0
GALR2	ENSG00000182687	1361		0
GALR3	ENSG00000128310	1147		0
GALT	ENSG00000213930	1756	ENSG00000258728	475
GAMT	ENSG00000130005	1053		0
GAN	ENSG00000261609	15159	ENSG00000284473	76
GANAB	ENSG00000089597	3606		0
GANC	ENSG00000214013	4513	ENSG00000258461	540
GAP43	ENSG00000172020	1498		0
GAPDH	ENSG00000111640	1285		0
GAPDHS	ENSG00000105679	1445		0
GAPT	ENSG00000175857	2951		0
GAPVD1	ENSG00000165219	5127		0
GAR1	ENSG00000109534	972		0
GAREM	ENSG00000141441	7033		0
GAREML	ENSG00000157833	4162		0
GARNL3	ENSG00000136895	3552		0
GARS	ENSG00000106105	2437		0
GART	ENSG00000159131	3318		0
GAS1	ENSG00000180447	2828		0
GAS2	ENSG00000148935	2233		0
GAS2L2	ENSG00000270765	3014		0
GAS2L3	ENSG00000139354	2217		0
GAS6	ENSG00000183087	2491		0
GAS7	ENSG00000007237	4971		0
GAS8	ENSG00000141013	3094		0
GAST	ENSG00000184502	465		0
GATA1	ENSG00000102145	1461		0
GATA2	ENSG00000179348	3367		0
GATA3	ENSG00000107485	2656		0
GATA4	ENSG00000136574	3416		0
GATA5	ENSG00000130700	2595		0
GATA6	ENSG00000141448	3624		0
GATAD1	ENSG00000157259	3332		0
GATAD2A	ENSG00000167491	5366		0
GATAD2B	ENSG00000143614	7475		0
GATB	ENSG00000059691	2369		0
GATC	ENSG00000257218	4238	ENSG00000111780	377
GATM	ENSG00000171766	2348		0
GATS	ENSG00000291122	2726	ENSG00000239521	540
GATSL3	ENSG00000239282	1501	ENSG00000248751	1067
GBA	ENSG00000177628	2276		0
GBA2	ENSG00000070610	3611		0
GBA3	ENSG00000249948	2164		0
GBAS	ENSG00000146729	1993		0
GBE1	ENSG00000114480	2941		0
GBF1	ENSG00000107862	6401		0
GBGT1	ENSG00000148288	1950	ENSG00000285245	640
GBP1	ENSG00000117228	2883		0
GBP2	ENSG00000162645	2221		0
GBP3	ENSG00000117226	3037		0
GBP4	ENSG00000162654	6128		0
GBP5	ENSG00000154451	2011		0
GBP6	ENSG00000183347	2986		0
GBP7	ENSG00000213512	2418		0
GBX1	ENSG00000164900	1093		0
GBX2	ENSG00000168505	2123		0
GC	ENSG00000145321	1685		0
GCA	ENSG00000115271	1948		0
GCAT	ENSG00000100116	1473		0
GCC1	ENSG00000179562	4128		0
GCC2	ENSG00000135968	6892		0
GCDH	ENSG00000105607	1822		0
GCFC2	ENSG00000005436	4367		0
GCG	ENSG00000115263	1124		0
GCGR	ENSG00000215644	2030		0
GCH1	ENSG00000131979	1969		0
GCHFR	ENSG00000137880	727		0
GCK	ENSG00000106633	2729		0
GCKR	ENSG00000084734	2187		0
GCLC	ENSG00000001084	3785		0
GCLM	ENSG00000023909	4858		0
GCM1	ENSG00000137270	2766		0
GCM2	ENSG00000124827	2441		0
GCN1	ENSG00000089154	8676		0
GCNT1	ENSG00000187210	5322		0
GCNT2	ENSG00000111846	3045		0
GCNT3	ENSG00000140297	2219		0
GCNT4	ENSG00000176928	4693		0
GCNT7	ENSG00000124091	1356		0
GCOM1	ENSG00000137878	1684	ENSG00000263155	1432
GCSAM	ENSG00000174500	3280		0
GCSAML	ENSG00000169224	3773		0
GCSH	ENSG00000140905	1545	ENSG00000260643	442
GDA	ENSG00000119125	5341		0
GDAP1	ENSG00000104381	3645		0
GDAP1L1	ENSG00000124194	2204		0
GDAP2	ENSG00000196505	8819		0
GDE1	ENSG00000006007	2907		0
GDF1	ENSG00000130283	2517	ENSG00000223802	2517
GDF11	ENSG00000135414	8644		0
GDF15	ENSG00000130513	1200		0
GDF3	ENSG00000184344	1236		0
GDF5	ENSG00000125965	2368		0
GDF6	ENSG00000156466	3698		0
GDF7	ENSG00000143869	9267		0
GDF9	ENSG00000164404	2597		0
GDI1	ENSG00000203879	2240		0
GDI2	ENSG00000057608	2297		0
GDNF	ENSG00000168621	663		0
GDPD1	ENSG00000153982	1783		0
GDPD2	ENSG00000130055	1993		0
GDPD3	ENSG00000102886	1078		0
GDPD4	ENSG00000178795	2533		0
GDPD5	ENSG00000158555	3523		0
GDPGP1	ENSG00000183208	5044	ENSG00000284626	957
GEM	ENSG00000164949	2073		0
GEMIN2	ENSG00000092208	1320		0
GEMIN4	ENSG00000179409	3741		0
GEMIN5	ENSG00000082516	5398		0
GEMIN6	ENSG00000152147	3703		0
GEMIN7	ENSG00000142252	783		0
GEMIN8	ENSG00000046647	1595		0
GEN1	ENSG00000178295	9744		0
GET4	ENSG00000239857	2088		0
GFAP	ENSG00000131095	3035		0
GFER	ENSG00000127554	2346		0
GFI1	ENSG00000162676	2636		0
GFI1B	ENSG00000165702	1798		0
GFM1	ENSG00000168827	3472		0
GFM2	ENSG00000164347	2993		0
GFOD1	ENSG00000145990	8751		0
GFOD2	ENSG00000141098	2018		0
GFPT1	ENSG00000198380	8611		0
GFPT2	ENSG00000131459	3034		0
GFRA1	ENSG00000151892	9102		0
GFRA2	ENSG00000168546	4922		0
GFRA3	ENSG00000146013	1988		0
GFRA4	ENSG00000125861	811		0
GFRAL	ENSG00000187871	1911		0
GFY	ENSG00000261949	1616		0
GGA1	ENSG00000100083	2800		0
GGA2	ENSG00000103365	5973		0
GGACT	ENSG00000134864	2593	ENSG00000224356	173
GGCT	ENSG00000006625	1158	ENSG00000281039	441
GGCX	ENSG00000115486	7554		0
GGH	ENSG00000137563	1243		0
GGN	ENSG00000179168	2237		0
GGNBP2	ENSG00000278311	2816		0
GGPS1	ENSG00000152904	1247	ENSG00000285053	93
GGT1	ENSG00000100031	2267	ENSG00000286070	2221
GGT2	ENSG00000133475	1845	ENSG00000290983	1505
GGT5	ENSG00000099998	2428		0
GGT6	ENSG00000167741	2242		0
GGT7	ENSG00000131067	2638		0
GGTLC1	ENSG00000149435	875		0
GGTLC2	ENSG00000100121	847		0
GGTLC3	ENSG00000274252	968		0
GH1	ENSG00000259384	803	ENSG00000285947	750
GH2	ENSG00000136487	820		0
GHDC	ENSG00000167925	2306		0
GHITM	ENSG00000165678	2059		0
GHR	ENSG00000112964	4561		0
GHRH	ENSG00000118702	545		0
GHRHR	ENSG00000106128	1603		0
GHRL	ENSG00000157017	1426		0
GHSR	ENSG00000121853	1173		0
GID4	ENSG00000141034	4121		0
GID8	ENSG00000101193	4369		0
GIF	ENSG00000134812	1511		0
GIGYF1	ENSG00000146830	6311		0
GIGYF2	ENSG00000204120	5823		0
GIMAP1	ENSG00000213203	4364	ENSG00000281887	431
GIMAP1-GIMAP5	ENSG00000281887	2148	ENSG00000196329	1718
GIMAP2	ENSG00000106560	1443		0
GIMAP4	ENSG00000133574	1945		0
GIMAP5	ENSG00000196329	1718	ENSG00000281887	1717
GIMAP6	ENSG00000133561	3440		0
GIMAP7	ENSG00000179144	1214		0
GIMAP8	ENSG00000171115	4184		0
GIN1	ENSG00000145723	3217		0
GINM1	ENSG00000055211	1943		0
GINS1	ENSG00000101003	3250		0
GINS2	ENSG00000131153	2628		0
GINS3	ENSG00000181938	2197		0
GINS4	ENSG00000147536	3770		0
GIP	ENSG00000159224	716		0
GIPC1	ENSG00000123159	1777		0
GIPC2	ENSG00000137960	3778		0
GIPC3	ENSG00000179855	4336		0
GIPR	ENSG00000010310	3288		0
GIT1	ENSG00000108262	3762		0
GIT2	ENSG00000139436	5454		0
GJA1	ENSG00000152661	3038		0
GJA10	ENSG00000135355	1652		0
GJA3	ENSG00000121743	5211		0
GJA4	ENSG00000187513	1621		0
GJA8	ENSG00000121634	1303		0
GJA9	ENSG00000131233	1744	ENSG00000273637	45
GJB1	ENSG00000169562	1509		0
GJB2	ENSG00000165474	2250		0
GJB3	ENSG00000188910	2192		0
GJB4	ENSG00000189433	1444		0
GJB5	ENSG00000189280	1355		0
GJB6	ENSG00000121742	1696		0
GJB7	ENSG00000164411	2279		0
GJC1	ENSG00000182963	7466		0
GJC2	ENSG00000198835	2165		0
GJC3	ENSG00000176402	1117		0
GJD2	ENSG00000159248	2889		0
GJD3	ENSG00000183153	886		0
GJD4	ENSG00000177291	1581		0
GJE1	ENSG00000203733	917		0
GK	ENSG00000198814	2064		0
GK2	ENSG00000196475	1868		0
GK5	ENSG00000175066	9815		0
GKAP1	ENSG00000165113	1774		0
GKN1	ENSG00000169605	751		0
GKN2	ENSG00000183607	723		0
GLA	ENSG00000102393	1318		0
GLB1	ENSG00000170266	2523	ENSG00000188167	137
GLB1L	ENSG00000163521	2718		0
GLB1L2	ENSG00000149328	3039		0
GLB1L3	ENSG00000166105	2584		0
GLCCI1	ENSG00000106415	4741	ENSG00000283549	146
GLCE	ENSG00000138604	5036		0
GLDC	ENSG00000178445	3764		0
GLDN	ENSG00000186417	4932		0
GLE1	ENSG00000119392	3302		0
GLG1	ENSG00000090863	8249		0
GLI1	ENSG00000111087	3614		0
GLI2	ENSG00000074047	6718		0
GLI3	ENSG00000106571	8209		0
GLI4	ENSG00000250571	1333	ENSG00000264668	606
GLIPR1	ENSG00000139278	5802		0
GLIPR1L1	ENSG00000173401	1133		0
GLIPR1L2	ENSG00000180481	679		0
GLIPR2	ENSG00000122694	1884		0
GLIS1	ENSG00000174332	2509		0
GLIS2	ENSG00000126603	3712		0
GLIS3	ENSG00000107249	3962		0
GLMN	ENSG00000174842	1995		0
GLMP	ENSG00000198715	1604		0
GLO1	ENSG00000124767	2012		0
GLOD4	ENSG00000167699	1765		0
GLOD5	ENSG00000171433	736		0
GLP1R	ENSG00000112164	3106		0
GLP2R	ENSG00000065325	4196		0
GLRA1	ENSG00000145888	1803		0
GLRA2	ENSG00000101958	3208		0
GLRA3	ENSG00000145451	8697		0
GLRA4	ENSG00000293448	1796	ENSG00000188828	1374
GLRB	ENSG00000109738	3033		0
GLRX	ENSG00000173221	391		0
GLRX2	ENSG00000023572	531		0
GLRX3	ENSG00000108010	1303		0
GLRX5	ENSG00000182512	1103		0
GLS	ENSG00000115419	4835		0
GLS2	ENSG00000135423	2387	ENSG00000285528	234
GLT1D1	ENSG00000151948	2996		0
GLT6D1	ENSG00000204007	1527		0
GLT8D1	ENSG00000016864	1856		0
GLT8D2	ENSG00000120820	1877		0
GLTP	ENSG00000139433	2354		0
GLTPD2	ENSG00000182327	1018	ENSG00000280254	160
GLTSCR1	ENSG00000063169	5652		0
GLTSCR1L	ENSG00000112624	6335		0
GLTSCR2	ENSG00000105373	1504		0
GLUD1	ENSG00000148672	3017		0
GLUD2	ENSG00000182890	2471		0
GLUL	ENSG00000135821	3949		0
GLYAT	ENSG00000149124	1900		0
GLYATL1	ENSG00000166840	1453		0
GLYATL1P3	ENSG00000255151	909		0
GLYATL2	ENSG00000156689	1560		0
GLYATL3	ENSG00000203972	1114		0
GLYCTK	ENSG00000168237	1983		0
GLYR1	ENSG00000140632	3718		0
GM2A	ENSG00000196743	3603		0
GMCL1	ENSG00000087338	4161		0
GMDS	ENSG00000112699	1665		0
GMEB1	ENSG00000162419	1878		0
GMEB2	ENSG00000101216	4134		0
GMFB	ENSG00000197045	4085		0
GMFG	ENSG00000130755	614		0
GMIP	ENSG00000089639	3528		0
GML	ENSG00000104499	723		0
GMNC	ENSG00000205835	3423		0
GMNN	ENSG00000112312	1127		0
GMPPA	ENSG00000144591	1520		0
GMPPB	ENSG00000173540	3037	ENSG00000176020	2842
GMPR	ENSG00000137198	1508		0
GMPR2	ENSG00000100938	1546		0
GMPS	ENSG00000163655	8631		0
GNA11	ENSG00000088256	4143		0
GNA12	ENSG00000146535	4363		0
GNA13	ENSG00000120063	4824		0
GNA14	ENSG00000156049	2482		0
GNA15	ENSG00000060558	2114		0
GNAI1	ENSG00000127955	3304		0
GNAI2	ENSG00000114353	2212		0
GNAI3	ENSG00000065135	9044	ENSG00000225113	596
GNAL	ENSG00000141404	1001		0
GNAO1	ENSG00000087258	3182		0
GNAQ	ENSG00000156052	6529		0
GNAS	ENSG00000087460	1854		0
GNAT1	ENSG00000114349	2418		0
GNAT2	ENSG00000134183	1206		0
GNAT3	ENSG00000214415	1160		0
GNAZ	ENSG00000128266	3170		0
GNB1	ENSG00000078369	3114		0
GNB1L	ENSG00000185838	6642	ENSG00000215012	153
GNB2	ENSG00000172354	1664		0
GNB2L1	ENSG00000204628	1101		0
GNB3	ENSG00000111664	1657		0
GNB4	ENSG00000114450	6315		0
GNB5	ENSG00000069966	8907		0
GNE	ENSG00000159921	3659		0
GNG10	ENSG00000242616	1201	ENSG00000244115	1090
GNG11	ENSG00000127920	3019		0
GNG12	ENSG00000172380	4395		0
GNG13	ENSG00000127588	984		0
GNG2	ENSG00000186469	637		0
GNG3	ENSG00000162188	864		0
GNG4	ENSG00000168243	4896		0
GNG5	ENSG00000174021	790	ENSG00000285851	344
GNG7	ENSG00000176533	4193		0
GNG8	ENSG00000167414	217		0
GNGT1	ENSG00000127928	661		0
GNGT2	ENSG00000167083	862		0
GNL1	ENSG00000204590	6801		0
GNL2	ENSG00000134697	2334		0
GNL3	ENSG00000163938	1928		0
GNL3L	ENSG00000130119	2349		0
GNLY	ENSG00000115523	777		0
GNMT	ENSG00000124713	1073		0
GNPAT	ENSG00000116906	2641		0
GNPDA1	ENSG00000113552	2267		0
GNPDA2	ENSG00000163281	1892		0
GNPNAT1	ENSG00000100522	3861		0
GNPTAB	ENSG00000111670	5699		0
GNPTG	ENSG00000090581	1975		0
GNRH1	ENSG00000147437	471		0
GNRH2	ENSG00000125787	404		0
GNRHR	ENSG00000109163	2165		0
GNS	ENSG00000135677	5081		0
GOLGA1	ENSG00000136935	4796		0
GOLGA2	ENSG00000167110	4260		0
GOLGA3	ENSG00000090615	8871		0
GOLGA4	ENSG00000144674	7678		0
GOLGA5	ENSG00000066455	2879		0
GOLGA6A	ENSG00000159289	3176		0
GOLGA6B	ENSG00000215186	2135		0
GOLGA6C	ENSG00000167195	2083		0
GOLGA6D	ENSG00000140478	2123		0
GOLGA6L2	ENSG00000174450	3031		0
GOLGA6L4	ENSG00000184206	4553		0
GOLGA7	ENSG00000147533	638		0
GOLGA7B	ENSG00000155265	6448		0
GOLGA8A	ENSG00000175265	1878	ENSG00000221649	1
GOLGA8B	ENSG00000215252	4315	ENSG00000221065	1
GOLGA8F	ENSG00000153684	2009		0
GOLGA8G	ENSG00000183629	2010		0
GOLGA8H	ENSG00000261794	1900		0
GOLGA8J	ENSG00000179938	1900		0
GOLGA8K	ENSG00000249931	1895	ENSG00000215304	330
GOLGA8M	ENSG00000188626	1900		0
GOLGA8N	ENSG00000232653	5256		0
GOLGA8O	ENSG00000206127	1998		0
GOLGA8Q	ENSG00000178115	1900		0
GOLGA8R	ENSG00000186399	1897		0
GOLGA8S	ENSG00000261739	1880		0
GOLGA8T	ENSG00000261247	1897		0
GOLGB1	ENSG00000173230	11171		0
GOLIM4	ENSG00000173905	4310		0
GOLM1	ENSG00000135052	3046		0
GOLPH3	ENSG00000113384	2678		0
GOLPH3L	ENSG00000143457	2994		0
GOLT1A	ENSG00000174567	776		0
GOLT1B	ENSG00000111711	3228		0
GON4L	ENSG00000116580	7617		0
GOPC	ENSG00000047932	4450	ENSG00000282218	547
GORAB	ENSG00000120370	2152		0
GORASP1	ENSG00000114745	2987		0
GORASP2	ENSG00000115806	2446		0
GOSR1	ENSG00000108587	5987		0
GOSR2	ENSG00000108433	823	ENSG00000262633	641
GOT1	ENSG00000120053	1947		0
GOT1L1	ENSG00000169154	1373	ENSG00000285880	291
GOT2	ENSG00000125166	2421		0
GP1BA	ENSG00000185245	2495		0
GP1BB	ENSG00000284874	999	ENSG00000203618	959
GP2	ENSG00000169347	3337		0
GP5	ENSG00000178732	3464		0
GP6	ENSG00000088053	2268	ENSG00000267149	270
GP9	ENSG00000169704	877		0
GPA33	ENSG00000143167	2548		0
GPAA1	ENSG00000197858	2054	ENSG00000290230	739
GPALPP1	ENSG00000133114	1394		0
GPAM	ENSG00000119927	6370		0
GPANK1	ENSG00000204438	2365		0
GPAT2	ENSG00000186281	2725		0
GPAT3	ENSG00000138678	2530		0
GPAT4	ENSG00000158669	6298		0
GPATCH1	ENSG00000076650	3191		0
GPATCH11	ENSG00000152133	3839		0
GPATCH2	ENSG00000092978	5851		0
GPATCH2L	ENSG00000089916	12356		0
GPATCH3	ENSG00000198746	2124		0
GPATCH4	ENSG00000160818	1969		0
GPATCH8	ENSG00000186566	4693		0
GPBAR1	ENSG00000179921	1180		0
GPBP1	ENSG00000062194	2858		0
GPBP1L1	ENSG00000159592	3596		0
GPC1	ENSG00000063660	3712		0
GPC2	ENSG00000213420	2532		0
GPC3	ENSG00000147257	2267		0
GPC4	ENSG00000076716	4959		0
GPC5	ENSG00000179399	2943		0
GPC6	ENSG00000183098	6468		0
GPCPD1	ENSG00000125772	5434		0
GPD1	ENSG00000167588	2887		0
GPD1L	ENSG00000152642	3947		0
GPD2	ENSG00000115159	5677		0
GPER1	ENSG00000164850	1475		0
GPHA2	ENSG00000149735	747		0
GPHN	ENSG00000171723	3557		0
GPI	ENSG00000105220	2040	ENSG00000266953	193
GPKOW	ENSG00000068394	1658		0
GPLD1	ENSG00000112293	3446		0
GPM6A	ENSG00000150625	2827		0
GPM6B	ENSG00000046653	906		0
GPN1	ENSG00000198522	1778	ENSG00000259080	353
GPN2	ENSG00000142751	4665		0
GPN3	ENSG00000111231	1457		0
GPNMB	ENSG00000136235	2650		0
GPR1	ENSG00000183671	2025		0
GPR101	ENSG00000165370	1528		0
GPR107	ENSG00000148358	6729		0
GPR108	ENSG00000125734	2034		0
GPR119	ENSG00000147262	1009		0
GPR12	ENSG00000132975	4850		0
GPR132	ENSG00000183484	3654		0
GPR135	ENSG00000181619	4579		0
GPR137	ENSG00000173264	1597		0
GPR137B	ENSG00000077585	2033		0
GPR137C	ENSG00000180998	3889		0
GPR139	ENSG00000180269	1587		0
GPR141	ENSG00000187037	1028	ENSG00000290149	33
GPR142	ENSG00000257008	1389		0
GPR143	ENSG00000101850	1645		0
GPR146	ENSG00000164849	1770		0
GPR148	ENSG00000173302	1267		0
GPR149	ENSG00000174948	2324		0
GPR15	ENSG00000154165	1173		0
GPR150	ENSG00000178015	2056		0
GPR151	ENSG00000173250	3047		0
GPR152	ENSG00000175514	1429		0
GPR153	ENSG00000158292	4075		0
GPR155	ENSG00000163328	6680		0
GPR156	ENSG00000175697	2527		0
GPR157	ENSG00000180758	5197		0
GPR158	ENSG00000151025	6960		0
GPR160	ENSG00000173890	1962		0
GPR161	ENSG00000143147	2407		0
GPR162	ENSG00000250510	2492		0
GPR17	ENSG00000144230	2015		0
GPR171	ENSG00000174946	1786		0
GPR173	ENSG00000184194	4486		0
GPR174	ENSG00000147138	1259		0
GPR176	ENSG00000166073	2191	ENSG00000259580	133
GPR179	ENSG00000277399	7981		0
GPR18	ENSG00000125245	1394		0
GPR180	ENSG00000152749	8823		0
GPR182	ENSG00000166856	3405		0
GPR183	ENSG00000169508	1685		0
GPR19	ENSG00000183150	1740		0
GPR20	ENSG00000204882	1516		0
GPR21	ENSG00000188394	1140		0
GPR22	ENSG00000172209	2943		0
GPR25	ENSG00000170128	1087		0
GPR26	ENSG00000154478	7514		0
GPR27	ENSG00000170837	2448		0
GPR3	ENSG00000181773	2116		0
GPR31	ENSG00000120436	1711		0
GPR32	ENSG00000142511	1269		0
GPR33	ENSG00000214943	1058		0
GPR34	ENSG00000171659	1926		0
GPR35	ENSG00000178623	1311		0
GPR37	ENSG00000170775	3022		0
GPR37L1	ENSG00000170075	6529		0
GPR39	ENSG00000183840	2553		0
GPR4	ENSG00000177464	3048		0
GPR42	ENSG00000126251	1665		0
GPR45	ENSG00000135973	1307		0
GPR50	ENSG00000102195	1952		0
GPR52	ENSG00000203737	1089		0
GPR55	ENSG00000135898	2518		0
GPR6	ENSG00000146360	1090		0
GPR61	ENSG00000156097	2824		0
GPR62	ENSG00000180929	2119		0
GPR63	ENSG00000112218	5953		0
GPR65	ENSG00000140030	4511		0
GPR68	ENSG00000119714	2648		0
GPR75	ENSG00000119737	2094		0
GPR75-ASB3	ENSG00000115239	1781	ENSG00000119737	140
GPR78	ENSG00000155269	1695		0
GPR82	ENSG00000171657	3318		0
GPR83	ENSG00000123901	4277		0
GPR84	ENSG00000139572	1497		0
GPR85	ENSG00000164604	2725		0
GPR87	ENSG00000138271	1477		0
GPR88	ENSG00000181656	3489		0
GPR89B	ENSG00000188092	1907		0
GPRASP1	ENSG00000198932	5760		0
GPRASP2	ENSG00000158301	3447	ENSG00000271147	281
GPRC5A	ENSG00000013588	6582	ENSG00000283759	90
GPRC5B	ENSG00000167191	5144		0
GPRC5C	ENSG00000170412	1813		0
GPRC5D	ENSG00000111291	1039		0
GPRC6A	ENSG00000173612	2860		0
GPRIN1	ENSG00000169258	4211		0
GPRIN3	ENSG00000185477	14035		0
GPS1	ENSG00000169727	1831		0
GPS2	ENSG00000132522	1159	ENSG00000261915	1159
GPSM1	ENSG00000160360	3566		0
GPSM2	ENSG00000121957	7152		0
GPSM3	ENSG00000213654	1213		0
GPT	ENSG00000167701	1668		0
GPT2	ENSG00000166123	3977		0
GPX1	ENSG00000233276	899	ENSG00000290318	572
GPX2	ENSG00000176153	922		0
GPX3	ENSG00000211445	1603		0
GPX4	ENSG00000167468	851		0
GPX5	ENSG00000224586	1541		0
GPX6	ENSG00000198704	1712		0
GPX7	ENSG00000116157	1229		0
GPX8	ENSG00000164294	1358		0
GRAMD1A	ENSG00000089351	2659		0
GRAMD1B	ENSG00000023171	7354		0
GRAMD1C	ENSG00000178075	3807		0
GRAMD2	ENSG00000175318	3282		0
GRAMD3	ENSG00000155324	2905		0
GRAMD4	ENSG00000075240	4485		0
GRAP	ENSG00000154016	1972		0
GRAP2	ENSG00000100351	3891		0
GRAPL	ENSG00000189152	1188		0
GRASP	ENSG00000161835	1927		0
GRB10	ENSG00000106070	4700		0
GRB14	ENSG00000115290	2017		0
GRB2	ENSG00000177885	3083		0
GRB7	ENSG00000141738	2232		0
GREB1	ENSG00000196208	8485		0
GREB1L	ENSG00000141449	6053		0
GREM1	ENSG00000166923	14575		0
GREM2	ENSG00000180875	4170		0
GRHL1	ENSG00000134317	3564		0
GRHL2	ENSG00000083307	5232		0
GRHL3	ENSG00000158055	2834		0
GRHPR	ENSG00000137106	1250		0
GRIA1	ENSG00000155511	5584		0
GRIA2	ENSG00000120251	5496		0
GRIA4	ENSG00000152578	5506		0
GRID1	ENSG00000182771	5835		0
GRID2	ENSG00000152208	5773		0
GRID2IP	ENSG00000215045	3637		0
GRIK1	ENSG00000171189	3140		0
GRIK2	ENSG00000164418	4592		0
GRIK3	ENSG00000163873	9101		0
GRIK4	ENSG00000149403	5803		0
GRIK5	ENSG00000105737	3490		0
GRIN1	ENSG00000176884	3690		0
GRIN2A	ENSG00000183454	14345		0
GRIN2B	ENSG00000273079	30348		0
GRIN2C	ENSG00000161509	4261		0
GRIN2D	ENSG00000105464	5094		0
GRIN3A	ENSG00000198785	7771		0
GRIN3B	ENSG00000116032	3281		0
GRINA	ENSG00000178719	1857		0
GRIP1	ENSG00000155974	4888		0
GRK1	ENSG00000185974	4232		0
GRK4	ENSG00000125388	2203		0
GRK5	ENSG00000198873	2655		0
GRK6	ENSG00000198055	2940		0
GRK7	ENSG00000114124	3215	ENSG00000285558	713
GRM1	ENSG00000152822	6708		0
GRM2	ENSG00000164082	3152		0
GRM3	ENSG00000198822	4264		0
GRM4	ENSG00000124493	4154		0
GRM5	ENSG00000168959	7693		0
GRM6	ENSG00000113262	5980		0
GRM7	ENSG00000196277	4127		0
GRM8	ENSG00000179603	3704		0
GRN	ENSG00000030582	2126		0
GRP	ENSG00000134443	849		0
GRPEL1	ENSG00000109519	2643		0
GRPEL2	ENSG00000164284	4020		0
GRPR	ENSG00000126010	1920		0
GRSF1	ENSG00000132463	6610		0
GRTP1	ENSG00000139835	1385		0
GRWD1	ENSG00000105447	5361	ENSG00000182324	285
GRXCR1	ENSG00000215203	992		0
GRXCR2	ENSG00000204928	748		0
GS1-114I9.3	ENSG00000281593	666	ENSG00000180233	319
GS1-259H13.13	ENSG00000272647	830	ENSG00000244219	575
GS1-393G12.13	ENSG00000271698	1596	ENSG00000261587	918
GSAP	ENSG00000186088	3200		0
GSC	ENSG00000133937	1140		0
GSC2	ENSG00000063515	1034		0
GSDMA	ENSG00000167914	2133		0
GSDMB	ENSG00000073605	1416		0
GSDMC	ENSG00000147697	2450		0
GSDMD	ENSG00000104518	1708		0
GSE1	ENSG00000131149	7385		0
GSG1	ENSG00000111305	2314	ENSG00000289766	365
GSG1L	ENSG00000169181	1076		0
GSG1L2	ENSG00000214978	883	ENSG00000278944	138
GSG2	ENSG00000177602	2797		0
GSK3A	ENSG00000105723	2184	ENSG00000268643	479
GSK3B	ENSG00000082701	1598		0
GSKIP	ENSG00000100744	2066		0
GSN	ENSG00000148180	2537		0
GSPT1	ENSG00000103342	7105		0
GSPT2	ENSG00000189369	2791		0
GSR	ENSG00000104687	3034		0
GSS	ENSG00000100983	1909		0
GSTA1	ENSG00000243955	926		0
GSTA2	ENSG00000244067	1220		0
GSTA3	ENSG00000174156	895		0
GSTA4	ENSG00000170899	694		0
GSTA5	ENSG00000182793	669		0
GSTCD	ENSG00000138780	4043		0
GSTK1	ENSG00000197448	1031		0
GSTM1	ENSG00000134184	1162		0
GSTM2	ENSG00000213366	1158		0
GSTM3	ENSG00000134202	4036		0
GSTM4	ENSG00000168765	1394		0
GSTM5	ENSG00000134201	1556		0
GSTO1	ENSG00000148834	813		0
GSTO2	ENSG00000065621	1176		0
GSTP1	ENSG00000084207	741		0
GSTT2B	ENSG00000133433	1099		0
GSTZ1	ENSG00000100577	1186		0
GSX1	ENSG00000169840	1664		0
GSX2	ENSG00000180613	1130		0
GTDC1	ENSG00000121964	10511		0
GTF2A1	ENSG00000165417	6306		0
GTF2A1L	ENSG00000242441	1618	ENSG00000068781	1577
GTF2A2	ENSG00000140307	1559		0
GTF2B	ENSG00000137947	1301		0
GTF2E1	ENSG00000153767	3000		0
GTF2E2	ENSG00000197265	1747		0
GTF2F1	ENSG00000125651	2432	ENSG00000273758	1
GTF2F2	ENSG00000188342	2224		0
GTF2H1	ENSG00000110768	2228		0
GTF2H2	ENSG00000145736	1659	ENSG00000289810	1205
GTF2H2C	ENSG00000183474	2953		0
GTF2H3	ENSG00000111358	3327	ENSG00000278861	55
GTF2H4	ENSG00000213780	1712	ENSG00000288473	1678
GTF2H5	ENSG00000272047	7482		0
GTF2I	ENSG00000263001	4515		0
GTF2IRD1	ENSG00000006704	3269		0
GTF2IRD2B	ENSG00000174428	3551		0
GTF3A	ENSG00000122034	1308		0
GTF3C1	ENSG00000077235	7019		0
GTF3C2	ENSG00000115207	3581		0
GTF3C3	ENSG00000119041	4261		0
GTF3C4	ENSG00000125484	8612		0
GTF3C5	ENSG00000148308	2098	ENSG00000273932	1
GTF3C6	ENSG00000155115	788		0
GTPBP1	ENSG00000100226	4905		0
GTPBP10	ENSG00000105793	7489		0
GTPBP2	ENSG00000172432	2929		0
GTPBP3	ENSG00000130299	1856		0
GTPBP4	ENSG00000107937	4656		0
GTPBP8	ENSG00000163607	1294		0
GTSE1	ENSG00000075218	2983		0
GTSF1	ENSG00000170627	750		0
GTSF1L	ENSG00000124196	835		0
GUCA1A	ENSG00000048545	1509	ENSG00000290147	1046
GUCA1B	ENSG00000112599	1114		0
GUCA1C	ENSG00000138472	967		0
GUCA2A	ENSG00000197273	570		0
GUCA2B	ENSG00000044012	594		0
GUCD1	ENSG00000138867	3435		0
GUCY1A2	ENSG00000152402	16150		0
GUCY1A3	ENSG00000164116	2578		0
GUCY1B3	ENSG00000061918	3125		0
GUCY2C	ENSG00000070019	3844		0
GUCY2D	ENSG00000132518	3677		0
GUCY2F	ENSG00000101890	3714		0
GUF1	ENSG00000151806	4450		0
GUK1	ENSG00000143774	739		0
GULP1	ENSG00000144366	1377		0
GUSB	ENSG00000169919	2199		0
GVQW2	ENSG00000279968	2685		0
GXYLT1	ENSG00000151233	7492		0
GXYLT2	ENSG00000172986	3250		0
GYG1	ENSG00000163754	1802		0
GYG2	ENSG00000056998	3192		0
GYLTL1B	ENSG00000165905	2479		0
GYPA	ENSG00000170180	2627	ENSG00000285783	771
GYPB	ENSG00000250361	522		0
GYPC	ENSG00000136732	1018		0
GYPE	ENSG00000197465	1685		0
GYS1	ENSG00000104812	3569		0
GYS2	ENSG00000111713	3133	ENSG00000285854	2742
GZF1	ENSG00000125812	4834		0
GZMA	ENSG00000145649	895		0
GZMB	ENSG00000100453	891		0
GZMH	ENSG00000100450	909		0
GZMK	ENSG00000113088	1506		0
GZMM	ENSG00000197540	922		0
H1F0	ENSG00000189060	2204		0
H1FNT	ENSG00000187166	1300		0
H1FOO	ENSG00000178804	1068		0
H1FX	ENSG00000184897	1507		0
H2AFB1	ENSG00000274183	587		0
H2AFB2	ENSG00000277858	349		0
H2AFB3	ENSG00000277745	591		0
H2AFJ	ENSG00000246705	620		0
H2AFV	ENSG00000105968	753		0
H2AFX	ENSG00000188486	1592		0
H2AFY	ENSG00000113648	1917		0
H2AFY2	ENSG00000099284	1930		0
H2AFZ	ENSG00000164032	866		0
H2BFM	ENSG00000101812	870		0
H2BFS	ENSG00000234289	461		0
H2BFWT	ENSG00000123569	894		0
H3F3A	ENSG00000163041	556		0
H3F3B	ENSG00000132475	2705		0
H3F3C	ENSG00000188375	1057		0
H6PD	ENSG00000049239	9147		0
HAAO	ENSG00000162882	1256		0
HABP2	ENSG00000148702	2982		0
HABP4	ENSG00000130956	2616		0
HACD1	ENSG00000165996	2234		0
HACD2	ENSG00000206527	4125		0
HACD3	ENSG00000074696	3226		0
HACD4	ENSG00000188921	8268		0
HACE1	ENSG00000085382	4575		0
HACL1	ENSG00000131373	2005		0
HADH	ENSG00000138796	1803		0
HADHA	ENSG00000084754	2943		0
HADHB	ENSG00000138029	1997		0
HAGH	ENSG00000063854	2616		0
HAGHL	ENSG00000103253	1348		0
HAL	ENSG00000084110	3892		0
HAMP	ENSG00000105697	406		0
HAND1	ENSG00000113196	1701		0
HAND2	ENSG00000164107	2780		0
HAO1	ENSG00000101323	1757		0
HAO2	ENSG00000116882	1470		0
HAP1	ENSG00000173805	3930		0
HAPLN1	ENSG00000145681	4849		0
HAPLN2	ENSG00000132702	1650		0
HAPLN3	ENSG00000140511	1892		0
HAPLN4	ENSG00000267629	3450	ENSG00000187664	3450
HARBI1	ENSG00000180423	1967		0
HARS	ENSG00000170445	1948	ENSG00000256453	176
HARS2	ENSG00000112855	2454		0
HAS1	ENSG00000105509	2084		0
HAS2	ENSG00000170961	4190		0
HAS3	ENSG00000103044	2081		0
HAT1	ENSG00000128708	1627		0
HAUS1	ENSG00000152240	1072		0
HAUS2	ENSG00000137814	3921		0
HAUS3	ENSG00000214367	5608	ENSG00000290263	1942
HAUS4	ENSG00000092036	1579	ENSG00000259132	785
HAUS5	ENSG00000249115	4284		0
HAUS6	ENSG00000147874	6322		0
HAUS7	ENSG00000213397	1306		0
HAUS8	ENSG00000131351	1407		0
HAVCR1	ENSG00000113249	1450		0
HAVCR2	ENSG00000135077	2237		0
HAX1	ENSG00000143575	1109		0
HBA1	ENSG00000206172	577		0
HBA2	ENSG00000188536	576		0
HBB	ENSG00000244734	628		0
HBD	ENSG00000223609	620		0
HBE1	ENSG00000213931	623		0
HBEGF	ENSG00000113070	2358		0
HBG1	ENSG00000213934	587	ENSG00000284931	218
HBG2	ENSG00000239920	1456	ENSG00000196565	585
HBM	ENSG00000206177	502		0
HBP1	ENSG00000105856	2662		0
HBQ1	ENSG00000086506	528		0
HBS1L	ENSG00000112339	7087		0
HBZ	ENSG00000130656	756		0
HCAR1	ENSG00000196917	4768		0
HCAR2	ENSG00000182782	2051		0
HCAR3	ENSG00000255398	2056		0
HCCS	ENSG00000004961	2246		0
HCFC1	ENSG00000172534	8865		0
HCFC1R1	ENSG00000103145	599		0
HCFC2	ENSG00000111727	5660		0
HCG27	ENSG00000206344	1720		0
HCK	ENSG00000101336	2097		0
HCLS1	ENSG00000180353	1992		0
HCN1	ENSG00000164588	9886		0
HCN2	ENSG00000099822	3409		0
HCN3	ENSG00000143630	3719		0
HCN4	ENSG00000138622	6922		0
HCRT	ENSG00000161610	577		0
HCRTR1	ENSG00000121764	1941		0
HCRTR2	ENSG00000137252	1546		0
HCST	ENSG00000126264	564		0
HDAC1	ENSG00000116478	2116		0
HDAC10	ENSG00000100429	2567		0
HDAC11	ENSG00000163517	2819		0
HDAC2	ENSG00000196591	9737		0
HDAC3	ENSG00000171720	1933		0
HDAC4	ENSG00000068024	8403		0
HDAC5	ENSG00000108840	5316		0
HDAC6	ENSG00000094631	4118		0
HDAC7	ENSG00000061273	4095		0
HDAC8	ENSG00000147099	1754	ENSG00000285547	1193
HDAC9	ENSG00000048052	3211		0
HDC	ENSG00000140287	2405		0
HDDC2	ENSG00000111906	911		0
HDDC3	ENSG00000184508	1856		0
HDGF	ENSG00000143321	2309		0
HDGFL1	ENSG00000112273	2101		0
HDHD2	ENSG00000167220	2185	ENSG00000267228	160
HDHD3	ENSG00000119431	1223		0
HDLBP	ENSG00000115677	4299		0
HDX	ENSG00000165259	6196		0
HEATR1	ENSG00000119285	8447	ENSG00000230325	141
HEATR3	ENSG00000155393	3531		0
HEATR4	ENSG00000187105	3524		0
HEATR5A	ENSG00000129493	7809	ENSG00000203546	213
HEATR5B	ENSG00000008869	6906		0
HEATR6	ENSG00000068097	3923		0
HEATR9	ENSG00000270379	1970		0
HEBP1	ENSG00000013583	1159		0
HEBP2	ENSG00000051620	10010		0
HECA	ENSG00000112406	5615		0
HECTD1	ENSG00000092148	9135		0
HECTD2	ENSG00000165338	4803		0
HECTD3	ENSG00000126107	3597		0
HECTD4	ENSG00000173064	15747	ENSG00000283793	7
HECW1	ENSG00000002746	9453		0
HECW2	ENSG00000138411	11662		0
HEG1	ENSG00000173706	9156		0
HELB	ENSG00000127311	3421		0
HELLS	ENSG00000119969	3100		0
HELQ	ENSG00000163312	3543		0
HELT	ENSG00000187821	842		0
HELZ	ENSG00000198265	13804		0
HELZ2	ENSG00000130589	8065		0
HEMGN	ENSG00000136929	2084		0
HEMK1	ENSG00000114735	16940		0
HENMT1	ENSG00000162639	1662		0
HEPACAM	ENSG00000165478	3225		0
HEPACAM2	ENSG00000188175	1992		0
HEPH	ENSG00000089472	4207		0
HEPHL1	ENSG00000181333	5346		0
HEPN1	ENSG00000221932	1428		0
HERC1	ENSG00000103657	15137		0
HERC2	ENSG00000128731	15337		0
HERC3	ENSG00000138641	4914	ENSG00000287542	4706
HERC4	ENSG00000148634	3841		0
HERC5	ENSG00000138646	3511		0
HERC6	ENSG00000138642	3766		0
HERPUD1	ENSG00000051108	2852		0
HERPUD2	ENSG00000122557	2884		0
HES1	ENSG00000114315	1575		0
HES2	ENSG00000069812	4262		0
HES3	ENSG00000173673	698		0
HES4	ENSG00000188290	885		0
HES5	ENSG00000197921	1306		0
HES6	ENSG00000144485	1368		0
HES7	ENSG00000179111	679		0
HESX1	ENSG00000163666	973		0
HEXA	ENSG00000213614	4785	ENSG00000260729	617
HEXB	ENSG00000049860	1812		0
HEXDC	ENSG00000169660	2167		0
HEXIM1	ENSG00000186834	3599		0
HEXIM2	ENSG00000168517	1279		0
HEY1	ENSG00000164683	2197		0
HEY2	ENSG00000135547	2626		0
HEYL	ENSG00000163909	3360		0
HFE	ENSG00000010704	5176		0
HFM1	ENSG00000162669	4899		0
HGD	ENSG00000113924	1674		0
HGF	ENSG00000019991	5834		0
HGFAC	ENSG00000109758	2069		0
HGH1	ENSG00000235173	2526		0
HGS	ENSG00000185359	2891	ENSG00000277784	1
HGSNAT	ENSG00000165102	5227		0
HHAT	ENSG00000054392	3436		0
HHATL	ENSG00000010282	1616	ENSG00000285539	195
HHEX	ENSG00000152804	1723		0
HHIP	ENSG00000164161	9937		0
HHIPL1	ENSG00000182218	7371		0
HHIPL2	ENSG00000143512	2571		0
HHLA1	ENSG00000132297	1546	ENSG00000258417	390
HHLA2	ENSG00000114455	2412		0
HHLA3	ENSG00000197568	358		0
HIAT1	ENSG00000156875	2778	ENSG00000283761	1674
HIATL1	ENSG00000148110	3402		0
HIATL2	ENSG00000290770	609	ENSG00000196312	395
HIBADH	ENSG00000106049	1878		0
HIBCH	ENSG00000198130	1721		0
HIC1	ENSG00000177374	3016		0
HIC2	ENSG00000169635	6799		0
HID1	ENSG00000167861	3272		0
HIF1A	ENSG00000100644	3920	ENSG00000258964	148
HIF1AN	ENSG00000166135	12927		0
HIF3A	ENSG00000124440	5853		0
HIGD1A	ENSG00000181061	1333	ENSG00000235288	488
HIGD1B	ENSG00000131097	474		0
HIGD1C	ENSG00000214511	302	ENSG00000289695	302
HIGD2A	ENSG00000146066	654		0
HIGD2B	ENSG00000175202	1101		0
HILPDA	ENSG00000135245	756	ENSG00000240758	99
HINFP	ENSG00000172273	3164		0
HINT1	ENSG00000169567	852		0
HINT2	ENSG00000137133	628	ENSG00000285645	505
HINT3	ENSG00000111911	3315		0
HIP1	ENSG00000127946	8008		0
HIP1R	ENSG00000130787	4508		0
HIPK1	ENSG00000163349	3980		0
HIPK2	ENSG00000064393	15049		0
HIPK3	ENSG00000110422	3587		0
HIPK4	ENSG00000160396	2446		0
HIRA	ENSG00000100084	4053		0
HIRIP3	ENSG00000149929	2560		0
HIST1H1A	ENSG00000124610	649		0
HIST1H1B	ENSG00000184357	682		0
HIST1H1C	ENSG00000187837	643		0
HIST1H1D	ENSG00000124575	667		0
HIST1H1E	ENSG00000168298	755		0
HIST1H1T	ENSG00000187475	718		0
HIST1H2AA	ENSG00000164508	397		0
HIST1H2AB	ENSG00000278463	394		0
HIST1H2AC	ENSG00000180573	519	ENSG00000291336	28
HIST1H2AD	ENSG00000196866	394	ENSG00000282988	385
HIST1H2AE	ENSG00000277075	464		0
HIST1H2AG	ENSG00000196787	493		0
HIST1H2AH	ENSG00000274997	388		0
HIST1H2AI	ENSG00000196747	470		0
HIST1H2AJ	ENSG00000276368	388		0
HIST1H2AK	ENSG00000275221	394		0
HIST1H2AL	ENSG00000276903	394		0
HIST1H2AM	ENSG00000278677	394		0
HIST1H2BA	ENSG00000146047	385		0
HIST1H2BB	ENSG00000276410	382		0
HIST1H2BC	ENSG00000180596	397		0
HIST1H2BD	ENSG00000158373	463		0
HIST1H2BE	ENSG00000274290	470		0
HIST1H2BH	ENSG00000275713	426		0
HIST1H2BI	ENSG00000278588	382		0
HIST1H2BJ	ENSG00000124635	385		0
HIST1H2BK	ENSG00000197903	382		0
HIST1H2BL	ENSG00000185130	451		0
HIST1H2BM	ENSG00000273703	382		0
HIST1H2BN	ENSG00000233822	542		0
HIST1H2BO	ENSG00000274641	382		0
HIST1H3A	ENSG00000275714	412		0
HIST1H3B	ENSG00000286522	412		0
HIST1H3C	ENSG00000287080	412		0
HIST1H3D	ENSG00000282988	412	ENSG00000197409	412
HIST1H3E	ENSG00000274750	482		0
HIST1H3F	ENSG00000277775	412		0
HIST1H3G	ENSG00000273983	496		0
HIST1H3H	ENSG00000278828	474		0
HIST1H3I	ENSG00000275379	412		0
HIST1H3J	ENSG00000197153	412		0
HIST1H4A	ENSG00000278637	313		0
HIST1H4C	ENSG00000197061	378		0
HIST1H4D	ENSG00000277157	313		0
HIST1H4E	ENSG00000276966	412		0
HIST1H4G	ENSG00000275663	298		0
HIST1H4H	ENSG00000158406	409		0
HIST1H4I	ENSG00000276180	397		0
HIST1H4J	ENSG00000197238	374		0
HIST1H4K	ENSG00000273542	313		0
HIST1H4L	ENSG00000275126	313		0
HIST2H2AA4	ENSG00000288859	534		0
HIST2H2AB	ENSG00000184270	394		0
HIST2H2AC	ENSG00000184260	391		0
HIST2H2BF	ENSG00000203814	481		0
HIST2H3A	ENSG00000203852	508		0
HIST2H3C	ENSG00000203811	507		0
HIST2H3D	ENSG00000183598	412		0
HIST2H3PS2	ENSG00000273213	412		0
HIST3H2A	ENSG00000181218	510		0
HIST3H2BB	ENSG00000196890	453		0
HIST3H3	ENSG00000168148	481		0
HIST4H4	ENSG00000197837	412		0
HIVEP1	ENSG00000095951	9028		0
HIVEP2	ENSG00000010818	9619		0
HIVEP3	ENSG00000127124	12193	ENSG00000284895	81
HJURP	ENSG00000123485	3157		0
HK1	ENSG00000156515	3602		0
HK2	ENSG00000159399	5626		0
HK3	ENSG00000160883	3067		0
HKDC1	ENSG00000156510	3653		0
HKR1	ENSG00000181666	2757		0
HLA-A	ENSG00000206503	1535		0
HLA-B	ENSG00000234745	1536	ENSG00000277402	1
HLA-C	ENSG00000204525	1536		0
HLA-DMA	ENSG00000204257	1093	ENSG00000248993	174
HLA-DMB	ENSG00000242574	1348	ENSG00000248993	438
HLA-DOA	ENSG00000204252	3464		0
HLA-DOB	ENSG00000241106	1326	ENSG00000250264	599
HLA-DPA1	ENSG00000231389	1653		0
HLA-DPB1	ENSG00000223865	1496		0
HLA-DQA1	ENSG00000196735	1542		0
HLA-DQA2	ENSG00000237541	1458		0
HLA-DQB1	ENSG00000179344	1605		0
HLA-DQB2	ENSG00000232629	1212		0
HLA-DRA	ENSG00000204287	1235		0
HLA-DRB1	ENSG00000196126	1223		0
HLA-DRB5	ENSG00000198502	1250		0
HLA-E	ENSG00000204592	2548		0
HLA-F	ENSG00000204642	1480		0
HLA-G	ENSG00000204632	1319		0
HLCS	ENSG00000159267	5786		0
HLF	ENSG00000108924	5548		0
HLTF	ENSG00000071794	5317		0
HLX	ENSG00000136630	2237	ENSG00000286231	674
HM13	ENSG00000101294	1715		0
HMBOX1	ENSG00000147421	3183		0
HMBS	ENSG00000256269	1502		0
HMCES	ENSG00000183624	2485		0
HMCN1	ENSG00000143341	18209		0
HMG20A	ENSG00000140382	3805		0
HMG20B	ENSG00000064961	1585		0
HMGA1	ENSG00000137309	1919	ENSG00000276404	1
HMGA2	ENSG00000149948	4117		0
HMGB1	ENSG00000189403	3273		0
HMGB2	ENSG00000164104	1123		0
HMGB3	ENSG00000029993	3507		0
HMGB4	ENSG00000176256	713		0
HMGCL	ENSG00000117305	1570		0
HMGCLL1	ENSG00000146151	2449		0
HMGCR	ENSG00000113161	3106		0
HMGCS1	ENSG00000112972	3426		0
HMGCS2	ENSG00000134240	2422		0
HMGN1	ENSG00000205581	1271		0
HMGN2	ENSG00000198830	1150		0
HMGN3	ENSG00000118418	865		0
HMGN4	ENSG00000182952	1226		0
HMGN5	ENSG00000198157	2098		0
HMGXB3	ENSG00000113716	4953		0
HMGXB4	ENSG00000100281	4048		0
HMHA1	ENSG00000180448	4272		0
HMHB1	ENSG00000158497	381		0
HMMR	ENSG00000072571	3016		0
HMOX1	ENSG00000100292	1554		0
HMOX2	ENSG00000103415	1582		0
HMP19	ENSG00000170091	2350		0
HMSD	ENSG00000221887	2101		0
HMX1	ENSG00000215612	1895		0
HMX2	ENSG00000188816	1614		0
HMX3	ENSG00000188620	1165		0
HN1	ENSG00000189159	1434		0
HN1L	ENSG00000206053	3695	ENSG00000261732	149
HNF1A	ENSG00000135100	3442		0
HNF1B	ENSG00000275410	2790		0
HNF4A	ENSG00000101076	4490		0
HNF4G	ENSG00000164749	4200		0
HNMT	ENSG00000150540	1013		0
HNRNPA0	ENSG00000177733	8713		0
HNRNPA1	ENSG00000135486	3588		0
HNRNPA1L2	ENSG00000139675	1343	ENSG00000273784	174
HNRNPA2B1	ENSG00000122566	1712		0
HNRNPA3	ENSG00000170144	1836	ENSG00000284252	74
HNRNPAB	ENSG00000197451	1770		0
HNRNPC	ENSG00000092199	1762		0
HNRNPCL1	ENSG00000179172	1094	ENSG00000232423	62
HNRNPCL2	ENSG00000275774	1149		0
HNRNPD	ENSG00000138668	3033		0
HNRNPDL	ENSG00000152795	3776		0
HNRNPF	ENSG00000169813	2513		0
HNRNPH2	ENSG00000126945	2224	ENSG00000257529	230
HNRNPH3	ENSG00000096746	2340		0
HNRNPK	ENSG00000165119	2826		0
HNRNPL	ENSG00000104824	2125	ENSG00000268083	561
HNRNPLL	ENSG00000143889	4136		0
HNRNPM	ENSG00000099783	2477		0
HNRNPR	ENSG00000125944	2654		0
HNRNPU	ENSG00000153187	5942		0
HNRNPUL1	ENSG00000105323	3514		0
HNRNPUL2	ENSG00000214753	5106	ENSG00000234857	2356
HNRNPUL2-BSCL2	ENSG00000234857	4001	ENSG00000214753	2391
HOGA1	ENSG00000241935	2442	ENSG00000249967	675
HOMER1	ENSG00000152413	5798		0
HOMER2	ENSG00000103942	1949		0
HOMER3	ENSG00000051128	1393	ENSG00000268193	421
HOMEZ	ENSG00000290292	4971		0
HOOK1	ENSG00000134709	5713		0
HOOK2	ENSG00000095066	2536		0
HOOK3	ENSG00000168172	14348	ENSG00000254673	71
HOPX	ENSG00000171476	998		0
HORMAD1	ENSG00000143452	1693		0
HORMAD2	ENSG00000176635	1897		0
HOXA1	ENSG00000105991	2517		0
HOXA10	ENSG00000253293	2527		0
HOXA10-HOXA9	ENSG00000257184	765	ENSG00000078399	398
HOXA11	ENSG00000005073	2296		0
HOXA13	ENSG00000106031	5015		0
HOXA2	ENSG00000105996	1686		0
HOXA3	ENSG00000105997	2357		0
HOXA4	ENSG00000197576	1687	ENSG00000273433	541
HOXA5	ENSG00000106004	1657		0
HOXA6	ENSG00000106006	989	ENSG00000272801	57
HOXA7	ENSG00000122592	2016		0
HOXA9	ENSG00000078399	2057	ENSG00000257184	397
HOXB1	ENSG00000120094	2020		0
HOXB13	ENSG00000159184	3039		0
HOXB2	ENSG00000173917	1562		0
HOXB3	ENSG00000120093	2166		0
HOXB4	ENSG00000182742	1997	ENSG00000257178	482
HOXB5	ENSG00000120075	1859		0
HOXB6	ENSG00000108511	1676		0
HOXB7	ENSG00000260027	1363		0
HOXB8	ENSG00000120068	1823		0
HOXB9	ENSG00000170689	2582		0
HOXC10	ENSG00000180818	1937	ENSG00000273049	166
HOXC11	ENSG00000123388	3261		0
HOXC12	ENSG00000123407	3266		0
HOXC13	ENSG00000123364	2357		0
HOXC4	ENSG00000198353	924	ENSG00000273046	305
HOXC5	ENSG00000172789	1608	ENSG00000273046	1081
HOXC6	ENSG00000197757	1651		0
HOXC8	ENSG00000037965	1890		0
HOXC9	ENSG00000180806	1435		0
HOXD1	ENSG00000128645	1886	ENSG00000283880	59
HOXD10	ENSG00000128710	1785		0
HOXD11	ENSG00000128713	1534		0
HOXD12	ENSG00000170178	1253		0
HOXD13	ENSG00000128714	2241		0
HOXD3	ENSG00000128652	2194		0
HOXD4	ENSG00000170166	1136		0
HOXD8	ENSG00000175879	1918		0
HOXD9	ENSG00000128709	1871		0
HP1BP3	ENSG00000127483	3899		0
HPCA	ENSG00000121905	1412		0
HPCAL1	ENSG00000115756	1747		0
HPCAL4	ENSG00000116983	4600		0
HPD	ENSG00000158104	1419		0
HPDL	ENSG00000186603	1630		0
HPGD	ENSG00000164120	2618		0
HPGDS	ENSG00000163106	1596		0
HPN	ENSG00000105707	1744		0
HPR	ENSG00000261701	1242		0
HPRT1	ENSG00000165704	1395		0
HPS1	ENSG00000107521	3678	ENSG00000289758	2238
HPS3	ENSG00000163755	4611		0
HPS4	ENSG00000100099	4469		0
HPS5	ENSG00000110756	4458		0
HPS6	ENSG00000166189	2648		0
HPSE	ENSG00000173083	4581		0
HPSE2	ENSG00000172987	2286		0
HPX	ENSG00000110169	1575		0
HR	ENSG00000168453	5474	ENSG00000288677	553
HRAS	ENSG00000174775	909		0
HRASLS	ENSG00000127252	969		0
HRASLS2	ENSG00000133328	738		0
HRASLS5	ENSG00000168004	1110		0
HRC	ENSG00000130528	2357		0
HRCT1	ENSG00000196196	935		0
HRG	ENSG00000113905	1947		0
HRH1	ENSG00000196639	1773		0
HRH2	ENSG00000113749	1077		0
HRH3	ENSG00000101180	2660		0
HRH4	ENSG00000134489	3660		0
HRK	ENSG00000135116	5789		0
HRNR	ENSG00000197915	9624		0
HRSP12	ENSG00000132541	987		0
HS1BP3	ENSG00000118960	2371		0
HS2ST1	ENSG00000153936	6721	ENSG00000267561	720
HS3ST1	ENSG00000002587	7160		0
HS3ST2	ENSG00000122254	2315		0
HS3ST3A1	ENSG00000153976	2528		0
HS3ST3B1	ENSG00000125430	5368		0
HS3ST4	ENSG00000182601	3201		0
HS3ST5	ENSG00000249853	3869		0
HS3ST6	ENSG00000162040	1236		0
HS6ST1	ENSG00000136720	3932		0
HS6ST2	ENSG00000171004	2219		0
HS6ST3	ENSG00000185352	7805		0
HSBP1	ENSG00000230989	8649	ENSG00000288849	314
HSBP1L1	ENSG00000226742	689		0
HSCB	ENSG00000100209	1106		0
HSD11B1	ENSG00000117594	1336		0
HSD11B1L	ENSG00000167733	1547		0
HSD11B2	ENSG00000176387	1896		0
HSD17B1	ENSG00000108786	1273		0
HSD17B10	ENSG00000072506	954		0
HSD17B11	ENSG00000198189	1688	ENSG00000255723	117
HSD17B12	ENSG00000149084	2391	ENSG00000283341	490
HSD17B13	ENSG00000170509	2368	ENSG00000255723	162
HSD17B14	ENSG00000087076	1050		0
HSD17B2	ENSG00000086696	1434		0
HSD17B3	ENSG00000130948	1135	ENSG00000285269	1089
HSD17B4	ENSG00000133835	2628		0
HSD17B6	ENSG00000025423	1367		0
HSD17B7	ENSG00000132196	1191		0
HSD17B8	ENSG00000204228	977		0
HSD3B1	ENSG00000203857	1669		0
HSD3B2	ENSG00000203859	1622		0
HSD3B7	ENSG00000099377	2168		0
HSDL1	ENSG00000103160	3509		0
HSDL2	ENSG00000119471	3174		0
HSF1	ENSG00000185122	2134		0
HSF2	ENSG00000025156	2443		0
HSF2BP	ENSG00000160207	1895		0
HSF4	ENSG00000102878	1516	ENSG00000265690	323
HSF5	ENSG00000176160	4094		0
HSFX1	ENSG00000171116	1963		0
HSFX2	ENSG00000268738	1366		0
HSFY1	ENSG00000172468	581	ENSG00000251510	268
HSFY2	ENSG00000169953	1444	ENSG00000176728	269
HSP90AA1	ENSG00000080824	3228		0
HSP90AB1	ENSG00000096384	2460		0
HSP90B1	ENSG00000166598	2782	ENSG00000284503	131
HSPA12A	ENSG00000165868	5714		0
HSPA12B	ENSG00000132622	3133		0
HSPA13	ENSG00000155304	3945		0
HSPA14	ENSG00000187522	1762	ENSG00000284024	318
HSPA1A	ENSG00000204389	2400		0
HSPA1B	ENSG00000204388	2517	ENSG00000285565	920
HSPA1L	ENSG00000204390	2544		0
HSPA2	ENSG00000126803	2394		0
HSPA4	ENSG00000170606	4774		0
HSPA4L	ENSG00000164070	2780		0
HSPA5	ENSG00000044574	3908		0
HSPA6	ENSG00000173110	2355		0
HSPA8	ENSG00000109971	2191		0
HSPA9	ENSG00000113013	3279		0
HSPB1	ENSG00000106211	777		0
HSPB11	ENSG00000081870	685		0
HSPB2	ENSG00000170276	843	ENSG00000254445	719
HSPB3	ENSG00000169271	679		0
HSPB6	ENSG00000004776	1459		0
HSPB7	ENSG00000173641	2144		0
HSPB8	ENSG00000152137	1861		0
HSPB9	ENSG00000260325	549		0
HSPBAP1	ENSG00000169087	1954		0
HSPBP1	ENSG00000133265	1626		0
HSPD1	ENSG00000144381	2245		0
HSPE1	ENSG00000115541	557	ENSG00000270757	192
HSPE1-MOB4	ENSG00000270757	890	ENSG00000115540	698
HSPG2	ENSG00000142798	14328		0
HSPH1	ENSG00000120694	5169		0
HTATIP2	ENSG00000109854	888		0
HTATSF1	ENSG00000102241	2659		0
HTN1	ENSG00000126550	544		0
HTN3	ENSG00000205649	532		0
HTR1A	ENSG00000178394	1779		0
HTR1B	ENSG00000135312	1261		0
HTR1D	ENSG00000179546	2835		0
HTR1E	ENSG00000168830	1826		0
HTR1F	ENSG00000179097	3128		0
HTR2A	ENSG00000102468	4836		0
HTR2B	ENSG00000135914	2170		0
HTR2C	ENSG00000147246	3189		0
HTR3A	ENSG00000166736	1917		0
HTR3B	ENSG00000149305	1892		0
HTR3C	ENSG00000178084	1697		0
HTR3D	ENSG00000186090	1304		0
HTR3E	ENSG00000186038	1606		0
HTR4	ENSG00000164270	2962		0
HTR5A	ENSG00000157219	2912		0
HTR6	ENSG00000158748	1985		0
HTR7	ENSG00000148680	3028		0
HTRA1	ENSG00000166033	2091		0
HTRA2	ENSG00000115317	1785		0
HTRA3	ENSG00000170801	2529		0
HTRA4	ENSG00000169495	2031		0
HTT	ENSG00000197386	13472		0
HUNK	ENSG00000142149	7386		0
HUS1	ENSG00000136273	2935		0
HUS1B	ENSG00000188996	1025		0
HUWE1	ENSG00000086758	14500		0
HVCN1	ENSG00000122986	1565		0
HYAL1	ENSG00000114378	2031		0
HYAL2	ENSG00000068001	1882		0
HYAL3	ENSG00000186792	1878	ENSG00000243477	193
HYAL4	ENSG00000106302	2407		0
HYDIN	ENSG00000157423	3193		0
HYI	ENSG00000178922	1208		0
HYKK	ENSG00000188266	1222		0
HYLS1	ENSG00000198331	1351		0
HYPK	ENSG00000242028	666		0
HYPM	ENSG00000187516	499		0
IAH1	ENSG00000134330	1245		0
IAPP	ENSG00000121351	354		0
IARS	ENSG00000196305	4483		0
IARS2	ENSG00000067704	3530		0
IBA57	ENSG00000181873	7818		0
IBSP	ENSG00000029559	1547		0
IBTK	ENSG00000005700	6040		0
ICA1	ENSG00000003147	2344		0
ICA1L	ENSG00000163596	7813	ENSG00000240761	641
ICAM1	ENSG00000090339	2967		0
ICAM2	ENSG00000108622	1024		0
ICAM3	ENSG00000076662	1735		0
ICAM4	ENSG00000105371	1212		0
ICAM5	ENSG00000105376	3001		0
ICE1	ENSG00000164151	7914		0
ICE2	ENSG00000128915	7206		0
ICK	ENSG00000112144	6092	ENSG00000288614	120
ICMT	ENSG00000116237	4771		0
ICOS	ENSG00000163600	2630		0
ICOSLG	ENSG00000160223	7078		0
ICT1	ENSG00000167862	891		0
ID1	ENSG00000125968	983		0
ID2	ENSG00000115738	1291		0
ID3	ENSG00000117318	950		0
ID4	ENSG00000172201	2345		0
IDE	ENSG00000119912	5877		0
IDH1	ENSG00000138413	2318		0
IDH2	ENSG00000182054	2658		0
IDH3A	ENSG00000166411	4083		0
IDH3B	ENSG00000101365	1542		0
IDH3G	ENSG00000067829	1335		0
IDI1	ENSG00000067064	2251		0
IDI2	ENSG00000148377	1356		0
IDNK	ENSG00000148057	693		0
IDO1	ENSG00000131203	1485		0
IDO2	ENSG00000188676	1228		0
IDS	ENSG00000010404	7579	ENSG00000241489	6877
IDUA	ENSG00000127415	2116		0
IER2	ENSG00000160888	1293		0
IER3	ENSG00000137331	1237		0
IER3IP1	ENSG00000134049	3516	ENSG00000267228	401
IER5	ENSG00000162783	4189		0
IER5L	ENSG00000188483	2710		0
IFFO1	ENSG00000010295	2646		0
IFFO2	ENSG00000169991	6179		0
IFI16	ENSG00000163565	2715		0
IFI27L1	ENSG00000165948	647		0
IFI27L2	ENSG00000119632	451		0
IFI30	ENSG00000268173	997	ENSG00000216490	988
IFI35	ENSG00000068079	1182		0
IFI44	ENSG00000137965	1682		0
IFI44L	ENSG00000137959	5829		0
IFI6	ENSG00000126709	798	ENSG00000233975	217
IFIH1	ENSG00000115267	3577		0
IFIT1	ENSG00000185745	1803		0
IFIT1B	ENSG00000204010	1972		0
IFIT2	ENSG00000119922	3393		0
IFIT3	ENSG00000119917	2390		0
IFIT5	ENSG00000152778	4012		0
IFITM1	ENSG00000185885	545	ENSG00000288681	351
IFITM10	ENSG00000244242	3707	ENSG00000250644	1062
IFITM2	ENSG00000185201	893	ENSG00000288681	31
IFITM3	ENSG00000142089	611		0
IFITM5	ENSG00000206013	736		0
IFNA1	ENSG00000197919	864		0
IFNA10	ENSG00000186803	963		0
IFNA13	ENSG00000233816	635		0
IFNA14	ENSG00000228083	990		0
IFNA16	ENSG00000147885	939		0
IFNA17	ENSG00000234829	980		0
IFNA2	ENSG00000188379	1134		0
IFNA21	ENSG00000137080	1024		0
IFNA4	ENSG00000236637	895		0
IFNA5	ENSG00000147873	987		0
IFNA6	ENSG00000120235	570		0
IFNA7	ENSG00000214042	737		0
IFNA8	ENSG00000120242	1040		0
IFNAR1	ENSG00000142166	6073		0
IFNAR2	ENSG00000159110	2900	ENSG00000249624	832
IFNB1	ENSG00000171855	839		0
IFNE	ENSG00000184995	1475		0
IFNG	ENSG00000111537	1211		0
IFNGR1	ENSG00000027697	2074		0
IFNGR2	ENSG00000159128	1699	ENSG00000289939	153
IFNK	ENSG00000147896	1141		0
IFNL1	ENSG00000182393	775		0
IFNL2	ENSG00000183709	738		0
IFNL3	ENSG00000197110	657		0
IFNL4	ENSG00000272395	1493		0
IFNLR1	ENSG00000185436	4538		0
IFNW1	ENSG00000177047	1201		0
IFRD1	ENSG00000006652	1546	ENSG00000288640	1546
IFRD2	ENSG00000214706	1931	ENSG00000186792	43
IFT122	ENSG00000163913	3878		0
IFT140	ENSG00000187535	5232		0
IFT172	ENSG00000138002	5395		0
IFT20	ENSG00000109083	826		0
IFT22	ENSG00000128581	1131		0
IFT27	ENSG00000100360	1070		0
IFT43	ENSG00000119650	816		0
IFT46	ENSG00000118096	1562		0
IFT52	ENSG00000101052	1751		0
IFT57	ENSG00000114446	3057		0
IFT74	ENSG00000096872	2011		0
IFT80	ENSG00000068885	3999	ENSG00000248710	1953
IFT81	ENSG00000122970	2688		0
IFT88	ENSG00000032742	2768		0
IGBP1	ENSG00000089289	1681		0
IGDCC3	ENSG00000174498	4441		0
IGDCC4	ENSG00000103742	6363		0
IGF1	ENSG00000017427	7277		0
IGF1R	ENSG00000140443	11804		0
IGF2	ENSG00000167244	4419	ENSG00000284779	2141
IGF2BP1	ENSG00000159217	8275		0
IGF2BP2	ENSG00000073792	3675		0
IGF2BP3	ENSG00000136231	4250		0
IGF2R	ENSG00000197081	14045		0
IGFALS	ENSG00000099769	2058		0
IGFBP1	ENSG00000146678	1514		0
IGFBP2	ENSG00000115457	1414		0
IGFBP3	ENSG00000146674	2261		0
IGFBP4	ENSG00000141753	2195		0
IGFBP5	ENSG00000115461	6215		0
IGFBP6	ENSG00000167779	947		0
IGFBP7	ENSG00000163453	1427		0
IGFBPL1	ENSG00000137142	1094		0
IGFL1	ENSG00000188293	770		0
IGFL2	ENSG00000204866	542		0
IGFL3	ENSG00000188624	663		0
IGFL4	ENSG00000204869	560		0
IGFLR1	ENSG00000126246	1645	ENSG00000267120	1194
IGFN1	ENSG00000163395	11811		0
IGHA1	ENSG00000211895	1000		0
IGHA2	ENSG00000211890	961		0
IGHD1-1	ENSG00000236170	17		0
IGHD1-14	ENSG00000227108	17		0
IGHD1-20	ENSG00000237020	17		0
IGHD1-26	ENSG00000211907	20		0
IGHD1-7	ENSG00000237197	17		0
IGHD1OR15-1A	ENSG00000271336	17		0
IGHD1OR15-1B	ENSG00000270185	17		0
IGHD2-15	ENSG00000211918	31		0
IGHD2-2	ENSG00000211931	31		0
IGHD2-21	ENSG00000211912	28		0
IGHD2-8	ENSG00000211925	31		0
IGHD2OR15-2A	ENSG00000282599	31		0
IGHD2OR15-2B	ENSG00000282268	31		0
IGHD3-10	ENSG00000211923	31		0
IGHD3-16	ENSG00000211917	37		0
IGHD3-22	ENSG00000211911	31		0
IGHD3-3	ENSG00000211930	31		0
IGHD3-9	ENSG00000211924	31		0
IGHD3OR15-3A	ENSG00000282520	31		0
IGHD3OR15-3B	ENSG00000282089	31		0
IGHD4-11	ENSG00000232543	16		0
IGHD4-17	ENSG00000227800	16		0
IGHD4-23	ENSG00000227196	19		0
IGHD4-4	ENSG00000233655	16		0
IGHD4OR15-4A	ENSG00000271317	19		0
IGHD4OR15-4B	ENSG00000270451	19		0
IGHD5-12	ENSG00000211921	23		0
IGHD5-18	ENSG00000211915	20		0
IGHD5-24	ENSG00000211909	20		0
IGHD5-5	ENSG00000211928	20		0
IGHD5OR15-5A	ENSG00000270961	23		0
IGHD5OR15-5B	ENSG00000270824	23		0
IGHD6-13	ENSG00000211920	21		0
IGHD6-19	ENSG00000211914	21		0
IGHD6-25	ENSG00000225825	18		0
IGHD6-6	ENSG00000228131	18		0
IGHD7-27	ENSG00000236597	11		0
IGHE	ENSG00000211891	1279		0
IGHG1	ENSG00000211896	2619		0
IGHG2	ENSG00000211893	973		0
IGHG3	ENSG00000211897	1125		0
IGHG4	ENSG00000211892	976		0
IGHJ1	ENSG00000211905	52		0
IGHJ2	ENSG00000211904	52		0
IGHJ3	ENSG00000242887	49		0
IGHJ4	ENSG00000240041	46		0
IGHJ5	ENSG00000242472	49		0
IGHJ6	ENSG00000211900	61		0
IGHM	ENSG00000211899	1300		0
IGHMBP2	ENSG00000132740	3912		0
IGHV1-18	ENSG00000211945	410		0
IGHV1-2	ENSG00000211934	417		0
IGHV1-24	ENSG00000211950	411		0
IGHV1-45	ENSG00000211961	411		0
IGHV1-46	ENSG00000211962	655		0
IGHV1-58	ENSG00000211968	414		0
IGHV1-69	ENSG00000211973	412		0
IGHV1OR15-1	ENSG00000270505	353		0
IGHV1OR15-9	ENSG00000188403	353		0
IGHV2-26	ENSG00000211951	381		0
IGHV2-5	ENSG00000211937	378		0
IGHV2OR16-5	ENSG00000259303	358		0
IGHV3-13	ENSG00000211942	430		0
IGHV3-15	ENSG00000211943	437		0
IGHV3-16	ENSG00000211944	425		0
IGHV3-20	ENSG00000211946	415		0
IGHV3-21	ENSG00000211947	430		0
IGHV3-23	ENSG00000211949	432		0
IGHV3-30	ENSG00000270550	431		0
IGHV3-33	ENSG00000211955	431		0
IGHV3-35	ENSG00000211957	366		0
IGHV3-38	ENSG00000211958	426		0
IGHV3-43	ENSG00000232216	434		0
IGHV3-66	ENSG00000211972	427		0
IGHV3-7	ENSG00000211938	430		0
IGHV3-73	ENSG00000211976	437		0
IGHV3-74	ENSG00000224650	587		0
IGHV3OR15-7	ENSG00000259490	359		0
IGHV3OR16-10	ENSG00000233732	350		0
IGHV3OR16-12	ENSG00000270467	353		0
IGHV3OR16-13	ENSG00000271178	353		0
IGHV3OR16-8	ENSG00000271130	349		0
IGHV3OR16-9	ENSG00000270472	294		0
IGHV4-34	ENSG00000211956	400		0
IGHV4-39	ENSG00000211959	425		0
IGHV4-59	ENSG00000224373	495		0
IGHV4-61	ENSG00000211970	457		0
IGHV4OR15-8	ENSG00000259261	353		0
IGHV5-51	ENSG00000211966	410		0
IGHV6-1	ENSG00000211933	415		0
IGHV7-81	ENSG00000211979	405		0
IGIP	ENSG00000182700	3456		0
IGKC	ENSG00000211592	516	ENSG00000253435	338
IGKJ1	ENSG00000211597	38		0
IGKJ3	ENSG00000211595	38		0
IGKJ4	ENSG00000211594	37		0
IGKJ5	ENSG00000211593	38		0
IGKV1-12	ENSG00000243290	398		0
IGKV1-16	ENSG00000240864	378		0
IGKV1-17	ENSG00000240382	378		0
IGKV1-27	ENSG00000244575	382		0
IGKV1-33	ENSG00000242076	382		0
IGKV1-37	ENSG00000239862	398		0
IGKV1-39	ENSG00000242371	398		0
IGKV1-5	ENSG00000243466	532		0
IGKV1-6	ENSG00000239855	380		0
IGKV1-8	ENSG00000240671	213	ENSG00000211592	168
IGKV1-9	ENSG00000241755	409		0
IGKV1D-16	ENSG00000241244	378		0
IGKV1D-17	ENSG00000242766	532		0
IGKV1D-37	ENSG00000250036	353		0
IGKV1D-39	ENSG00000251546	376		0
IGKV1D-42	ENSG00000211633	373		0
IGKV1D-43	ENSG00000242580	532		0
IGKV1D-8	ENSG00000239819	534		0
IGKV1OR2-108	ENSG00000231292	353		0
IGKV2-24	ENSG00000241294	390		0
IGKV2-28	ENSG00000244116	390		0
IGKV2-30	ENSG00000243238	390		0
IGKV2D-24	ENSG00000241566	390		0
IGKV2D-26	ENSG00000211623	390		0
IGKV2D-30	ENSG00000239571	395		0
IGKV3-11	ENSG00000241351	392		0
IGKV3-15	ENSG00000244437	442		0
IGKV3-20	ENSG00000239951	400		0
IGKV3-7	ENSG00000243063	445		0
IGKV3D-15	ENSG00000224041	396		0
IGKV3D-20	ENSG00000211625	445		0
IGKV3OR2-268	ENSG00000233999	350		0
IGKV4-1	ENSG00000211598	538		0
IGKV5-2	ENSG00000211599	408		0
IGKV6-21	ENSG00000211611	406		0
IGKV6D-21	ENSG00000225523	409		0
IGKV6D-41	ENSG00000211626	371		0
IGLC1	ENSG00000211675	460	ENSG00000254709	460
IGLC2	ENSG00000211677	462		0
IGLC3	ENSG00000211679	462		0
IGLC7	ENSG00000211685	441		0
IGLJ1	ENSG00000211674	127	ENSG00000254709	119
IGLJ2	ENSG00000211676	175		0
IGLJ3	ENSG00000211678	176		0
IGLJ4	ENSG00000211680	33		0
IGLJ5	ENSG00000211681	72		0
IGLJ6	ENSG00000211682	70		0
IGLJ7	ENSG00000211684	46		0
IGLL1	ENSG00000128322	883		0
IGLL5	ENSG00000254709	1014	ENSG00000211675	451
IGLON5	ENSG00000142549	2607		0
IGLV1-36	ENSG00000211655	393		0
IGLV1-40	ENSG00000211653	407		0
IGLV1-44	ENSG00000211651	467		0
IGLV1-47	ENSG00000211648	407		0
IGLV1-50	ENSG00000211645	405		0
IGLV1-51	ENSG00000211644	389	ENSG00000286129	318
IGLV10-54	ENSG00000211642	365		0
IGLV11-55	ENSG00000211641	381		0
IGLV2-11	ENSG00000211668	400		0
IGLV2-14	ENSG00000211666	402		0
IGLV2-18	ENSG00000211664	367		0
IGLV2-23	ENSG00000211660	502		0
IGLV2-33	ENSG00000211656	412		0
IGLV3-1	ENSG00000211673	398		0
IGLV3-10	ENSG00000211669	382		0
IGLV3-12	ENSG00000211667	356		0
IGLV3-16	ENSG00000211665	375		0
IGLV3-19	ENSG00000211663	377		0
IGLV3-21	ENSG00000211662	602		0
IGLV3-22	ENSG00000211661	409		0
IGLV3-25	ENSG00000211659	380		0
IGLV3-27	ENSG00000211658	377		0
IGLV3-32	ENSG00000211657	383		0
IGLV3-9	ENSG00000211670	461		0
IGLV4-3	ENSG00000211672	403		0
IGLV4-60	ENSG00000211639	362		0
IGLV4-69	ENSG00000211637	419		0
IGLV5-37	ENSG00000211654	374		0
IGLV5-45	ENSG00000211650	397		0
IGLV5-52	ENSG00000211643	379	ENSG00000286129	328
IGLV6-57	ENSG00000211640	353		0
IGLV7-43	ENSG00000211652	385		0
IGLV7-46	ENSG00000211649	385		0
IGLV8-61	ENSG00000211638	414		0
IGLV9-49	ENSG00000223350	409		0
IGSF1	ENSG00000147255	4379		0
IGSF10	ENSG00000152580	8358		0
IGSF11	ENSG00000144847	3207		0
IGSF21	ENSG00000117154	1891		0
IGSF22	ENSG00000179057	4277		0
IGSF23	ENSG00000216588	990		0
IGSF3	ENSG00000143061	7235		0
IGSF5	ENSG00000183067	2052		0
IGSF6	ENSG00000140749	2720		0
IGSF8	ENSG00000162729	2270		0
IGSF9	ENSG00000085552	4042		0
IGSF9B	ENSG00000080854	5034		0
IHH	ENSG00000163501	2019		0
IK	ENSG00000113141	1903	ENSG00000284325	81
IKBIP	ENSG00000166130	2902		0
IKBKAP	ENSG00000070061	5905		0
IKBKB	ENSG00000104365	3086		0
IKZF1	ENSG00000185811	6190		0
IKZF2	ENSG00000030419	3889		0
IKZF3	ENSG00000161405	9664		0
IKZF4	ENSG00000123411	4926		0
IKZF5	ENSG00000095574	4532		0
IL10	ENSG00000136634	1630		0
IL10RA	ENSG00000110324	3649		0
IL10RB	ENSG00000243646	1941	ENSG00000249624	1280
IL11	ENSG00000095752	2282		0
IL11RA	ENSG00000137070	1652	ENSG00000258728	410
IL12A	ENSG00000168811	1437		0
IL12B	ENSG00000113302	2362		0
IL12RB1	ENSG00000096996	2713		0
IL12RB2	ENSG00000081985	3531		0
IL13	ENSG00000169194	1283		0
IL13RA1	ENSG00000131724	3996		0
IL13RA2	ENSG00000123496	1338		0
IL15	ENSG00000164136	1448		0
IL15RA	ENSG00000134470	1566		0
IL16	ENSG00000172349	4000		0
IL17A	ENSG00000112115	1860		0
IL17B	ENSG00000127743	696		0
IL17C	ENSG00000124391	1040		0
IL17D	ENSG00000172458	1760		0
IL17F	ENSG00000112116	813		0
IL17RA	ENSG00000177663	8566		0
IL17RB	ENSG00000056736	2005		0
IL17RC	ENSG00000163702	2408	ENSG00000288550	1599
IL17RD	ENSG00000144730	8698		0
IL17RE	ENSG00000163701	2679		0
IL17REL	ENSG00000188263	3473		0
IL18	ENSG00000150782	1115		0
IL18BP	ENSG00000137496	1420		0
IL18R1	ENSG00000115604	3856		0
IL18RAP	ENSG00000115607	2285		0
IL19	ENSG00000142224	1033		0
IL1A	ENSG00000115008	2017		0
IL1B	ENSG00000125538	1507		0
IL1F10	ENSG00000136697	1013		0
IL1R1	ENSG00000115594	5144		0
IL1R2	ENSG00000115590	1462		0
IL1RAP	ENSG00000196083	4658		0
IL1RAPL1	ENSG00000169306	3615		0
IL1RAPL2	ENSG00000189108	2986		0
IL1RL1	ENSG00000115602	1997		0
IL1RL2	ENSG00000115598	2565		0
IL1RN	ENSG00000136689	811		0
IL2	ENSG00000109471	1029		0
IL20	ENSG00000162891	1284		0
IL20RA	ENSG00000016402	3485		0
IL20RB	ENSG00000174564	1929		0
IL21	ENSG00000138684	627		0
IL21R	ENSG00000103522	4837		0
IL22	ENSG00000127318	1165		0
IL22RA1	ENSG00000142677	2798		0
IL22RA2	ENSG00000164485	2797		0
IL23A	ENSG00000110944	1037		0
IL23R	ENSG00000162594	2858		0
IL24	ENSG00000162892	1702		0
IL25	ENSG00000166090	1116		0
IL26	ENSG00000111536	1065		0
IL27	ENSG00000197272	1044		0
IL27RA	ENSG00000104998	2948		0
IL2RA	ENSG00000134460	3176		0
IL2RB	ENSG00000100385	4034		0
IL2RG	ENSG00000147168	1480	ENSG00000285171	956
IL3	ENSG00000164399	924		0
IL31	ENSG00000204671	905		0
IL31RA	ENSG00000164509	2578		0
IL32	ENSG00000008517	770	ENSG00000252561	29
IL33	ENSG00000137033	2639		0
IL34	ENSG00000157368	1613		0
IL36A	ENSG00000136694	889		0
IL36B	ENSG00000136696	1187		0
IL36G	ENSG00000136688	1189		0
IL36RN	ENSG00000136695	2562		0
IL37	ENSG00000125571	773		0
IL3RA	ENSG00000185291	1537		0
IL4	ENSG00000113520	613		0
IL4I1	ENSG00000104951	1707	ENSG00000213024	301
IL4R	ENSG00000077238	3624		0
IL5	ENSG00000113525	815		0
IL5RA	ENSG00000091181	2515		0
IL6	ENSG00000136244	1127		0
IL6R	ENSG00000160712	5764		0
IL6ST	ENSG00000134352	9027		0
IL7	ENSG00000104432	1961		0
IL7R	ENSG00000168685	4584		0
IL9	ENSG00000145839	591		0
IL9R	ENSG00000124334	1829	ENSG00000270726	232
ILDR1	ENSG00000145103	2659		0
ILDR2	ENSG00000143195	13141		0
ILF2	ENSG00000143621	1605		0
ILF3	ENSG00000129351	6017		0
ILK	ENSG00000166333	1759		0
ILKAP	ENSG00000132323	1455		0
ILVBL	ENSG00000105135	2304		0
IMMP1L	ENSG00000148950	685		0
IMMP2L	ENSG00000184903	1523		0
IMMT	ENSG00000132305	2689		0
IMP3	ENSG00000177971	1132		0
IMP4	ENSG00000136718	1068		0
IMPA1	ENSG00000133731	2323		0
IMPA2	ENSG00000141401	1449		0
IMPACT	ENSG00000154059	3734		0
IMPAD1	ENSG00000104331	7200		0
IMPDH1	ENSG00000106348	1690		0
IMPDH2	ENSG00000178035	1643	ENSG00000290315	1485
IMPG1	ENSG00000112706	3543		0
IMPG2	ENSG00000081148	8337		0
INA	ENSG00000148798	3227		0
INADL	ENSG00000132849	8497		0
INAFM1	ENSG00000257704	823		0
INCA1	ENSG00000196388	1006		0
INCENP	ENSG00000149503	3685		0
INF2	ENSG00000203485	4673		0
ING1	ENSG00000153487	4697		0
ING2	ENSG00000168556	1125		0
ING3	ENSG00000071243	3749		0
ING4	ENSG00000111653	1659		0
ING5	ENSG00000168395	5197		0
INHA	ENSG00000123999	1351		0
INHBA	ENSG00000122641	6046		0
INHBB	ENSG00000163083	3200		0
INHBC	ENSG00000175189	1968		0
INHBE	ENSG00000139269	2430		0
INIP	ENSG00000148153	4114		0
INMT	ENSG00000241644	2559	ENSG00000254959	373
INMT-FAM188B	ENSG00000254959	2877	ENSG00000106125	2287
INO80	ENSG00000128908	6365		0
INO80B	ENSG00000115274	1181	ENSG00000274049	1096
INO80B-WBP1	ENSG00000274049	2040	ENSG00000115274	1097
INO80C	ENSG00000153391	943	ENSG00000267140	222
INO80D	ENSG00000114933	14128		0
INO80E	ENSG00000169592	1154		0
INPP1	ENSG00000151689	2043		0
INPP4A	ENSG00000040933	9977		0
INPP4B	ENSG00000109452	8732		0
INPP5A	ENSG00000068383	2968		0
INPP5B	ENSG00000204084	3061		0
INPP5E	ENSG00000148384	3394		0
INPP5F	ENSG00000198825	4933		0
INPP5J	ENSG00000185133	2216		0
INPP5K	ENSG00000132376	2706		0
INPPL1	ENSG00000165458	4734		0
INS	ENSG00000254647	460	ENSG00000129965	241
INS-IGF2	ENSG00000129965	828	ENSG00000284779	462
INSC	ENSG00000188487	2812		0
INSIG1	ENSG00000186480	2908		0
INSIG2	ENSG00000125629	2591		0
INSL3	ENSG00000248099	751		0
INSL4	ENSG00000120211	1952		0
INSL5	ENSG00000172410	716		0
INSL6	ENSG00000120210	724		0
INSM1	ENSG00000173404	2830		0
INSM2	ENSG00000168348	2891		0
INSR	ENSG00000171105	4722		0
INSRR	ENSG00000027644	5101		0
INTS1	ENSG00000164880	6959		0
INTS10	ENSG00000104613	2517		0
INTS12	ENSG00000138785	1502		0
INTS2	ENSG00000108506	4247		0
INTS3	ENSG00000143624	5236		0
INTS4	ENSG00000149262	3146		0
INTS5	ENSG00000185085	3285	ENSG00000255432	306
INTS6	ENSG00000102786	3663		0
INTS7	ENSG00000143493	4415		0
INTS8	ENSG00000164941	4634		0
INTS9	ENSG00000104299	2544		0
INTU	ENSG00000164066	13208		0
INVS	ENSG00000119509	3710		0
IP6K1	ENSG00000176095	4456		0
IP6K2	ENSG00000068745	1746		0
IP6K3	ENSG00000161896	2611		0
IPCEF1	ENSG00000074706	6690	ENSG00000288520	1331
IPMK	ENSG00000151151	6093		0
IPO11	ENSG00000086200	4357	ENSG00000288643	428
IPO13	ENSG00000117408	3883		0
IPO4	ENSG00000196497	3498	ENSG00000259522	3470
IPO7	ENSG00000205339	6161		0
IPO8	ENSG00000133704	5208		0
IPO9	ENSG00000198700	11416	ENSG00000277681	1
IPP	ENSG00000197429	3113		0
IPPK	ENSG00000127080	4268		0
IQCA1	ENSG00000132321	3215		0
IQCB1	ENSG00000173226	2576		0
IQCC	ENSG00000160051	2012		0
IQCD	ENSG00000166578	1364		0
IQCE	ENSG00000106012	6839		0
IQCF1	ENSG00000173389	695		0
IQCF2	ENSG00000184345	579		0
IQCF3	ENSG00000285749	1685	ENSG00000229972	570
IQCF5	ENSG00000214681	512		0
IQCF6	ENSG00000214686	445		0
IQCG	ENSG00000114473	2232		0
IQCH	ENSG00000103599	4209		0
IQCJ	ENSG00000214216	397		0
IQCJ-SCHIP1	ENSG00000283154	2626	ENSG00000151967	1291
IQCK	ENSG00000174628	2819		0
IQGAP1	ENSG00000140575	7205		0
IQGAP2	ENSG00000145703	5808		0
IQGAP3	ENSG00000183856	5988		0
IQSEC1	ENSG00000144711	4998		0
IQSEC2	ENSG00000124313	3790		0
IQSEC3	ENSG00000120645	2280		0
IQUB	ENSG00000164675	2724		0
IRAK1	ENSG00000184216	3581	ENSG00000284286	61
IRAK1BP1	ENSG00000146243	5577		0
IRAK2	ENSG00000134070	3429		0
IRAK3	ENSG00000090376	8328	ENSG00000284011	76
IRAK4	ENSG00000198001	4281		0
IREB2	ENSG00000136381	6324		0
IRF1	ENSG00000125347	3554		0
IRF2	ENSG00000168310	2257		0
IRF2BP1	ENSG00000170604	2534		0
IRF2BP2	ENSG00000168264	4663		0
IRF2BPL	ENSG00000119669	4157		0
IRF3	ENSG00000126456	1368		0
IRF4	ENSG00000137265	5314		0
IRF5	ENSG00000128604	2788		0
IRF6	ENSG00000117595	4307	ENSG00000289700	1573
IRF7	ENSG00000185507	1885		0
IRF8	ENSG00000140968	2668	ENSG00000274134	1
IRF9	ENSG00000259529	1726	ENSG00000213928	1626
IRG1	ENSG00000102794	2147		0
IRGC	ENSG00000124449	1596		0
IRGM	ENSG00000237693	1660		0
IRGQ	ENSG00000167378	9685	ENSG00000268361	169
IRS1	ENSG00000169047	9706		0
IRS2	ENSG00000185950	8139		0
IRS4	ENSG00000133124	3831		0
IRX1	ENSG00000170549	1859		0
IRX2	ENSG00000170561	2311		0
IRX3	ENSG00000177508	2601		0
IRX4	ENSG00000113430	2216		0
IRX5	ENSG00000176842	2398		0
IRX6	ENSG00000159387	2681		0
ISCA1	ENSG00000135070	1958		0
ISCA2	ENSG00000165898	2581		0
ISCU	ENSG00000136003	979		0
ISG15	ENSG00000187608	637		0
ISG20	ENSG00000172183	660		0
ISG20L2	ENSG00000143319	2654		0
ISL1	ENSG00000016082	2394		0
ISL2	ENSG00000159556	1831		0
ISLR	ENSG00000129009	2331		0
ISLR2	ENSG00000167178	4202		0
ISM1	ENSG00000101230	2594		0
ISM2	ENSG00000100593	2938		0
ISOC1	ENSG00000066583	1941		0
ISOC2	ENSG00000063241	1072		0
ISPD	ENSG00000214960	5525		0
IST1	ENSG00000182149	1193		0
ISX	ENSG00000175329	3072		0
ISY1	ENSG00000240682	3612	ENSG00000261796	912
ISY1-RAB43	ENSG00000261796	4868	ENSG00000172780	3957
ISYNA1	ENSG00000105655	2252		0
ITCH	ENSG00000078747	6363	ENSG00000289720	2880
ITFG1	ENSG00000129636	3185		0
ITFG2	ENSG00000111203	2315		0
ITGA1	ENSG00000213949	10736	ENSG00000152684	499
ITGA11	ENSG00000137809	3956		0
ITGA2	ENSG00000164171	7843		0
ITGA2B	ENSG00000005961	3334		0
ITGA3	ENSG00000005884	3666		0
ITGA4	ENSG00000115232	4028		0
ITGA5	ENSG00000161638	4250		0
ITGA6	ENSG00000091409	5587		0
ITGA7	ENSG00000135424	4120		0
ITGA8	ENSG00000077943	6547		0
ITGA9	ENSG00000144668	7860		0
ITGAD	ENSG00000156886	3889	ENSG00000260757	147
ITGAE	ENSG00000083457	3803		0
ITGAL	ENSG00000005844	5129		0
ITGAM	ENSG00000169896	3596		0
ITGAV	ENSG00000138448	7031		0
ITGAX	ENSG00000140678	4661		0
ITGB1	ENSG00000150093	3649		0
ITGB1BP1	ENSG00000119185	3997		0
ITGB1BP2	ENSG00000147166	1280		0
ITGB2	ENSG00000160255	2728		0
ITGB3	ENSG00000259207	3996	ENSG00000259753	2266
ITGB3BP	ENSG00000142856	949		0
ITGB4	ENSG00000132470	5531		0
ITGB5	ENSG00000082781	4372		0
ITGB6	ENSG00000115221	4641	ENSG00000285155	967
ITGB7	ENSG00000139626	2806		0
ITGB8	ENSG00000105855	8752		0
ITGBL1	ENSG00000198542	2434		0
ITIH1	ENSG00000055957	2904		0
ITIH2	ENSG00000151655	3146		0
ITIH3	ENSG00000162267	2796		0
ITIH4	ENSG00000055955	3270	ENSG00000243696	2965
ITIH6	ENSG00000102313	4949		0
ITK	ENSG00000113263	4508		0
ITLN1	ENSG00000179914	1182		0
ITLN2	ENSG00000158764	1151		0
ITM2A	ENSG00000078596	1616		0
ITM2B	ENSG00000136156	10089		0
ITM2C	ENSG00000135916	2036		0
ITPA	ENSG00000125877	1037		0
ITPK1	ENSG00000100605	6066		0
ITPKA	ENSG00000137825	1825		0
ITPKB	ENSG00000143772	5822		0
ITPKC	ENSG00000086544	3376		0
ITPR1	ENSG00000150995	9763		0
ITPR2	ENSG00000123104	11402	ENSG00000256185	126
ITPR3	ENSG00000096433	9079		0
ITPRIP	ENSG00000148841	6365	ENSG00000287779	172
ITPRIPL1	ENSG00000198885	1947		0
ITPRIPL2	ENSG00000205730	7248	ENSG00000261427	413
ITSN1	ENSG00000205726	16972		0
ITSN2	ENSG00000198399	6122		0
IVD	ENSG00000128928	1809		0
IVL	ENSG00000163207	2152		0
IVNS1ABP	ENSG00000116679	4113		0
IWS1	ENSG00000163166	2952		0
IYD	ENSG00000009765	8622		0
IZUMO1	ENSG00000182264	1622		0
IZUMO1R	ENSG00000183560	767		0
IZUMO2	ENSG00000161652	728		0
IZUMO3	ENSG00000205442	744		0
IZUMO4	ENSG00000099840	911		0
JADE1	ENSG00000077684	5695		0
JADE2	ENSG00000043143	6284		0
JAG1	ENSG00000101384	5940		0
JAG2	ENSG00000184916	5773	ENSG00000257622	469
JAGN1	ENSG00000171135	1637		0
JAK1	ENSG00000162434	5047		0
JAK2	ENSG00000096968	5258		0
JAK3	ENSG00000105639	5383		0
JAKMIP1	ENSG00000152969	2250	ENSG00000284684	32
JAKMIP2	ENSG00000176049	5955		0
JAKMIP3	ENSG00000188385	6228		0
JAM2	ENSG00000154721	4338		0
JAM3	ENSG00000166086	3765		0
JARID2	ENSG00000008083	5756		0
JAZF1	ENSG00000153814	3121		0
JCHAIN	ENSG00000132465	1286		0
JDP2	ENSG00000140044	838		0
JKAMP	ENSG00000050130	1652		0
JMJD1C	ENSG00000171988	8662		0
JMJD4	ENSG00000081692	2433		0
JMJD6	ENSG00000070495	1604		0
JMJD7	ENSG00000243789	1409	ENSG00000168970	711
JMJD7-PLA2G4B	ENSG00000168970	3331	ENSG00000243708	2620
JMJD8	ENSG00000161999	1934		0
JMY	ENSG00000152409	9039		0
JOSD1	ENSG00000100221	3599		0
JOSD2	ENSG00000161677	802		0
JPH1	ENSG00000104369	4378		0
JPH2	ENSG00000149596	4398		0
JPH3	ENSG00000154118	3986		0
JPH4	ENSG00000092051	4265		0
JRKL	ENSG00000183340	2836		0
JSRP1	ENSG00000167476	1138		0
JTB	ENSG00000143543	1273	ENSG00000285641	696
JUN	ENSG00000177606	3257	ENSG00000290013	58
JUNB	ENSG00000171223	1821		0
JUND	ENSG00000130522	1864		0
JUP	ENSG00000173801	3085		0
KAAG1	ENSG00000146049	1382		0
KANK1	ENSG00000107104	5010		0
KANK2	ENSG00000197256	5159		0
KANK3	ENSG00000186994	2787		0
KANK4	ENSG00000132854	4666		0
KANSL1	ENSG00000120071	4967		0
KANSL1L	ENSG00000144445	4755		0
KANSL2	ENSG00000139620	2156		0
KANSL3	ENSG00000114982	5153		0
KARS	ENSG00000065427	1991		0
KAT2A	ENSG00000108773	3106	ENSG00000267261	405
KAT2B	ENSG00000114166	4410		0
KAT5	ENSG00000172977	1982		0
KAT6A	ENSG00000083168	9153		0
KAT6B	ENSG00000156650	8288		0
KAT7	ENSG00000136504	9514	ENSG00000262837	315
KAT8	ENSG00000103510	1495		0
KATNA1	ENSG00000186625	1652		0
KATNAL1	ENSG00000102781	7551		0
KATNAL2	ENSG00000167216	1636		0
KATNB1	ENSG00000140854	2618		0
KATNBL1	ENSG00000134152	2723		0
KAZALD1	ENSG00000107821	1765		0
KAZN	ENSG00000189337	6031		0
KBTBD11	ENSG00000176595	6711		0
KBTBD12	ENSG00000187715	5727		0
KBTBD13	ENSG00000234438	1378		0
KBTBD2	ENSG00000170852	3608		0
KBTBD3	ENSG00000182359	3639		0
KBTBD4	ENSG00000123444	2339		0
KBTBD6	ENSG00000165572	5178		0
KBTBD7	ENSG00000120696	4733		0
KBTBD8	ENSG00000163376	4680		0
KCMF1	ENSG00000176407	7500		0
KCNA1	ENSG00000111262	7976	ENSG00000256654	569
KCNA10	ENSG00000143105	1589		0
KCNA2	ENSG00000177301	11698		0
KCNA3	ENSG00000177272	2476		0
KCNA4	ENSG00000182255	4173		0
KCNA5	ENSG00000130037	2801		0
KCNA6	ENSG00000151079	3985		0
KCNA7	ENSG00000104848	4131		0
KCNAB1	ENSG00000169282	2843		0
KCNAB2	ENSG00000069424	3591		0
KCNAB3	ENSG00000170049	2458	ENSG00000262730	252
KCNB1	ENSG00000158445	11871		0
KCNB2	ENSG00000182674	3583		0
KCNC1	ENSG00000129159	3888		0
KCNC2	ENSG00000166006	5596		0
KCNC3	ENSG00000131398	3177		0
KCNC4	ENSG00000116396	2981		0
KCND1	ENSG00000102057	4438		0
KCND2	ENSG00000184408	5332		0
KCND3	ENSG00000171385	7396		0
KCNE1	ENSG00000180509	3106		0
KCNE2	ENSG00000159197	1044		0
KCNE3	ENSG00000175538	3064		0
KCNE4	ENSG00000152049	2915		0
KCNE5	ENSG00000176076	1473		0
KCNF1	ENSG00000162975	2290		0
KCNG1	ENSG00000026559	2189		0
KCNG2	ENSG00000178342	1402		0
KCNG3	ENSG00000171126	3709		0
KCNG4	ENSG00000168418	5180		0
KCNH1	ENSG00000143473	7965	ENSG00000283952	387
KCNH2	ENSG00000055118	4286		0
KCNH3	ENSG00000135519	3868		0
KCNH4	ENSG00000089558	3724		0
KCNH5	ENSG00000140015	11280		0
KCNH6	ENSG00000173826	3714		0
KCNH7	ENSG00000184611	4113		0
KCNH8	ENSG00000183960	5077		0
KCNIP1	ENSG00000182132	2015		0
KCNIP2	ENSG00000120049	664		0
KCNIP3	ENSG00000115041	2891		0
KCNIP4	ENSG00000185774	1463		0
KCNJ1	ENSG00000151704	2369		0
KCNJ10	ENSG00000177807	5205		0
KCNJ11	ENSG00000187486	2802		0
KCNJ12	ENSG00000184185	5263		0
KCNJ13	ENSG00000115474	2948	ENSG00000241409	271
KCNJ14	ENSG00000182324	2895	ENSG00000105447	351
KCNJ15	ENSG00000157551	2818		0
KCNJ16	ENSG00000153822	3981		0
KCNJ2	ENSG00000123700	1500		0
KCNJ3	ENSG00000162989	4625		0
KCNJ4	ENSG00000168135	2065		0
KCNJ5	ENSG00000120457	5940		0
KCNJ6	ENSG00000157542	19646		0
KCNJ8	ENSG00000121361	2274		0
KCNJ9	ENSG00000162728	4171		0
KCNK1	ENSG00000135750	2059		0
KCNK10	ENSG00000100433	2726		0
KCNK12	ENSG00000184261	6228		0
KCNK13	ENSG00000152315	2289		0
KCNK15	ENSG00000124249	2514		0
KCNK16	ENSG00000095981	981		0
KCNK17	ENSG00000124780	1524		0
KCNK18	ENSG00000186795	1155		0
KCNK2	ENSG00000082482	1492		0
KCNK3	ENSG00000171303	6163		0
KCNK4	ENSG00000182450	1698	ENSG00000257069	1539
KCNK5	ENSG00000164626	3757		0
KCNK6	ENSG00000099337	5721		0
KCNK7	ENSG00000173338	1103		0
KCNK9	ENSG00000169427	1132		0
KCNMA1	ENSG00000156113	6087		0
KCNMB1	ENSG00000145936	4742		0
KCNMB2	ENSG00000197584	1255	ENSG00000275163	979
KCNMB3	ENSG00000171121	985		0
KCNMB4	ENSG00000135643	4717		0
KCNN1	ENSG00000105642	3387		0
KCNN2	ENSG00000080709	2760		0
KCNN3	ENSG00000143603	13033		0
KCNN4	ENSG00000104783	1956		0
KCNQ1	ENSG00000053918	3224		0
KCNQ2	ENSG00000075043	3254		0
KCNQ3	ENSG00000184156	11441		0
KCNQ4	ENSG00000117013	4100		0
KCNQ5	ENSG00000185760	6346		0
KCNRG	ENSG00000198553	1337	ENSG00000204977	819
KCNS1	ENSG00000124134	4337		0
KCNS2	ENSG00000156486	5220		0
KCNS3	ENSG00000170745	2197		0
KCNT1	ENSG00000107147	4718		0
KCNT2	ENSG00000162687	3625		0
KCNU1	ENSG00000215262	3692		0
KCNV1	ENSG00000164794	6904		0
KCNV2	ENSG00000168263	2178		0
KCTD1	ENSG00000134504	1622		0
KCTD10	ENSG00000110906	3920		0
KCTD11	ENSG00000213859	2783		0
KCTD12	ENSG00000178695	6216		0
KCTD13	ENSG00000174943	1716		0
KCTD14	ENSG00000151364	1673	ENSG00000259112	96
KCTD15	ENSG00000153885	1618		0
KCTD16	ENSG00000183775	2272		0
KCTD17	ENSG00000100379	1688		0
KCTD18	ENSG00000155729	2934		0
KCTD19	ENSG00000168676	2937		0
KCTD2	ENSG00000180901	3636		0
KCTD20	ENSG00000112078	5384		0
KCTD21	ENSG00000188997	3389		0
KCTD3	ENSG00000136636	3932		0
KCTD4	ENSG00000180332	1865		0
KCTD5	ENSG00000167977	2434		0
KCTD6	ENSG00000168301	1534		0
KCTD7	ENSG00000243335	4869	ENSG00000284461	504
KCTD8	ENSG00000183783	2588		0
KCTD9	ENSG00000104756	3367		0
KDELC1	ENSG00000134901	2029		0
KDELC2	ENSG00000178202	4253		0
KDELR1	ENSG00000105438	1550		0
KDELR2	ENSG00000136240	2786		0
KDELR3	ENSG00000100196	1694		0
KDF1	ENSG00000175707	1793		0
KDM1A	ENSG00000004487	3013		0
KDM1B	ENSG00000165097	3812		0
KDM2A	ENSG00000173120	6963		0
KDM2B	ENSG00000089094	4596		0
KDM3A	ENSG00000115548	4667		0
KDM3B	ENSG00000120733	6724		0
KDM4A	ENSG00000066135	4475	ENSG00000284989	2078
KDM4B	ENSG00000127663	5594		0
KDM4C	ENSG00000107077	4338	ENSG00000293552	2441
KDM4D	ENSG00000186280	2950		0
KDM4E	ENSG00000235268	2339		0
KDM5A	ENSG00000073614	10630		0
KDM5B	ENSG00000117139	9292		0
KDM5C	ENSG00000126012	5810		0
KDM5D	ENSG00000012817	5276		0
KDM6A	ENSG00000147050	5439		0
KDM6B	ENSG00000132510	6594		0
KDM7A	ENSG00000006459	9220		0
KDM8	ENSG00000155666	2431		0
KDR	ENSG00000128052	5827		0
KDSR	ENSG00000119537	5143		0
KEAP1	ENSG00000079999	2565		0
KEL	ENSG00000197993	2494		0
KERA	ENSG00000139330	2162		0
KHDC1	ENSG00000135314	1134	ENSG00000243501	719
KHDC1L	ENSG00000256980	635	ENSG00000243501	449
KHDC3L	ENSG00000203908	1019		0
KHDRBS1	ENSG00000121774	2713		0
KHDRBS2	ENSG00000112232	2329	ENSG00000250686	163
KHDRBS3	ENSG00000131773	1978		0
KHK	ENSG00000138030	2388		0
KHNYN	ENSG00000100441	6603		0
KHSRP	ENSG00000088247	2995	ENSG00000284159	23
KIAA0040	ENSG00000235750	4548		0
KIAA0100	ENSG00000007202	7401		0
KIAA0101	ENSG00000166803	2126	ENSG00000259316	339
KIAA0141	ENSG00000081791	4907		0
KIAA0196	ENSG00000164961	4139		0
KIAA0226L	ENSG00000102445	3732		0
KIAA0232	ENSG00000170871	7766		0
KIAA0319	ENSG00000137261	6802		0
KIAA0319L	ENSG00000142687	4777		0
KIAA0355	ENSG00000166398	6680		0
KIAA0368	ENSG00000136813	7013		0
KIAA0391	ENSG00000258790	2612	ENSG00000100890	2612
KIAA0408	ENSG00000189367	3283	ENSG00000255330	3068
KIAA0430	ENSG00000166783	7730	ENSG00000284184	66
KIAA0513	ENSG00000135709	7358		0
KIAA0556	ENSG00000047578	6592		0
KIAA0586	ENSG00000100578	4808		0
KIAA0753	ENSG00000198920	4644		0
KIAA0825	ENSG00000185261	1220		0
KIAA0895	ENSG00000164542	2442		0
KIAA0895L	ENSG00000196123	3382		0
KIAA0907	ENSG00000132680	2945		0
KIAA0922	ENSG00000121210	5004		0
KIAA0930	ENSG00000100364	6213		0
KIAA1024	ENSG00000169330	6733		0
KIAA1024L	ENSG00000186367	2339		0
KIAA1033	ENSG00000136051	5791		0
KIAA1107	ENSG00000189195	4557		0
KIAA1109	ENSG00000138688	15897		0
KIAA1143	ENSG00000163807	5079		0
KIAA1147	ENSG00000257093	7296	ENSG00000244701	84
KIAA1161	ENSG00000164976	6399		0
KIAA1191	ENSG00000122203	2786		0
KIAA1210	ENSG00000250423	7306		0
KIAA1211	ENSG00000109265	4053		0
KIAA1211L	ENSG00000196872	3873		0
KIAA1217	ENSG00000120549	7382		0
KIAA1257	ENSG00000114656	1297		0
KIAA1324	ENSG00000116299	3328		0
KIAA1324L	ENSG00000164659	3100		0
KIAA1328	ENSG00000150477	4843		0
KIAA1429	ENSG00000164944	6475		0
KIAA1456	ENSG00000250305	9588		0
KIAA1462	ENSG00000165757	9262		0
KIAA1468	ENSG00000134444	6096		0
KIAA1522	ENSG00000162522	5439		0
KIAA1524	ENSG00000163507	4062		0
KIAA1549	ENSG00000122778	12379		0
KIAA1549L	ENSG00000110427	11679		0
KIAA1551	ENSG00000174718	6231		0
KIAA1586	ENSG00000168116	2789		0
KIAA1614	ENSG00000135835	9655		0
KIAA1644	ENSG00000138944	6752		0
KIAA1671	ENSG00000197077	7728		0
KIAA1683	ENSG00000130518	3785		0
KIAA1715	ENSG00000144320	7533		0
KIAA1755	ENSG00000149633	6377		0
KIAA1841	ENSG00000162929	4517	ENSG00000274769	285
KIAA1919	ENSG00000173214	5959		0
KIAA1958	ENSG00000165185	1300		0
KIAA2012	ENSG00000182329	3780		0
KIAA2013	ENSG00000116685	2815		0
KIAA2022	ENSG00000050030	11712		0
KIAA2026	ENSG00000183354	6974		0
KIDINS220	ENSG00000134313	7348		0
KIF11	ENSG00000138160	4861		0
KIF12	ENSG00000136883	1959		0
KIF13A	ENSG00000137177	5941		0
KIF13B	ENSG00000197892	8743		0
KIF14	ENSG00000118193	6835		0
KIF15	ENSG00000163808	4760		0
KIF16B	ENSG00000089177	5261		0
KIF17	ENSG00000117245	3957		0
KIF18A	ENSG00000121621	3417		0
KIF18B	ENSG00000186185	2746		0
KIF19	ENSG00000196169	3629		0
KIF1A	ENSG00000130294	8828		0
KIF1B	ENSG00000054523	6818		0
KIF1BP	ENSG00000198954	2462		0
KIF1C	ENSG00000129250	7917		0
KIF20A	ENSG00000112984	3087		0
KIF20B	ENSG00000138182	6303		0
KIF21A	ENSG00000139116	5045		0
KIF21B	ENSG00000116852	5131		0
KIF22	ENSG00000079616	2081		0
KIF23	ENSG00000137807	3610		0
KIF24	ENSG00000186638	6132		0
KIF25	ENSG00000125337	1613		0
KIF26A	ENSG00000066735	5650		0
KIF26B	ENSG00000162849	7287		0
KIF27	ENSG00000165115	4654		0
KIF2A	ENSG00000068796	2495	ENSG00000288643	331
KIF2B	ENSG00000141200	2267		0
KIF2C	ENSG00000142945	2862		0
KIF3A	ENSG00000131437	6230		0
KIF3B	ENSG00000101350	6104		0
KIF3C	ENSG00000084731	5342		0
KIF4A	ENSG00000090889	4334		0
KIF4B	ENSG00000226650	4378		0
KIF5A	ENSG00000155980	5778		0
KIF5B	ENSG00000170759	5866		0
KIF6	ENSG00000164627	9082		0
KIF7	ENSG00000166813	4551		0
KIF9	ENSG00000088727	3310		0
KIFAP3	ENSG00000075945	2954		0
KIFC1	ENSG00000237649	2391		0
KIFC2	ENSG00000167702	3272		0
KIFC3	ENSG00000140859	3330		0
KIN	ENSG00000151657	6348		0
KIR2DL1	ENSG00000125498	1597	ENSG00000215765	36
KIR2DL3	ENSG00000243772	1591		0
KIR2DL4	ENSG00000189013	1448		0
KIR2DS4	ENSG00000221957	1608		0
KIR3DL1	ENSG00000167633	1871		0
KIR3DL2	ENSG00000240403	1877		0
KIRREL	ENSG00000183853	2839		0
KIRREL2	ENSG00000126259	2943		0
KIRREL3	ENSG00000149571	3809		0
KISS1	ENSG00000170498	709		0
KISS1R	ENSG00000116014	1616		0
KIT	ENSG00000157404	5147		0
KITLG	ENSG00000049130	1643		0
KL	ENSG00000133116	5005		0
KLB	ENSG00000134962	6002		0
KLC1	ENSG00000126214	2104	ENSG00000256500	1651
KLC2	ENSG00000174996	2783		0
KLC3	ENSG00000104892	1780		0
KLC4	ENSG00000137171	2306		0
KLF1	ENSG00000105610	1593		0
KLF10	ENSG00000155090	2915		0
KLF11	ENSG00000172059	4031		0
KLF12	ENSG00000118922	10637		0
KLF13	ENSG00000169926	6826		0
KLF15	ENSG00000163884	2540		0
KLF16	ENSG00000129911	2890		0
KLF17	ENSG00000171872	3132		0
KLF18	ENSG00000283039	3159		0
KLF2	ENSG00000127528	2009		0
KLF3	ENSG00000109787	5119		0
KLF4	ENSG00000136826	2813		0
KLF5	ENSG00000102554	3349		0
KLF6	ENSG00000067082	4590		0
KLF7	ENSG00000118263	8362		0
KLF8	ENSG00000102349	1544		0
KLF9	ENSG00000119138	5168		0
KLHDC1	ENSG00000197776	2674		0
KLHDC10	ENSG00000128607	6398		0
KLHDC2	ENSG00000165516	4969		0
KLHDC3	ENSG00000124702	1869		0
KLHDC4	ENSG00000104731	1887		0
KLHDC7A	ENSG00000179023	4994		0
KLHDC7B	ENSG00000130487	2992		0
KLHDC8A	ENSG00000162873	2614		0
KLHDC8B	ENSG00000185909	1960		0
KLHDC9	ENSG00000162755	1315		0
KLHL1	ENSG00000150361	4105		0
KLHL10	ENSG00000161594	2012		0
KLHL11	ENSG00000178502	2376		0
KLHL12	ENSG00000117153	3311		0
KLHL13	ENSG00000003096	2965		0
KLHL14	ENSG00000197705	4271		0
KLHL15	ENSG00000174010	6272		0
KLHL17	ENSG00000187961	2561		0
KLHL18	ENSG00000114648	4621		0
KLHL2	ENSG00000109466	3129		0
KLHL20	ENSG00000076321	3412		0
KLHL21	ENSG00000162413	4487		0
KLHL22	ENSG00000099910	2528	ENSG00000277971	178
KLHL23	ENSG00000213160	1751	ENSG00000144362	337
KLHL24	ENSG00000114796	2290		0
KLHL25	ENSG00000183655	3650		0
KLHL26	ENSG00000167487	4344		0
KLHL28	ENSG00000179454	6522		0
KLHL29	ENSG00000119771	5288		0
KLHL3	ENSG00000146021	6805		0
KLHL30	ENSG00000168427	3727		0
KLHL31	ENSG00000124743	5728		0
KLHL32	ENSG00000186231	3698		0
KLHL33	ENSG00000185271	1865		0
KLHL34	ENSG00000185915	3641		0
KLHL35	ENSG00000149243	1937		0
KLHL36	ENSG00000135686	2174		0
KLHL38	ENSG00000175946	1960		0
KLHL4	ENSG00000102271	5765		0
KLHL40	ENSG00000157119	2499		0
KLHL41	ENSG00000239474	2460	ENSG00000251569	937
KLHL42	ENSG00000087448	6490		0
KLHL5	ENSG00000109790	3368		0
KLHL6	ENSG00000172578	6278		0
KLHL7	ENSG00000122550	5619		0
KLHL8	ENSG00000145332	5621		0
KLHL9	ENSG00000198642	5711		0
KLK1	ENSG00000167748	867		0
KLK10	ENSG00000129451	2901		0
KLK11	ENSG00000167757	1097		0
KLK12	ENSG00000186474	873		0
KLK13	ENSG00000167759	910		0
KLK14	ENSG00000129437	925		0
KLK15	ENSG00000174562	856		0
KLK2	ENSG00000167751	2829		0
KLK3	ENSG00000142515	1463		0
KLK4	ENSG00000167749	1348		0
KLK5	ENSG00000167754	1379		0
KLK6	ENSG00000167755	1327		0
KLK7	ENSG00000169035	1869		0
KLK8	ENSG00000129455	915	ENSG00000269741	416
KLK9	ENSG00000269741	755	ENSG00000213022	755
KLKB1	ENSG00000164344	2258	ENSG00000290316	2116
KLLN	ENSG00000227268	4278		0
KLRB1	ENSG00000111796	1448		0
KLRC1	ENSG00000134545	1407		0
KLRC2	ENSG00000205809	1221	ENSG00000255641	338
KLRC3	ENSG00000205810	678	ENSG00000255641	347
KLRC4	ENSG00000183542	928	ENSG00000255819	468
KLRC4-KLRK1	ENSG00000255819	1507	ENSG00000213809	925
KLRD1	ENSG00000134539	15448		0
KLRF2	ENSG00000256797	731		0
KLRG1	ENSG00000139187	1201		0
KLRG2	ENSG00000188883	2158		0
KLRK1	ENSG00000213809	1553	ENSG00000255819	924
KMO	ENSG00000117009	5017		0
KMT2A	ENSG00000118058	13656	ENSG00000285827	3655
KMT2B	ENSG00000272333	8470		0
KMT2C	ENSG00000055609	16860		0
KMT2D	ENSG00000167548	19416	ENSG00000288710	638
KMT2E	ENSG00000005483	6848	ENSG00000288914	99
KNCN	ENSG00000162456	609		0
KNDC1	ENSG00000171798	6794		0
KNG1	ENSG00000113889	1638		0
KNOP1	ENSG00000103550	6422		0
KNSTRN	ENSG00000128944	1714		0
KNTC1	ENSG00000184445	6974		0
KPNA1	ENSG00000114030	6831		0
KPNA2	ENSG00000182481	1965		0
KPNA3	ENSG00000102753	4222		0
KPNA4	ENSG00000186432	8952		0
KPNA5	ENSG00000196911	5065		0
KPNA6	ENSG00000025800	7355	ENSG00000250135	667
KPNA7	ENSG00000185467	1709		0
KPNB1	ENSG00000108424	6058		0
KPRP	ENSG00000203786	2492		0
KPTN	ENSG00000118162	1636		0
KRAS	ENSG00000133703	996		0
KRBA2	ENSG00000263809	1965	ENSG00000184619	1733
KRBOX1	ENSG00000290317	826	ENSG00000240747	578
KRBOX4	ENSG00000147121	1349		0
KRCC1	ENSG00000172086	1753		0
KREMEN1	ENSG00000183762	1379		0
KREMEN2	ENSG00000131650	1995		0
KRI1	ENSG00000129347	2989		0
KRIT1	ENSG00000001631	3964	ENSG00000289027	2428
KRR1	ENSG00000111615	10104		0
KRT1	ENSG00000167768	2451		0
KRT10	ENSG00000186395	2124		0
KRT12	ENSG00000187242	1867		0
KRT13	ENSG00000171401	1699		0
KRT14	ENSG00000186847	1636		0
KRT15	ENSG00000171346	1712	ENSG00000283796	2
KRT16	ENSG00000186832	1644		0
KRT17	ENSG00000128422	1517		0
KRT18	ENSG00000111057	1353		0
KRT19	ENSG00000171345	1390		0
KRT2	ENSG00000172867	2403		0
KRT20	ENSG00000171431	1738		0
KRT222	ENSG00000213424	1713	ENSG00000264058	1010
KRT23	ENSG00000108244	1983		0
KRT24	ENSG00000167916	1881		0
KRT25	ENSG00000204897	1669		0
KRT26	ENSG00000186393	1733		0
KRT27	ENSG00000171446	1612		0
KRT28	ENSG00000173908	1686		0
KRT3	ENSG00000186442	2319		0
KRT31	ENSG00000094796	1597		0
KRT32	ENSG00000108759	1708		0
KRT33A	ENSG00000006059	1287		0
KRT33B	ENSG00000131738	1603		0
KRT34	ENSG00000131737	1635		0
KRT35	ENSG00000197079	1651		0
KRT36	ENSG00000126337	1644		0
KRT37	ENSG00000108417	1476		0
KRT38	ENSG00000171360	2338		0
KRT39	ENSG00000196859	1696		0
KRT4	ENSG00000170477	2141		0
KRT40	ENSG00000204889	1813		0
KRT5	ENSG00000186081	2238		0
KRT6A	ENSG00000205420	2308		0
KRT6B	ENSG00000185479	2282		0
KRT6C	ENSG00000170465	2289		0
KRT7	ENSG00000135480	1625		0
KRT71	ENSG00000139648	2263		0
KRT72	ENSG00000170486	1814		0
KRT73	ENSG00000186049	2284		0
KRT74	ENSG00000170484	2789		0
KRT75	ENSG00000170454	2170		0
KRT76	ENSG00000185069	2529		0
KRT77	ENSG00000189182	3305		0
KRT78	ENSG00000170423	1779		0
KRT79	ENSG00000185640	2069		0
KRT8	ENSG00000170421	1735		0
KRT80	ENSG00000167767	3859		0
KRT81	ENSG00000205426	1929		0
KRT82	ENSG00000161850	2644		0
KRT83	ENSG00000170523	1875		0
KRT84	ENSG00000161849	2092		0
KRT85	ENSG00000135443	2447		0
KRT86	ENSG00000170442	2218	ENSG00000285102	126
KRT9	ENSG00000171403	2291		0
KRTAP1-1	ENSG00000188581	893		0
KRTAP1-3	ENSG00000221880	972		0
KRTAP1-4	ENSG00000204887	409		0
KRTAP1-5	ENSG00000221852	1177		0
KRTAP10-1	ENSG00000215455	1215		0
KRTAP10-10	ENSG00000221859	1100		0
KRTAP10-11	ENSG00000243489	1237		0
KRTAP10-12	ENSG00000189169	873		0
KRTAP10-2	ENSG00000205445	1149		0
KRTAP10-3	ENSG00000212935	971		0
KRTAP10-4	ENSG00000215454	1643		0
KRTAP10-5	ENSG00000241123	1150		0
KRTAP10-8	ENSG00000187766	876		0
KRTAP10-9	ENSG00000221837	1172		0
KRTAP11-1	ENSG00000182591	912		0
KRTAP12-1	ENSG00000187175	588		0
KRTAP12-2	ENSG00000221864	739		0
KRTAP12-3	ENSG00000205439	410		0
KRTAP12-4	ENSG00000212933	447		0
KRTAP13-1	ENSG00000198390	750		0
KRTAP13-2	ENSG00000182816	868		0
KRTAP13-3	ENSG00000240432	547		0
KRTAP13-4	ENSG00000186971	798		0
KRTAP15-1	ENSG00000186970	595		0
KRTAP16-1	ENSG00000212657	1554		0
KRTAP17-1	ENSG00000186860	780		0
KRTAP19-1	ENSG00000184351	639		0
KRTAP19-2	ENSG00000186965	381		0
KRTAP19-3	ENSG00000244025	128	ENSG00000184351	90
KRTAP19-4	ENSG00000186967	310		0
KRTAP19-5	ENSG00000186977	461		0
KRTAP19-6	ENSG00000186925	330		0
KRTAP19-7	ENSG00000244362	135	ENSG00000186925	83
KRTAP19-8	ENSG00000206102	318		0
KRTAP2-1	ENSG00000212725	776		0
KRTAP2-2	ENSG00000214518	733		0
KRTAP2-3	ENSG00000212724	875		0
KRTAP2-4	ENSG00000213417	764		0
KRTAP20-1	ENSG00000244624	275		0
KRTAP20-2	ENSG00000184032	385		0
KRTAP20-3	ENSG00000206104	273		0
KRTAP20-4	ENSG00000206105	224		0
KRTAP21-1	ENSG00000187005	414		0
KRTAP21-2	ENSG00000187026	440		0
KRTAP21-3	ENSG00000231068	253		0
KRTAP22-1	ENSG00000186924	296		0
KRTAP22-2	ENSG00000206106	293		0
KRTAP23-1	ENSG00000186980	208		0
KRTAP24-1	ENSG00000188694	1642		0
KRTAP25-1	ENSG00000232263	370		0
KRTAP26-1	ENSG00000197683	1192		0
KRTAP27-1	ENSG00000206107	682		0
KRTAP29-1	ENSG00000212658	1026		0
KRTAP3-1	ENSG00000212901	594		0
KRTAP3-2	ENSG00000212900	702		0
KRTAP3-3	ENSG00000212899	704		0
KRTAP4-1	ENSG00000198443	811		0
KRTAP4-11	ENSG00000212721	1180		0
KRTAP4-12	ENSG00000213416	1077		0
KRTAP4-16P	ENSG00000241241	708		0
KRTAP4-2	ENSG00000244537	763		0
KRTAP4-3	ENSG00000196156	964		0
KRTAP4-4	ENSG00000171396	1082		0
KRTAP4-5	ENSG00000198271	879		0
KRTAP4-6	ENSG00000198090	1055		0
KRTAP4-7	ENSG00000240871	992		0
KRTAP4-8	ENSG00000204880	1161		0
KRTAP4-9	ENSG00000212722	1100		0
KRTAP5-1	ENSG00000205869	942		0
KRTAP5-10	ENSG00000204572	1173		0
KRTAP5-11	ENSG00000204571	1021		0
KRTAP5-2	ENSG00000205867	1118		0
KRTAP5-3	ENSG00000196224	899		0
KRTAP5-4	ENSG00000241598	1181		0
KRTAP5-5	ENSG00000185940	933		0
KRTAP5-6	ENSG00000205864	561		0
KRTAP5-7	ENSG00000244411	1403		0
KRTAP5-8	ENSG00000241233	1183		0
KRTAP5-9	ENSG00000254997	1134		0
KRTAP6-1	ENSG00000184724	500		0
KRTAP6-2	ENSG00000186930	313		0
KRTAP6-3	ENSG00000212938	636		0
KRTAP8-1	ENSG00000183640	556		0
KRTAP9-1	ENSG00000240542	753		0
KRTAP9-2	ENSG00000239886	1005		0
KRTAP9-3	ENSG00000204873	993		0
KRTAP9-4	ENSG00000241595	967		0
KRTAP9-6	ENSG00000212659	483		0
KRTAP9-7	ENSG00000180386	510		0
KRTAP9-8	ENSG00000187272	961		0
KRTAP9-9	ENSG00000198083	981		0
KRTCAP2	ENSG00000163463	523	ENSG00000273088	456
KRTCAP3	ENSG00000157992	760		0
KRTDAP	ENSG00000188508	425		0
KSR1	ENSG00000141068	5518	ENSG00000266728	305
KSR2	ENSG00000171435	17008		0
KTI12	ENSG00000198841	1708	ENSG00000285839	663
KTN1	ENSG00000126777	4619		0
KXD1	ENSG00000105700	1344		0
KY	ENSG00000174611	2346		0
KYNU	ENSG00000115919	15150		0
L1CAM	ENSG00000198910	5111	ENSG00000284987	401
L1TD1	ENSG00000240563	3831	ENSG00000200174	110
L2HGDH	ENSG00000087299	6095		0
L34079.2	ENSG00000268361	393	ENSG00000073050	225
L3HYPDH	ENSG00000126790	1506	ENSG00000258782	78
L3MBTL1	ENSG00000185513	2996	ENSG00000288000	2982
L3MBTL2	ENSG00000100395	3189		0
L3MBTL3	ENSG00000198945	4206		0
L3MBTL4	ENSG00000154655	3438		0
LA16c-380H5.3	ENSG00000262152	2062		0
LA16c-431H6.6	ENSG00000261732	5326	ENSG00000007545	4158
LACC1	ENSG00000179630	3811	ENSG00000281883	647
LACE1	ENSG00000135537	5048		0
LACRT	ENSG00000135413	552		0
LACTB	ENSG00000103642	1911		0
LACTB2	ENSG00000147592	967		0
LACTBL1	ENSG00000215906	1641		0
LAG3	ENSG00000089692	1974		0
LAGE3	ENSG00000196976	943		0
LAIR2	ENSG00000167618	665		0
LALBA	ENSG00000167531	728		0
LAMA1	ENSG00000101680	9641		0
LAMA2	ENSG00000196569	9638		0
LAMA3	ENSG00000053747	10651		0
LAMA4	ENSG00000112769	6280		0
LAMA5	ENSG00000130702	11426	ENSG00000284074	2
LAMB1	ENSG00000091136	5632		0
LAMB2	ENSG00000172037	5607		0
LAMB3	ENSG00000196878	4014	ENSG00000283876	7
LAMB4	ENSG00000091128	5852		0
LAMC1	ENSG00000135862	7890		0
LAMC2	ENSG00000058085	5148		0
LAMC3	ENSG00000050555	6041		0
LAMP1	ENSG00000185896	2700		0
LAMP2	ENSG00000005893	2021		0
LAMP3	ENSG00000078081	3196		0
LAMP5	ENSG00000125869	1810		0
LAMTOR1	ENSG00000149357	1089		0
LAMTOR2	ENSG00000116586	621		0
LAMTOR3	ENSG00000109270	4163		0
LAMTOR4	ENSG00000188186	594		0
LAMTOR5	ENSG00000134248	620		0
LANCL1	ENSG00000115365	4572		0
LANCL2	ENSG00000132434	4349		0
LANCL3	ENSG00000147036	3054		0
LAP3	ENSG00000002549	2207		0
LAPTM4A	ENSG00000068697	1365		0
LAPTM4B	ENSG00000104341	903		0
LAPTM5	ENSG00000162511	2177		0
LARGE	ENSG00000133424	4347		0
LARP1	ENSG00000155506	6364		0
LARP1B	ENSG00000138709	4847		0
LARP4	ENSG00000161813	6428		0
LARP4B	ENSG00000107929	5963		0
LARP6	ENSG00000166173	4467		0
LARP7	ENSG00000174720	2107		0
LARS	ENSG00000133706	4757		0
LARS2	ENSG00000011376	4211		0
LAS1L	ENSG00000001497	2439		0
LASP1	ENSG00000002834	3910	ENSG00000277057	1
LAT	ENSG00000261067	1462	ENSG00000213658	1373
LAT2	ENSG00000086730	1753		0
LATS1	ENSG00000131023	7362		0
LATS2	ENSG00000150457	5507		0
LAX1	ENSG00000122188	3016		0
LAYN	ENSG00000204381	1854		0
LBH	ENSG00000213626	2930		0
LBHD1	ENSG00000162194	1320	ENSG00000278615	566
LBP	ENSG00000129988	1825		0
LBR	ENSG00000143815	3745		0
LBX1	ENSG00000138136	1770		0
LBX2	ENSG00000179528	1073		0
LCA5	ENSG00000135338	4542		0
LCA5L	ENSG00000157578	2062		0
LCAT	ENSG00000213398	1496	ENSG00000124067	185
LCE1A	ENSG00000186844	422		0
LCE1B	ENSG00000196734	1138		0
LCE1C	ENSG00000197084	645		0
LCE1D	ENSG00000172155	431		0
LCE1E	ENSG00000186226	476		0
LCE1F	ENSG00000240386	358		0
LCE2A	ENSG00000187173	593		0
LCE2B	ENSG00000159455	608		0
LCE2C	ENSG00000187180	610		0
LCE2D	ENSG00000187223	610		0
LCE3A	ENSG00000185962	270		0
LCE3B	ENSG00000187238	288		0
LCE3C	ENSG00000244057	380		0
LCE3D	ENSG00000163202	613		0
LCE3E	ENSG00000185966	611		0
LCE4A	ENSG00000187170	615		0
LCE5A	ENSG00000186207	820		0
LCE6A	ENSG00000235942	629		0
LCK	ENSG00000182866	2091		0
LCLAT1	ENSG00000172954	4878		0
LCMT1	ENSG00000205629	1352		0
LCMT2	ENSG00000168806	6925		0
LCN1	ENSG00000160349	775		0
LCN10	ENSG00000187922	705	ENSG00000204003	614
LCN12	ENSG00000184925	580		0
LCN15	ENSG00000177984	762		0
LCN2	ENSG00000148346	648		0
LCN6	ENSG00000267206	708	ENSG00000204003	510
LCN8	ENSG00000204001	867		0
LCN9	ENSG00000148386	534		0
LCNL1	ENSG00000214402	1836	ENSG00000284341	355
LCOR	ENSG00000196233	837		0
LCORL	ENSG00000178177	780		0
LCP1	ENSG00000136167	3643		0
LCP2	ENSG00000043462	4229		0
LCT	ENSG00000115850	6269		0
LCTL	ENSG00000188501	2684		0
LDAH	ENSG00000118961	2895		0
LDB1	ENSG00000198728	1745		0
LDB2	ENSG00000169744	2384		0
LDB3	ENSG00000122367	5298	ENSG00000289258	918
LDHA	ENSG00000134333	2241		0
LDHAL6A	ENSG00000166800	1685		0
LDHAL6B	ENSG00000171989	1673		0
LDHB	ENSG00000111716	1255	ENSG00000285854	887
LDHC	ENSG00000166796	2030		0
LDHD	ENSG00000166816	1994		0
LDLR	ENSG00000130164	3516	ENSG00000284553	1
LDLRAD1	ENSG00000203985	786		0
LDLRAD2	ENSG00000187942	4012		0
LDLRAD3	ENSG00000179241	3799		0
LDLRAD4	ENSG00000168675	8481		0
LDLRAP1	ENSG00000157978	2914		0
LDOC1	ENSG00000182195	1382		0
LDOC1L	ENSG00000188636	5419		0
LEAP2	ENSG00000164406	861		0
LECT1	ENSG00000136110	1411		0
LECT2	ENSG00000145826	1027		0
LEF1	ENSG00000138795	3065		0
LEFTY1	ENSG00000243709	1626	ENSG00000255835	882
LEFTY2	ENSG00000143768	2019	ENSG00000248322	175
LEKR1	ENSG00000197980	2526		0
LELP1	ENSG00000203784	524		0
LEMD1	ENSG00000186007	929		0
LEMD2	ENSG00000161904	2941		0
LEMD3	ENSG00000174106	4752		0
LENEP	ENSG00000163352	556		0
LENG1	ENSG00000105617	1381		0
LEO1	ENSG00000166477	2165		0
LEP	ENSG00000174697	3421		0
LEPR	ENSG00000116678	8211	ENSG00000213625	149
LEPROT	ENSG00000213625	4541	ENSG00000116678	149
LEPROTL1	ENSG00000104660	3163		0
LETM1	ENSG00000168924	5371		0
LETM2	ENSG00000165046	1778		0
LETMD1	ENSG00000050426	2103		0
LEUTX	ENSG00000213921	590		0
LEXM	ENSG00000162398	1690		0
LFNG	ENSG00000106003	2378	ENSG00000264357	1
LGALS1	ENSG00000100097	528		0
LGALS12	ENSG00000133317	1619		0
LGALS13	ENSG00000105198	600		0
LGALS14	ENSG00000006659	468		0
LGALS16	ENSG00000249861	605		0
LGALS2	ENSG00000100079	589		0
LGALS3	ENSG00000131981	938		0
LGALS3BP	ENSG00000108679	2202		0
LGALS4	ENSG00000171747	1117		0
LGALS7	ENSG00000205076	467		0
LGALS7B	ENSG00000178934	484		0
LGALS8	ENSG00000116977	5957		0
LGALS9	ENSG00000168961	1724	ENSG00000266728	294
LGALS9B	ENSG00000170298	1244		0
LGALS9C	ENSG00000171916	1715		0
LGALSL	ENSG00000119862	3856		0
LGI1	ENSG00000108231	2239		0
LGI2	ENSG00000153012	6428		0
LGI3	ENSG00000168481	3241		0
LGI4	ENSG00000153902	2673		0
LGMN	ENSG00000100600	1980		0
LGR4	ENSG00000205213	5206		0
LGR5	ENSG00000139292	4583		0
LGR6	ENSG00000133067	3548		0
LGSN	ENSG00000146166	1950		0
LHCGR	ENSG00000138039	3045	ENSG00000279956	869
LHFP	ENSG00000183722	2110		0
LHFPL1	ENSG00000182508	1559		0
LHFPL2	ENSG00000145685	4977		0
LHFPL3	ENSG00000187416	1853		0
LHFPL4	ENSG00000156959	4880		0
LHFPL5	ENSG00000197753	2084		0
LHPP	ENSG00000107902	1623		0
LHX2	ENSG00000106689	2396		0
LHX3	ENSG00000107187	2190		0
LHX4	ENSG00000121454	5821		0
LHX5	ENSG00000089116	2739		0
LHX6	ENSG00000106852	3462		0
LHX8	ENSG00000162624	1691		0
LHX9	ENSG00000143355	7837		0
LIAS	ENSG00000121897	1719		0
LIF	ENSG00000128342	3871		0
LIFR	ENSG00000113594	9946		0
LIG1	ENSG00000105486	3125		0
LIG3	ENSG00000005156	8382		0
LIG4	ENSG00000174405	3979		0
LILRA1	ENSG00000104974	1911		0
LILRA4	ENSG00000239961	1944	ENSG00000275210	354
LILRB4	ENSG00000186818	2095		0
LIM2	ENSG00000105370	862		0
LIMA1	ENSG00000050405	3680		0
LIMCH1	ENSG00000064042	5871		0
LIMD1	ENSG00000144791	11332		0
LIMD2	ENSG00000136490	3179		0
LIME1	ENSG00000203896	1157	ENSG00000273154	549
LIMK1	ENSG00000106683	3220		0
LIMK2	ENSG00000182541	3667		0
LIMS1	ENSG00000169756	1120		0
LIMS2	ENSG00000072163	1870		0
LIMS3L	ENSG00000257207	1312	ENSG00000256671	1236
LIN28A	ENSG00000131914	3969		0
LIN28B	ENSG00000187772	5446		0
LIN37	ENSG00000267796	935	ENSG00000188223	752
LIN52	ENSG00000205659	2616		0
LIN54	ENSG00000189308	6121		0
LIN7A	ENSG00000111052	6112		0
LIN7B	ENSG00000104863	746		0
LIN7C	ENSG00000148943	4685		0
LIN9	ENSG00000183814	2998		0
LINC00116	ENSG00000175701	427		0
LINC00493	ENSG00000232388	490	ENSG00000284776	144
LINC00694	ENSG00000293456	672	ENSG00000225873	496
LINC01420	ENSG00000204272	1530		0
LINC01620	ENSG00000168746	174		0
LINGO1	ENSG00000169783	3055		0
LINGO2	ENSG00000174482	2989		0
LINGO3	ENSG00000220008	2040		0
LINGO4	ENSG00000213171	2644	ENSG00000143365	84
LINS1	ENSG00000140471	4755		0
LIPA	ENSG00000107798	2496		0
LIPC	ENSG00000166035	1587		0
LIPE	ENSG00000079435	3768		0
LIPF	ENSG00000182333	1377		0
LIPG	ENSG00000101670	10415		0
LIPH	ENSG00000163898	4001		0
LIPI	ENSG00000188992	1517		0
LIPJ	ENSG00000204022	1484		0
LIPK	ENSG00000204021	1221		0
LIPM	ENSG00000173239	1439		0
LIPN	ENSG00000204020	1198		0
LIPT1	ENSG00000144182	1266	ENSG00000273155	54
LIPT2	ENSG00000175536	1010		0
LITAF	ENSG00000189067	2406		0
LIX1	ENSG00000145721	3765		0
LKAAEAR1	ENSG00000171695	781		0
LL0XNC01-16G2.1	ENSG00000225110	3294		0
LLGL1	ENSG00000131899	4212		0
LLGL2	ENSG00000073350	3510		0
LLPH	ENSG00000139233	7728	ENSG00000228144	320
LMAN1	ENSG00000074695	4824		0
LMAN1L	ENSG00000140506	1750	ENSG00000261606	1494
LMAN2	ENSG00000169223	1611		0
LMAN2L	ENSG00000114988	2397		0
LMBR1	ENSG00000105983	7950		0
LMBR1L	ENSG00000139636	2295		0
LMBRD1	ENSG00000168216	2109		0
LMBRD2	ENSG00000164187	8112		0
LMCD1	ENSG00000071282	8284		0
LMF1	ENSG00000103227	2606		0
LMF2	ENSG00000100258	2582		0
LMLN	ENSG00000185621	7026		0
LMNA	ENSG00000160789	3178		0
LMNB1	ENSG00000113368	2879		0
LMNB2	ENSG00000176619	4634	ENSG00000283728	1
LMNTD1	ENSG00000152936	1718		0
LMNTD2	ENSG00000185522	2044		0
LMO1	ENSG00000166407	1274		0
LMO2	ENSG00000135363	1564		0
LMO3	ENSG00000048540	3296		0
LMO4	ENSG00000143013	4993		0
LMO7	ENSG00000136153	5748	ENSG00000261553	951
LMO7DN	ENSG00000178734	1167		0
LMOD1	ENSG00000163431	3927		0
LMOD2	ENSG00000170807	2287		0
LMOD3	ENSG00000163380	4087		0
LMTK2	ENSG00000164715	8947		0
LMTK3	ENSG00000142235	4922		0
LMX1A	ENSG00000162761	3545		0
LMX1B	ENSG00000136944	1268		0
LNP1	ENSG00000206535	1864		0
LNPEP	ENSG00000113441	12134		0
LNX1	ENSG00000072201	2824		0
LNX2	ENSG00000139517	4625		0
LONP1	ENSG00000196365	3092		0
LONP2	ENSG00000102910	8195		0
LONRF1	ENSG00000154359	3582		0
LONRF2	ENSG00000170500	13681		0
LONRF3	ENSG00000175556	2551		0
LOR	ENSG00000203782	1231		0
LOX	ENSG00000113083	5076		0
LOXHD1	ENSG00000167210	6835		0
LOXL1	ENSG00000129038	2346		0
LOXL2	ENSG00000134013	3430		0
LOXL3	ENSG00000115318	3503		0
LOXL4	ENSG00000138131	3597		0
LPA	ENSG00000198670	6415		0
LPAR1	ENSG00000198121	3434		0
LPAR2	ENSG00000064547	1762		0
LPAR3	ENSG00000171517	3324		0
LPAR4	ENSG00000147145	2144		0
LPAR5	ENSG00000184574	2630		0
LPAR6	ENSG00000139679	1974		0
LPCAT1	ENSG00000153395	3945		0
LPCAT2	ENSG00000087253	5313		0
LPCAT3	ENSG00000111684	2235		0
LPCAT4	ENSG00000176454	2165		0
LPGAT1	ENSG00000123684	7773		0
LPIN1	ENSG00000134324	5340		0
LPIN2	ENSG00000101577	5994		0
LPIN3	ENSG00000132793	4130		0
LPL	ENSG00000175445	3564		0
LPO	ENSG00000167419	2821		0
LPXN	ENSG00000110031	1828		0
LRAT	ENSG00000121207	2593		0
LRBA	ENSG00000198589	10034		0
LRCH1	ENSG00000136141	4132		0
LRCH2	ENSG00000130224	4929		0
LRCH3	ENSG00000186001	7129		0
LRCH4	ENSG00000077454	2529	ENSG00000274272	1818
LRCOL1	ENSG00000204583	779		0
LRFN1	ENSG00000128011	3382		0
LRFN2	ENSG00000156564	3164		0
LRFN3	ENSG00000126243	3457		0
LRFN4	ENSG00000173621	2432		0
LRFN5	ENSG00000165379	3724		0
LRG1	ENSG00000171236	2599	ENSG00000267385	86
LRGUK	ENSG00000155530	3122		0
LRIF1	ENSG00000121931	3313		0
LRIG1	ENSG00000144749	5273		0
LRIG2	ENSG00000198799	11556		0
LRIG3	ENSG00000139263	4046		0
LRIT1	ENSG00000148602	2229		0
LRIT2	ENSG00000204033	3008		0
LRIT3	ENSG00000183423	3567		0
LRMP	ENSG00000118308	2310		0
LRP1	ENSG00000123384	14898	ENSG00000221365	1
LRP10	ENSG00000197324	6759		0
LRP11	ENSG00000120256	3261	ENSG00000285991	2642
LRP12	ENSG00000147650	4113		0
LRP1B	ENSG00000168702	15850	ENSG00000244125	349
LRP2	ENSG00000081479	15657		0
LRP2BP	ENSG00000109771	4367		0
LRP3	ENSG00000130881	3805	ENSG00000273420	511
LRP4	ENSG00000134569	8005		0
LRP5	ENSG00000162337	5160		0
LRP5L	ENSG00000290796	1144	ENSG00000100068	1077
LRP6	ENSG00000070018	10020		0
LRP8	ENSG00000157193	7648		0
LRPAP1	ENSG00000163956	7683		0
LRPPRC	ENSG00000138095	6320		0
LRR1	ENSG00000165501	1502		0
LRRC1	ENSG00000137269	3155		0
LRRC10	ENSG00000198812	2344		0
LRRC10B	ENSG00000204950	2220		0
LRRC14	ENSG00000160959	2177		0
LRRC14B	ENSG00000185028	1574		0
LRRC15	ENSG00000172061	5881		0
LRRC16A	ENSG00000079691	5432		0
LRRC16B	ENSG00000186648	4588		0
LRRC17	ENSG00000128606	1954		0
LRRC18	ENSG00000165383	1618		0
LRRC19	ENSG00000184434	3588		0
LRRC2	ENSG00000163827	4853		0
LRRC20	ENSG00000172731	2997		0
LRRC23	ENSG00000010626	1526		0
LRRC24	ENSG00000254402	1747	ENSG00000213563	60
LRRC25	ENSG00000175489	2416		0
LRRC26	ENSG00000184709	1209	ENSG00000261793	332
LRRC27	ENSG00000148814	6375		0
LRRC28	ENSG00000168904	5852		0
LRRC29	ENSG00000293507	1316	ENSG00000125122	932
LRRC3	ENSG00000160233	5845		0
LRRC30	ENSG00000206422	921		0
LRRC31	ENSG00000114248	2521		0
LRRC32	ENSG00000137507	4207		0
LRRC34	ENSG00000171757	1818		0
LRRC36	ENSG00000159708	2396		0
LRRC37A	ENSG00000176681	5177		0
LRRC37A2	ENSG00000238083	5415		0
LRRC37A3	ENSG00000176809	5666		0
LRRC37B	ENSG00000185158	2757		0
LRRC38	ENSG00000162494	2165		0
LRRC39	ENSG00000122477	1802		0
LRRC3B	ENSG00000179796	1697		0
LRRC3C	ENSG00000204913	892		0
LRRC4	ENSG00000128594	3828		0
LRRC40	ENSG00000066557	2843		0
LRRC41	ENSG00000132128	4128		0
LRRC42	ENSG00000116212	1764		0
LRRC43	ENSG00000158113	2022		0
LRRC45	ENSG00000169683	2698		0
LRRC46	ENSG00000141294	1879		0
LRRC47	ENSG00000130764	4303		0
LRRC49	ENSG00000137821	2593		0
LRRC4B	ENSG00000131409	2856		0
LRRC4C	ENSG00000148948	2651		0
LRRC52	ENSG00000162763	1366		0
LRRC53	ENSG00000162621	3857		0
LRRC55	ENSG00000183908	5204		0
LRRC56	ENSG00000161328	2765		0
LRRC57	ENSG00000180979	7097	ENSG00000285942	794
LRRC58	ENSG00000163428	7903		0
LRRC59	ENSG00000108829	2880		0
LRRC6	ENSG00000129295	1807		0
LRRC61	ENSG00000127399	1592	ENSG00000261305	117
LRRC63	ENSG00000173988	2115		0
LRRC66	ENSG00000188993	3326		0
LRRC69	ENSG00000214954	1045		0
LRRC7	ENSG00000033122	4984		0
LRRC70	ENSG00000186105	2163		0
LRRC71	ENSG00000160838	1960		0
LRRC72	ENSG00000205858	1001		0
LRRC73	ENSG00000204052	1782		0
LRRC74A	ENSG00000100565	1612		0
LRRC74B	ENSG00000187905	1180		0
LRRC75A	ENSG00000181350	2657		0
LRRC75B	ENSG00000178026	1223		0
LRRC8A	ENSG00000136802	4334		0
LRRC8B	ENSG00000197147	7591	ENSG00000288629	63
LRRC8C	ENSG00000171488	7170	ENSG00000271949	325
LRRC8D	ENSG00000171492	3950	ENSG00000271949	329
LRRC8E	ENSG00000171017	3590		0
LRRC9	ENSG00000131951	4546		0
LRRCC1	ENSG00000133739	3722		0
LRRD1	ENSG00000240720	2830	ENSG00000285953	713
LRRFIP1	ENSG00000124831	751		0
LRRFIP2	ENSG00000093167	2498		0
LRRIQ1	ENSG00000133640	5395		0
LRRIQ3	ENSG00000162620	2673		0
LRRIQ4	ENSG00000188306	1826		0
LRRK1	ENSG00000154237	7529		0
LRRK2	ENSG00000188906	9159		0
LRRN1	ENSG00000175928	3824		0
LRRN2	ENSG00000170382	3083		0
LRRN3	ENSG00000173114	2978		0
LRRN4	ENSG00000125872	2693		0
LRRN4CL	ENSG00000177363	2212		0
LRRTM1	ENSG00000162951	2599		0
LRRTM2	ENSG00000146006	6018		0
LRRTM3	ENSG00000198739	4328	ENSG00000289325	39
LRRTM4	ENSG00000176204	2228		0
LRSAM1	ENSG00000148356	3120		0
LRTM1	ENSG00000144771	1409		0
LRTM2	ENSG00000166159	3652		0
LRTOMT	ENSG00000284922	3604	ENSG00000284844	1465
LRWD1	ENSG00000161036	2160	ENSG00000284176	11
LSAMP	ENSG00000185565	9403		0
LSG1	ENSG00000041802	3283		0
LSM1	ENSG00000175324	906		0
LSM10	ENSG00000181817	844		0
LSM11	ENSG00000155858	6567		0
LSM12	ENSG00000161654	2246		0
LSM14A	ENSG00000257103	3370		0
LSM14B	ENSG00000149657	2545		0
LSM2	ENSG00000204392	858		0
LSM3	ENSG00000170860	3356		0
LSM4	ENSG00000130520	1704		0
LSM5	ENSG00000106355	2214		0
LSM6	ENSG00000164167	735		0
LSM7	ENSG00000130332	491		0
LSM8	ENSG00000128534	1173		0
LSMEM1	ENSG00000181016	600	ENSG00000288640	600
LSMEM2	ENSG00000179564	1434		0
LSR	ENSG00000105699	1928		0
LSS	ENSG00000160285	2643		0
LST1	ENSG00000204482	573		0
LTA	ENSG00000226979	1272		0
LTA4H	ENSG00000111144	2066		0
LTB	ENSG00000227507	893		0
LTB4R	ENSG00000213903	1613	ENSG00000213906	307
LTB4R2	ENSG00000213906	1500	ENSG00000213903	303
LTBP1	ENSG00000049323	6334		0
LTBP2	ENSG00000119681	8460		0
LTBP3	ENSG00000168056	4444		0
LTBR	ENSG00000111321	2131		0
LTC4S	ENSG00000213316	666		0
LTF	ENSG00000012223	2721		0
LTK	ENSG00000062524	3047		0
LTN1	ENSG00000198862	7677		0
LTV1	ENSG00000135521	1848	ENSG00000280148	511
LUC7L	ENSG00000007392	1434		0
LUC7L2	ENSG00000146963	2646	ENSG00000269955	1377
LUC7L3	ENSG00000108848	6981		0
LUM	ENSG00000139329	2671		0
LURAP1	ENSG00000171357	1849		0
LURAP1L	ENSG00000153714	1754		0
LUZP1	ENSG00000169641	8412	ENSG00000240553	261
LUZP2	ENSG00000187398	3554		0
LUZP4	ENSG00000102021	1702		0
LUZP6	ENSG00000105887	178		0
LVRN	ENSG00000172901	4582		0
LXN	ENSG00000079257	1071		0
LY6D	ENSG00000167656	749		0
LY6E	ENSG00000160932	1069		0
LY6G5B	ENSG00000240053	2655	ENSG00000263020	1812
LY6G5C	ENSG00000204428	675		0
LY6G6C	ENSG00000204421	893		0
LY6G6D	ENSG00000244355	403	ENSG00000250641	347
LY6G6E	ENSG00000255552	378	ENSG00000204422	178
LY6G6F	ENSG00000204424	921	ENSG00000250641	805
LY6H	ENSG00000176956	818		0
LY6K	ENSG00000160886	2671		0
LY75	ENSG00000054219	6886	ENSG00000248672	5018
LY75-CD302	ENSG00000248672	5650	ENSG00000054219	5018
LY86	ENSG00000112799	854		0
LY9	ENSG00000122224	2421		0
LY96	ENSG00000154589	559		0
LYAR	ENSG00000145220	1554		0
LYG1	ENSG00000144214	990		0
LYG2	ENSG00000185674	778		0
LYL1	ENSG00000104903	1481		0
LYN	ENSG00000254087	2275		0
LYPD1	ENSG00000150551	1892		0
LYPD2	ENSG00000197353	592		0
LYPD3	ENSG00000124466	1642		0
LYPD5	ENSG00000159871	2043		0
LYPD6	ENSG00000187123	3360		0
LYPD6B	ENSG00000150556	1345		0
LYPLA1	ENSG00000120992	2515		0
LYPLA2	ENSG00000011009	1635		0
LYPLAL1	ENSG00000143353	1857		0
LYRM1	ENSG00000102897	516		0
LYRM2	ENSG00000083099	5347		0
LYRM4	ENSG00000214113	1486		0
LYRM5	ENSG00000205707	1113		0
LYRM7	ENSG00000186687	6217		0
LYRM9	ENSG00000232859	1370	ENSG00000266202	237
LYSMD1	ENSG00000163155	2462		0
LYSMD2	ENSG00000140280	1277		0
LYSMD3	ENSG00000176018	4259		0
LYSMD4	ENSG00000183060	2694		0
LYST	ENSG00000143669	13466		0
LYVE1	ENSG00000133800	3247		0
LYZ	ENSG00000090382	1490		0
LYZL1	ENSG00000120563	806		0
LYZL2	ENSG00000151033	809		0
LYZL4	ENSG00000157093	899		0
LYZL6	ENSG00000275722	917		0
LZIC	ENSG00000162441	2282		0
LZTFL1	ENSG00000163818	4026		0
LZTR1	ENSG00000099949	4282	ENSG00000285314	3096
LZTS1	ENSG00000061337	5459		0
LZTS2	ENSG00000107816	2717		0
M1AP	ENSG00000159374	2478		0
MAATS1	ENSG00000183833	4433	ENSG00000285585	2328
MAB21L1	ENSG00000180660	2509		0
MAB21L2	ENSG00000181541	2543		0
MAB21L3	ENSG00000173212	3230		0
MACC1	ENSG00000183742	9153	ENSG00000243004	58
MACF1	ENSG00000127603	23124		0
MACROD1	ENSG00000133315	1205		0
MACROD2	ENSG00000172264	4847		0
MAD1L1	ENSG00000002822	2442	ENSG00000286192	2434
MAD2L1	ENSG00000164109	5227		0
MAD2L1BP	ENSG00000124688	1269		0
MAD2L2	ENSG00000116670	1053		0
MADCAM1	ENSG00000099866	1540		0
MADD	ENSG00000110514	5913		0
MAEA	ENSG00000090316	2182		0
MAEL	ENSG00000143194	1737		0
MAF	ENSG00000178573	2646		0
MAF1	ENSG00000179632	1678		0
MAFA	ENSG00000182759	2343		0
MAFB	ENSG00000204103	3389		0
MAFF	ENSG00000185022	2374		0
MAFG	ENSG00000197063	5040		0
MAFK	ENSG00000198517	3369		0
MAG	ENSG00000105695	2354		0
MAGEA10	ENSG00000124260	2628	ENSG00000266560	47
MAGEA11	ENSG00000185247	1865		0
MAGEA2	ENSG00000268606	1807		0
MAGEA2B	ENSG00000183305	1806		0
MAGEA4	ENSG00000147381	1724		0
MAGEA8	ENSG00000156009	1781		0
MAGEA9B	ENSG00000267978	1807		0
MAGEB1	ENSG00000214107	1605	ENSG00000120289	74
MAGEB10	ENSG00000177689	1953		0
MAGEB16	ENSG00000189023	1682		0
MAGEB17	ENSG00000182798	1434		0
MAGEB18	ENSG00000176774	1811		0
MAGEB2	ENSG00000099399	1607		0
MAGEB3	ENSG00000198798	2084		0
MAGEB4	ENSG00000120289	2137		0
MAGEB5	ENSG00000188408	1216		0
MAGEB6	ENSG00000176746	1949		0
MAGEB6P1	ENSG00000232030	1224		0
MAGEC1	ENSG00000155495	4256		0
MAGEC2	ENSG00000046774	1992		0
MAGEC3	ENSG00000165509	1932		0
MAGED1	ENSG00000179222	2590		0
MAGED2	ENSG00000102316	1916		0
MAGED4	ENSG00000154545	2485		0
MAGED4B	ENSG00000187243	2482		0
MAGEE1	ENSG00000198934	3620		0
MAGEE2	ENSG00000186675	2250		0
MAGEF1	ENSG00000177383	1637		0
MAGEH1	ENSG00000187601	1440		0
MAGEL2	ENSG00000254585	4293		0
MAGI1	ENSG00000151276	3876		0
MAGI2	ENSG00000187391	6881		0
MAGI3	ENSG00000081026	6418		0
MAGOH	ENSG00000162385	656		0
MAGOHB	ENSG00000111196	2606		0
MAGT1	ENSG00000102158	3890		0
MAK	ENSG00000111837	3830		0
MAK16	ENSG00000198042	3559		0
MAL	ENSG00000172005	1084		0
MALL	ENSG00000144063	2317		0
MALRD1	ENSG00000204740	6850		0
MALSU1	ENSG00000156928	2905		0
MALT1	ENSG00000172175	9289		0
MAMDC2	ENSG00000165072	3349		0
MAMDC4	ENSG00000177943	3659		0
MAML1	ENSG00000161021	5721		0
MAML2	ENSG00000184384	7106		0
MAML3	ENSG00000196782	6844		0
MAMLD1	ENSG00000013619	4816		0
MAMSTR	ENSG00000176909	1462		0
MAN1A1	ENSG00000111885	5015		0
MAN1A2	ENSG00000198162	8576		0
MAN1B1	ENSG00000177239	2707		0
MAN1C1	ENSG00000117643	2885		0
MAN2A1	ENSG00000112893	4106		0
MAN2A2	ENSG00000196547	6394		0
MAN2B1	ENSG00000104774	3185	ENSG00000269242	703
MAN2B2	ENSG00000013288	5129		0
MAN2C1	ENSG00000140400	3261		0
MANBA	ENSG00000109323	2879		0
MANBAL	ENSG00000101363	1191		0
MANEA	ENSG00000172469	4571		0
MANEAL	ENSG00000185090	2640		0
MANF	ENSG00000145050	909		0
MANSC1	ENSG00000111261	5532		0
MANSC4	ENSG00000205693	1024		0
MAOA	ENSG00000189221	3931		0
MAOB	ENSG00000069535	2567		0
MAP10	ENSG00000212916	2992		0
MAP1A	ENSG00000166963	10250		0
MAP1B	ENSG00000131711	11790		0
MAP1LC3A	ENSG00000101460	964		0
MAP1LC3B	ENSG00000140941	2147		0
MAP1LC3B2	ENSG00000258102	660		0
MAP1LC3C	ENSG00000197769	1182		0
MAP1S	ENSG00000130479	3288		0
MAP2	ENSG00000078018	9370		0
MAP2K1	ENSG00000169032	2547		0
MAP2K2	ENSG00000126934	1727		0
MAP2K3	ENSG00000034152	2256		0
MAP2K4	ENSG00000065559	3773		0
MAP2K5	ENSG00000137764	2339		0
MAP2K6	ENSG00000108984	2871		0
MAP2K7	ENSG00000076984	3362		0
MAP3K1	ENSG00000095015	7012		0
MAP3K10	ENSG00000130758	3437		0
MAP3K11	ENSG00000173327	3543		0
MAP3K12	ENSG00000139625	4163		0
MAP3K13	ENSG00000073803	2986		0
MAP3K15	ENSG00000180815	4013		0
MAP3K19	ENSG00000176601	4377		0
MAP3K2	ENSG00000169967	10775		0
MAP3K3	ENSG00000198909	3530		0
MAP3K4	ENSG00000085511	5486		0
MAP3K5	ENSG00000197442	5157		0
MAP3K6	ENSG00000142733	4311		0
MAP3K7	ENSG00000135341	4905		0
MAP3K7CL	ENSG00000156265	1354		0
MAP3K8	ENSG00000107968	2849		0
MAP3K9	ENSG00000006432	4387		0
MAP4	ENSG00000047849	4542		0
MAP4K1	ENSG00000104814	2604		0
MAP4K2	ENSG00000168067	7147		0
MAP4K3	ENSG00000011566	4335		0
MAP4K4	ENSG00000071054	7450		0
MAP4K5	ENSG00000012983	4264		0
MAP6	ENSG00000171533	3252		0
MAP6D1	ENSG00000180834	2064	ENSG00000283765	1680
MAP7	ENSG00000135525	3756		0
MAP7D1	ENSG00000116871	3322		0
MAP7D2	ENSG00000184368	3930		0
MAP7D3	ENSG00000129680	4385		0
MAP9	ENSG00000164114	7328		0
MAPK1	ENSG00000100030	5865		0
MAPK10	ENSG00000109339	4018		0
MAPK11	ENSG00000185386	2418		0
MAPK12	ENSG00000188130	1777		0
MAPK13	ENSG00000156711	1860		0
MAPK14	ENSG00000112062	4142		0
MAPK15	ENSG00000181085	1871		0
MAPK1IP1L	ENSG00000168175	6464		0
MAPK3	ENSG00000102882	1787		0
MAPK4	ENSG00000141639	4761		0
MAPK6	ENSG00000069956	5327	ENSG00000289025	54
MAPK7	ENSG00000166484	2768		0
MAPK8	ENSG00000107643	5734		0
MAPK8IP1	ENSG00000121653	3050		0
MAPK8IP3	ENSG00000138834	5650		0
MAPK9	ENSG00000050748	4265		0
MAPKAP1	ENSG00000119487	3131		0
MAPKAPK2	ENSG00000162889	2960		0
MAPKAPK3	ENSG00000114738	2444		0
MAPKAPK5	ENSG00000089022	1625		0
MAPKBP1	ENSG00000137802	7182		0
MAPRE1	ENSG00000101367	2562		0
MAPRE2	ENSG00000166974	4212		0
MAPRE3	ENSG00000084764	1867		0
MAPT	ENSG00000186868	6504		0
MARC1	ENSG00000186205	7285	ENSG00000286231	842
MARC2	ENSG00000117791	2135		0
MARCH1	ENSG00000145416	4938		0
MARCH10	ENSG00000173838	2833		0
MARCH11	ENSG00000183654	1741		0
MARCH2	ENSG00000099785	1374		0
MARCH3	ENSG00000173926	3946		0
MARCH4	ENSG00000144583	4447		0
MARCH5	ENSG00000198060	3922		0
MARCH6	ENSG00000145495	9570		0
MARCH7	ENSG00000136536	2385		0
MARCH8	ENSG00000165406	4601		0
MARCH9	ENSG00000139266	2977		0
MARCKSL1	ENSG00000175130	1546		0
MARCO	ENSG00000019169	1810		0
MARK1	ENSG00000116141	2947		0
MARK2	ENSG00000072518	2820		0
MARK3	ENSG00000075413	3284		0
MARK4	ENSG00000007047	3560		0
MARS	ENSG00000166986	2794	ENSG00000284152	1
MARS2	ENSG00000247626	3019		0
MARVELD1	ENSG00000155254	3213		0
MARVELD2	ENSG00000152939	2149		0
MARVELD3	ENSG00000140832	2913		0
MAS1	ENSG00000130368	9611		0
MAS1L	ENSG00000204687	1260	ENSG00000289203	298
MASP1	ENSG00000127241	1408		0
MASP2	ENSG00000009724	2439		0
MAST1	ENSG00000105613	4834	ENSG00000276181	1
MAST2	ENSG00000086015	5737		0
MAST3	ENSG00000099308	5889		0
MAST4	ENSG00000069020	7443		0
MASTL	ENSG00000120539	3096		0
MAT1A	ENSG00000151224	3384		0
MAT2A	ENSG00000168906	2816		0
MAT2B	ENSG00000038274	2032		0
MATK	ENSG00000007264	1661		0
MATN1	ENSG00000162510	3830		0
MATN2	ENSG00000132561	4107		0
MATN3	ENSG00000132031	2499		0
MATN4	ENSG00000124159	2072		0
MATR3	ENSG00000280987	2898	ENSG00000015479	2730
MAU2	ENSG00000129933	4845		0
MAVS	ENSG00000088888	11715		0
MAX	ENSG00000125952	1547		0
MAZ	ENSG00000103495	2474	ENSG00000280607	214
MB	ENSG00000198125	1070		0
MB21D1	ENSG00000164430	3180		0
MB21D2	ENSG00000180611	3063		0
MBD1	ENSG00000141644	2036		0
MBD2	ENSG00000134046	5064		0
MBD3	ENSG00000071655	2440	ENSG00000267059	767
MBD3L1	ENSG00000170948	873		0
MBD3L2	ENSG00000230522	793		0
MBD3L3	ENSG00000182315	776		0
MBD3L4	ENSG00000205718	774		0
MBD3L5	ENSG00000237247	778		0
MBD4	ENSG00000129071	2392		0
MBD5	ENSG00000204406	9477		0
MBD6	ENSG00000166987	4202		0
MBIP	ENSG00000151332	1603		0
MBL2	ENSG00000165471	3513		0
MBLAC1	ENSG00000214309	1226		0
MBLAC2	ENSG00000176055	4274		0
MBNL1	ENSG00000152601	5479		0
MBNL2	ENSG00000139793	4575		0
MBNL3	ENSG00000076770	2662		0
MBOAT1	ENSG00000172197	1795		0
MBOAT2	ENSG00000143797	7622		0
MBOAT4	ENSG00000177669	1492		0
MBP	ENSG00000197971	1178		0
MBTD1	ENSG00000011258	5365		0
MBTPS1	ENSG00000140943	4339		0
MBTPS2	ENSG00000012174	4428		0
MC1R	ENSG00000258839	2111	ENSG00000198211	1192
MC2R	ENSG00000185231	3652		0
MC3R	ENSG00000124089	1084		0
MC4R	ENSG00000166603	1667		0
MC5R	ENSG00000176136	1017		0
MCAM	ENSG00000076706	3313		0
MCAT	ENSG00000100294	2053		0
MCC	ENSG00000171444	3100		0
MCCC1	ENSG00000078070	2454		0
MCCC2	ENSG00000131844	3622		0
MCCD1	ENSG00000204511	710		0
MCEE	ENSG00000124370	824		0
MCEMP1	ENSG00000183019	1268	ENSG00000269711	164
MCF2	ENSG00000101977	3428		0
MCF2L	ENSG00000126217	6175		0
MCF2L2	ENSG00000053524	4981		0
MCFD2	ENSG00000180398	4094		0
MCHR1	ENSG00000128285	2115		0
MCHR2	ENSG00000152034	2369		0
MCIDAS	ENSG00000234602	1737		0
MCL1	ENSG00000143384	3930		0
MCM10	ENSG00000065328	3155		0
MCM2	ENSG00000073111	3434		0
MCM3	ENSG00000112118	3068		0
MCM3AP	ENSG00000160294	6186		0
MCM4	ENSG00000104738	4062		0
MCM5	ENSG00000100297	3457		0
MCM6	ENSG00000076003	3736		0
MCM7	ENSG00000166508	2415		0
MCM8	ENSG00000125885	3684	ENSG00000286235	2479
MCM9	ENSG00000111877	5085		0
MCMBP	ENSG00000197771	4127		0
MCMDC2	ENSG00000178460	5074		0
MCOLN1	ENSG00000090674	2083	ENSG00000268614	169
MCOLN2	ENSG00000153898	2871		0
MCOLN3	ENSG00000055732	2756		0
MCPH1	ENSG00000147316	8004		0
MCRS1	ENSG00000187778	1918		0
MCTP1	ENSG00000175471	5397		0
MCTP2	ENSG00000140563	7556		0
MCTS1	ENSG00000232119	897		0
MCU	ENSG00000156026	2937		0
MCUR1	ENSG00000050393	5460		0
MDC1	ENSG00000137337	6968		0
MDFI	ENSG00000112559	1416		0
MDFIC	ENSG00000135272	4394		0
MDGA1	ENSG00000112139	10629		0
MDGA2	ENSG00000139915	5075		0
MDH1	ENSG00000014641	1296		0
MDH1B	ENSG00000138400	2334		0
MDH2	ENSG00000146701	2170		0
MDK	ENSG00000110492	738		0
MDM1	ENSG00000111554	2919		0
MDM2	ENSG00000135679	7490	ENSG00000256664	439
MDM4	ENSG00000198625	10050		0
MDN1	ENSG00000112159	18414		0
MDP1	ENSG00000213920	723	ENSG00000260669	639
MDS2	ENSG00000197880	669		0
ME1	ENSG00000065833	3338		0
ME2	ENSG00000082212	9031		0
ME3	ENSG00000151376	2000		0
MEA1	ENSG00000124733	1068		0
MEAF6	ENSG00000163875	2118		0
MECOM	ENSG00000085276	4747		0
MECP2	ENSG00000169057	10343		0
MECR	ENSG00000116353	1354		0
MED1	ENSG00000125686	5822		0
MED10	ENSG00000133398	1095		0
MED11	ENSG00000161920	831		0
MED12	ENSG00000184634	6796		0
MED12L	ENSG00000144893	10326		0
MED13	ENSG00000108510	10461		0
MED13L	ENSG00000123066	9530		0
MED14	ENSG00000180182	7985		0
MED15	ENSG00000099917	3231		0
MED16	ENSG00000175221	2772		0
MED17	ENSG00000042429	4819	ENSG00000284057	2156
MED18	ENSG00000130772	1829		0
MED19	ENSG00000156603	1090		0
MED20	ENSG00000124641	2438	ENSG00000288721	776
MED21	ENSG00000152944	1745		0
MED23	ENSG00000112282	5234		0
MED24	ENSG00000008838	3477		0
MED25	ENSG00000104973	2332	ENSG00000284114	5
MED26	ENSG00000105085	3172	ENSG00000141979	1448
MED27	ENSG00000160563	1385		0
MED28	ENSG00000118579	10858		0
MED29	ENSG00000063322	3586		0
MED30	ENSG00000164758	985		0
MED31	ENSG00000108590	1626		0
MED4	ENSG00000136146	2023		0
MED6	ENSG00000133997	1984	ENSG00000259115	317
MED7	ENSG00000155868	2071		0
MED8	ENSG00000159479	1917		0
MED9	ENSG00000141026	2209		0
MEDAG	ENSG00000102802	2294		0
MEF2A	ENSG00000068305	5408		0
MEF2B	ENSG00000213999	1406	ENSG00000064489	1237
MEF2C	ENSG00000081189	5821		0
MEF2D	ENSG00000116604	5912		0
MEFV	ENSG00000103313	3500		0
MEGF10	ENSG00000145794	7572		0
MEGF11	ENSG00000157890	5921		0
MEGF6	ENSG00000162591	5456		0
MEGF8	ENSG00000105429	10936		0
MEGF9	ENSG00000106780	6299		0
MEI1	ENSG00000167077	4016		0
MEI4	ENSG00000269964	4800		0
MEIG1	ENSG00000197889	626		0
MEIKIN	ENSG00000239642	1281	ENSG00000281938	406
MEIOB	ENSG00000162039	1779	ENSG00000289722	1471
MEIS1	ENSG00000143995	4292		0
MEIS2	ENSG00000134138	2822		0
MEIS3	ENSG00000105419	1758		0
MELK	ENSG00000165304	2452		0
MEMO1	ENSG00000162959	1449		0
MEN1	ENSG00000133895	2705		0
MEOX1	ENSG00000005102	2674		0
MEOX2	ENSG00000106511	2371		0
MEP1A	ENSG00000112818	2893		0
MEP1B	ENSG00000141434	2297		0
MEPCE	ENSG00000146834	2822	ENSG00000289690	2027
MEPE	ENSG00000152595	1936		0
MERTK	ENSG00000153208	3826		0
MESDC1	ENSG00000140406	4846	ENSG00000288625	138
MESDC2	ENSG00000117899	1022	ENSG00000259546	172
MESP1	ENSG00000166823	1094		0
MESP2	ENSG00000188095	1553		0
MEST	ENSG00000106484	2466		0
MET	ENSG00000105976	6627		0
METAP1D	ENSG00000172878	3049		0
METAP2	ENSG00000111142	3400		0
METRN	ENSG00000103260	3322		0
METRNL	ENSG00000176845	1606		0
METTL1	ENSG00000037897	1378		0
METTL10	ENSG00000203791	1463	ENSG00000258539	628
METTL11B	ENSG00000203740	993		0
METTL12	ENSG00000214756	2034		0
METTL13	ENSG00000010165	3327		0
METTL14	ENSG00000145388	6642		0
METTL15	ENSG00000169519	4208		0
METTL16	ENSG00000127804	5712		0
METTL17	ENSG00000165792	1539		0
METTL18	ENSG00000171806	1369		0
METTL20	ENSG00000139160	987		0
METTL21A	ENSG00000144401	1181		0
METTL21B	ENSG00000123427	2549	ENSG00000257921	76
METTL21C	ENSG00000139780	1085		0
METTL22	ENSG00000067365	4974		0
METTL23	ENSG00000181038	1127	ENSG00000267168	238
METTL24	ENSG00000053328	1120		0
METTL25	ENSG00000127720	2061		0
METTL2A	ENSG00000087995	2507		0
METTL2B	ENSG00000165055	2163	ENSG00000273184	523
METTL3	ENSG00000165819	1980		0
METTL4	ENSG00000101574	2743		0
METTL5	ENSG00000138382	1001		0
METTL6	ENSG00000206562	1108		0
METTL7A	ENSG00000185432	3117	ENSG00000289695	769
METTL7B	ENSG00000170439	1316		0
METTL8	ENSG00000123600	8004		0
METTL9	ENSG00000197006	3153		0
MEX3A	ENSG00000254726	6124		0
MEX3B	ENSG00000183496	3405		0
MEX3D	ENSG00000181588	2847		0
MFAP1	ENSG00000140259	2043		0
MFAP2	ENSG00000117122	970		0
MFAP3	ENSG00000037749	2595		0
MFAP3L	ENSG00000198948	6301		0
MFAP4	ENSG00000166482	1820		0
MFAP5	ENSG00000197614	2846		0
MFF	ENSG00000168958	1921		0
MFGE8	ENSG00000140545	1906		0
MFHAS1	ENSG00000147324	6399		0
MFI2	ENSG00000163975	3963		0
MFN1	ENSG00000171109	5207		0
MFN2	ENSG00000116688	4262		0
MFNG	ENSG00000100060	2072		0
MFRP	ENSG00000235718	3917	ENSG00000223953	1353
MFSD1	ENSG00000118855	2231		0
MFSD10	ENSG00000109736	1717		0
MFSD11	ENSG00000092931	1887	ENSG00000267168	167
MFSD12	ENSG00000161091	2124		0
MFSD2A	ENSG00000168389	2129		0
MFSD2B	ENSG00000205639	1502		0
MFSD3	ENSG00000167700	1549		0
MFSD4	ENSG00000174514	4058		0
MFSD5	ENSG00000182544	1761		0
MFSD6	ENSG00000151690	4796		0
MFSD6L	ENSG00000185156	2189		0
MFSD7	ENSG00000169026	1833		0
MFSD8	ENSG00000164073	4422		0
MFSD9	ENSG00000135953	4050		0
MGAM	ENSG00000257335	9172		0
MGAM2	ENSG00000257743	7868		0
MGARP	ENSG00000137463	1224		0
MGAT1	ENSG00000131446	8317		0
MGAT2	ENSG00000168282	2683		0
MGAT3	ENSG00000128268	5063		0
MGAT4A	ENSG00000071073	8303		0
MGAT4B	ENSG00000161013	2365	ENSG00000221394	1
MGAT4D	ENSG00000205301	1126		0
MGAT5	ENSG00000152127	8143		0
MGAT5B	ENSG00000167889	4487		0
MGEA5	ENSG00000198408	5148		0
MGLL	ENSG00000074416	4064		0
MGME1	ENSG00000125871	2231		0
MGMT	ENSG00000170430	1702		0
MGP	ENSG00000111341	1334		0
MGRN1	ENSG00000102858	3930	ENSG00000276641	1
MGST1	ENSG00000008394	858		0
MGST2	ENSG00000085871	693		0
MGST3	ENSG00000143198	642		0
MIA	ENSG00000261857	473	ENSG00000268975	378
MIA-RAB4B	ENSG00000268975	1229	ENSG00000167578	435
MIA2	ENSG00000150527	2087		0
MIA3	ENSG00000154305	8126		0
MIB1	ENSG00000101752	9573		0
MIB2	ENSG00000197530	3206		0
MICA	ENSG00000204520	1370		0
MICAL1	ENSG00000135596	3430		0
MICAL2	ENSG00000133816	3903		0
MICAL3	ENSG00000243156	9445	ENSG00000093100	3644
MICALL1	ENSG00000100139	4710		0
MICALL2	ENSG00000164877	3090		0
MICB	ENSG00000204516	2416		0
MICU1	ENSG00000107745	2357		0
MICU2	ENSG00000165487	1877		0
MICU3	ENSG00000155970	3990		0
MID1	ENSG00000101871	6168	ENSG00000291314	716
MID1IP1	ENSG00000165175	1875		0
MID2	ENSG00000080561	2877		0
MIDN	ENSG00000167470	3760		0
MIEF1	ENSG00000100335	5626	ENSG00000285025	213
MIEF2	ENSG00000177427	3236		0
MIEN1	ENSG00000141741	752		0
MIER1	ENSG00000198160	4660		0
MIER2	ENSG00000105556	2755		0
MIER3	ENSG00000155545	5196		0
MIF	ENSG00000240972	557	ENSG00000251357	357
MIF4GD	ENSG00000125457	1306		0
MIIP	ENSG00000116691	1541	ENSG00000276869	1
MILR1	ENSG00000271605	631		0
MINA	ENSG00000170854	2059		0
MINK1	ENSG00000141503	4962		0
MINOS1	ENSG00000173436	3713	ENSG00000270136	291
MINOS1-NBL1	ENSG00000158747	1492	ENSG00000270136	393
MINPP1	ENSG00000107789	2397		0
MIOS	ENSG00000164654	3441		0
MIOX	ENSG00000100253	1095		0
MIP	ENSG00000135517	2599	ENSG00000285528	2012
MIPEP	ENSG00000027001	2381		0
MIPOL1	ENSG00000151338	5982		0
MIS12	ENSG00000167842	2499		0
MIS18A	ENSG00000159055	1546		0
MIS18BP1	ENSG00000129534	4577		0
MISP	ENSG00000099812	2872		0
MITD1	ENSG00000158411	939		0
MITF	ENSG00000187098	1803		0
MIXL1	ENSG00000185155	1959		0
MKI67	ENSG00000148773	12678		0
MKKS	ENSG00000125863	6714	ENSG00000285508	570
MKL1	ENSG00000196588	3956		0
MKL2	ENSG00000186260	3310		0
MKLN1	ENSG00000128585	11136		0
MKNK1	ENSG00000079277	2597		0
MKNK2	ENSG00000099875	3576		0
MKRN1	ENSG00000133606	3088		0
MKRN2	ENSG00000075975	2775		0
MKRN2OS	ENSG00000225526	929		0
MKRN3	ENSG00000179455	2338		0
MKS1	ENSG00000011143	2343		0
MKX	ENSG00000150051	3609		0
MLANA	ENSG00000120215	2328		0
MLC1	ENSG00000100427	3385		0
MLEC	ENSG00000110917	6341		0
MLF1	ENSG00000178053	2168		0
MLF2	ENSG00000089693	1555		0
MLH1	ENSG00000076242	2494		0
MLH3	ENSG00000119684	7748		0
MLIP	ENSG00000146147	1639		0
MLKL	ENSG00000168404	2472		0
MLLT1	ENSG00000130382	4505		0
MLLT10	ENSG00000078403	5020		0
MLLT11	ENSG00000213190	1436		0
MLLT3	ENSG00000171843	6724		0
MLLT4	ENSG00000130396	5476		0
MLLT6	ENSG00000275023	7571		0
MLN	ENSG00000096395	558		0
MLNR	ENSG00000102539	1239		0
MLPH	ENSG00000115648	3740	ENSG00000277842	1
MLST8	ENSG00000167965	1585		0
MLX	ENSG00000108788	2360		0
MLXIPL	ENSG00000009950	3252		0
MLYCD	ENSG00000103150	13039	ENSG00000288849	1615
MMAA	ENSG00000151611	5944		0
MMAB	ENSG00000139428	4069		0
MMACHC	ENSG00000132763	5049		0
MMADHC	ENSG00000168288	1392		0
MMD	ENSG00000108960	2569		0
MMD2	ENSG00000136297	2309		0
MME	ENSG00000196549	2653		0
MMEL1	ENSG00000142606	2850		0
MMGT1	ENSG00000169446	3664		0
MMP1	ENSG00000196611	1971		0
MMP10	ENSG00000166670	1759		0
MMP11	ENSG00000099953	2261		0
MMP13	ENSG00000137745	2714		0
MMP14	ENSG00000157227	3701		0
MMP15	ENSG00000102996	4062		0
MMP16	ENSG00000156103	11551		0
MMP17	ENSG00000198598	2411		0
MMP19	ENSG00000123342	2230		0
MMP2	ENSG00000087245	3514	ENSG00000279030	175
MMP20	ENSG00000137674	1957		0
MMP21	ENSG00000154485	1919		0
MMP23B	ENSG00000189409	799	ENSG00000215914	413
MMP24	ENSG00000125966	4376		0
MMP24-AS1	ENSG00000126005	862		0
MMP25	ENSG00000008516	3555		0
MMP26	ENSG00000167346	1189		0
MMP27	ENSG00000137675	1876		0
MMP3	ENSG00000149968	1822		0
MMP7	ENSG00000137673	1119		0
MMP8	ENSG00000118113	3055		0
MMP9	ENSG00000100985	2336		0
MMRN1	ENSG00000138722	5001		0
MMRN2	ENSG00000173269	4127		0
MMS19	ENSG00000155229	3499		0
MMS22L	ENSG00000146263	8534		0
MN1	ENSG00000169184	7556		0
MNAT1	ENSG00000020426	2636	ENSG00000258892	122
MND1	ENSG00000121211	929	ENSG00000288637	839
MNDA	ENSG00000163563	1716		0
MNS1	ENSG00000138587	2024		0
MNT	ENSG00000070444	4925		0
MNX1	ENSG00000130675	2173		0
MOAP1	ENSG00000165943	2407		0
MOB1A	ENSG00000114978	4885		0
MOB1B	ENSG00000173542	6930		0
MOB2	ENSG00000182208	1208		0
MOB3A	ENSG00000172081	3386		0
MOB3B	ENSG00000120162	6454		0
MOB3C	ENSG00000142961	2738		0
MOB4	ENSG00000115540	3752	ENSG00000270757	698
MOBP	ENSG00000168314	697		0
MOCOS	ENSG00000075643	6161		0
MOCS1	ENSG00000124615	2748		0
MOCS2	ENSG00000164172	1784		0
MOCS3	ENSG00000124217	5105		0
MOG	ENSG00000204655	1029		0
MOGAT1	ENSG00000124003	1049		0
MOGAT2	ENSG00000166391	1385		0
MOGAT3	ENSG00000106384	2132		0
MOGS	ENSG00000115275	2867		0
MOK	ENSG00000080823	1905		0
MON1A	ENSG00000164077	2025		0
MON1B	ENSG00000103111	5813	ENSG00000205078	105
MON2	ENSG00000061987	13263		0
MORC1	ENSG00000114487	3747		0
MORC2	ENSG00000133422	5181		0
MORC3	ENSG00000159256	4224		0
MORC4	ENSG00000133131	3798		0
MORF4L1	ENSG00000185787	1766		0
MORF4L2	ENSG00000123562	1746		0
MORN1	ENSG00000116151	1645		0
MORN2	ENSG00000188010	727		0
MORN3	ENSG00000139714	3803		0
MORN4	ENSG00000171160	2313		0
MORN5	ENSG00000185681	701		0
MOS	ENSG00000172680	1041		0
MOSPD1	ENSG00000101928	2348		0
MOSPD2	ENSG00000130150	4164		0
MOSPD3	ENSG00000106330	914		0
MOV10	ENSG00000155363	3380		0
MOV10L1	ENSG00000073146	3844		0
MOXD1	ENSG00000079931	2989		0
MPC1	ENSG00000060762	904		0
MPC2	ENSG00000143158	2036		0
MPDU1	ENSG00000129255	1396		0
MPDZ	ENSG00000107186	7604		0
MPEG1	ENSG00000197629	4418		0
MPG	ENSG00000103152	1001		0
MPHOSPH10	ENSG00000124383	2164		0
MPHOSPH6	ENSG00000135698	1101		0
MPHOSPH8	ENSG00000196199	4218		0
MPHOSPH9	ENSG00000051825	6351		0
MPI	ENSG00000178802	5793		0
MPL	ENSG00000117400	1939		0
MPLKIP	ENSG00000168303	7627	ENSG00000199273	112
MPND	ENSG00000008382	1524		0
MPO	ENSG00000005381	3216		0
MPP1	ENSG00000130830	2006		0
MPP2	ENSG00000108852	4073		0
MPP3	ENSG00000161647	2159		0
MPP4	ENSG00000082126	2408		0
MPP5	ENSG00000072415	5226		0
MPP6	ENSG00000105926	8346		0
MPP7	ENSG00000150054	4934		0
MPPE1	ENSG00000154889	3330		0
MPPED1	ENSG00000186732	3291		0
MPPED2	ENSG00000066382	2250		0
MPRIP	ENSG00000133030	3784		0
MPST	ENSG00000128309	1238		0
MPV17	ENSG00000115204	956		0
MPV17L	ENSG00000156968	1038	ENSG00000261130	430
MPV17L2	ENSG00000254858	1372		0
MPZ	ENSG00000158887	1951		0
MPZL1	ENSG00000197965	4978		0
MPZL2	ENSG00000149573	2607		0
MPZL3	ENSG00000160588	3968		0
MR1	ENSG00000153029	7724		0
MRAP	ENSG00000170262	824		0
MRAP2	ENSG00000135324	2137		0
MRAS	ENSG00000158186	3909		0
MRC2	ENSG00000011028	5719		0
MRE11A	ENSG00000020922	6834		0
MREG	ENSG00000118242	2558		0
MRFAP1	ENSG00000179010	1456		0
MRFAP1L1	ENSG00000178988	1578		0
MRGBP	ENSG00000101189	2752		0
MRGPRD	ENSG00000172938	966		0
MRGPRE	ENSG00000184350	1410		0
MRGPRF	ENSG00000172935	2132		0
MRGPRG	ENSG00000182170	870		0
MRGPRX1	ENSG00000170255	998		0
MRGPRX2	ENSG00000183695	2036		0
MRGPRX3	ENSG00000179826	1430		0
MRGPRX4	ENSG00000179817	1444		0
MRI1	ENSG00000037757	1736		0
MRLN	ENSG00000227877	374		0
MRM1	ENSG00000278619	1839		0
MRO	ENSG00000134042	5080		0
MROH1	ENSG00000179832	5234		0
MROH2A	ENSG00000185038	5172		0
MROH2B	ENSG00000171495	5240		0
MROH5	ENSG00000226807	4164		0
MROH6	ENSG00000204839	3265		0
MROH7	ENSG00000184313	4330	ENSG00000271723	4008
MROH7-TTC4	ENSG00000271723	5867	ENSG00000184313	4009
MROH9	ENSG00000117501	1687		0
MRPL1	ENSG00000169288	1175		0
MRPL10	ENSG00000159111	1725		0
MRPL11	ENSG00000174547	1605		0
MRPL12	ENSG00000262814	1009	ENSG00000262660	701
MRPL13	ENSG00000172172	851		0
MRPL14	ENSG00000180992	955		0
MRPL15	ENSG00000137547	1116		0
MRPL16	ENSG00000166902	1083		0
MRPL17	ENSG00000158042	1909		0
MRPL18	ENSG00000112110	970		0
MRPL19	ENSG00000115364	902		0
MRPL2	ENSG00000112651	1216	ENSG00000288564	633
MRPL20	ENSG00000242485	700		0
MRPL21	ENSG00000197345	681		0
MRPL22	ENSG00000082515	3173		0
MRPL23	ENSG00000214026	581		0
MRPL24	ENSG00000143314	883		0
MRPL27	ENSG00000108826	686		0
MRPL28	ENSG00000086504	1099		0
MRPL3	ENSG00000114686	1706		0
MRPL30	ENSG00000185414	2500	ENSG00000241962	564
MRPL32	ENSG00000106591	859		0
MRPL33	ENSG00000243147	508		0
MRPL34	ENSG00000130312	464		0
MRPL35	ENSG00000132313	3723		0
MRPL36	ENSG00000171421	609		0
MRPL37	ENSG00000116221	1483		0
MRPL38	ENSG00000204316	1358	ENSG00000267426	56
MRPL39	ENSG00000154719	1074		0
MRPL40	ENSG00000185608	744		0
MRPL41	ENSG00000182154	582		0
MRPL42	ENSG00000198015	15556	ENSG00000243015	282
MRPL43	ENSG00000055950	868		0
MRPL44	ENSG00000135900	1689		0
MRPL45	ENSG00000278845	1553		0
MRPL46	ENSG00000259494	986	ENSG00000173867	721
MRPL47	ENSG00000136522	1354		0
MRPL48	ENSG00000175581	978		0
MRPL49	ENSG00000149792	2020		0
MRPL50	ENSG00000136897	3332		0
MRPL51	ENSG00000111639	898		0
MRPL52	ENSG00000172590	1111		0
MRPL53	ENSG00000204822	496	ENSG00000135637	491
MRPL54	ENSG00000183617	608		0
MRPL55	ENSG00000162910	520		0
MRPL57	ENSG00000173141	2233		0
MRPL9	ENSG00000143436	1224	ENSG00000249602	118
MRPS10	ENSG00000048544	2100		0
MRPS11	ENSG00000181991	3389		0
MRPS12	ENSG00000128626	811		0
MRPS14	ENSG00000120333	2115		0
MRPS15	ENSG00000116898	953		0
MRPS16	ENSG00000182180	2579		0
MRPS17	ENSG00000239789	1786	ENSG00000249773	471
MRPS18A	ENSG00000096080	1063		0
MRPS18B	ENSG00000204568	1398		0
MRPS18C	ENSG00000163319	1550		0
MRPS2	ENSG00000122140	1458		0
MRPS22	ENSG00000175110	1122		0
MRPS23	ENSG00000181610	5609		0
MRPS24	ENSG00000062582	667	ENSG00000270617	606
MRPS25	ENSG00000131368	4567	ENSG00000289750	595
MRPS26	ENSG00000125901	1016		0
MRPS27	ENSG00000113048	2765		0
MRPS28	ENSG00000147586	838	ENSG00000276418	471
MRPS30	ENSG00000112996	1648		0
MRPS31	ENSG00000102738	1463		0
MRPS33	ENSG00000090263	4210		0
MRPS34	ENSG00000074071	998		0
MRPS35	ENSG00000061794	1829		0
MRPS36	ENSG00000134056	1286		0
MRPS5	ENSG00000144029	1461	ENSG00000289685	1386
MRPS6	ENSG00000243927	931	ENSG00000272657	294
MRPS7	ENSG00000125445	1201		0
MRPS9	ENSG00000135972	1414		0
MRRF	ENSG00000148187	9594		0
MRS2	ENSG00000124532	3314		0
MRTO4	ENSG00000053372	2049		0
MRVI1	ENSG00000072952	6126		0
MS4A1	ENSG00000156738	3294		0
MS4A10	ENSG00000172689	2297		0
MS4A12	ENSG00000071203	1167		0
MS4A13	ENSG00000204979	929		0
MS4A14	ENSG00000166928	2840		0
MS4A15	ENSG00000166961	1538		0
MS4A18	ENSG00000214782	1427		0
MS4A2	ENSG00000149534	1152		0
MS4A3	ENSG00000149516	1601		0
MS4A4A	ENSG00000110079	1522		0
MS4A4E	ENSG00000214787	306		0
MS4A5	ENSG00000166930	723		0
MS4A6A	ENSG00000110077	772		0
MS4A6E	ENSG00000166926	660		0
MS4A7	ENSG00000166927	1819		0
MS4A8	ENSG00000166959	1311		0
MSANTD1	ENSG00000188981	1239		0
MSANTD2	ENSG00000120458	2228		0
MSANTD3	ENSG00000066697	1363	ENSG00000251349	86
MSANTD3-TMEFF1	ENSG00000251349	2069	ENSG00000241697	1983
MSANTD4	ENSG00000170903	4088		0
MSC	ENSG00000178860	1956		0
MSGN1	ENSG00000151379	607		0
MSH2	ENSG00000095002	3115		0
MSH3	ENSG00000113318	4088		0
MSH4	ENSG00000057468	3266		0
MSH5	ENSG00000255152	2865	ENSG00000204410	2721
MSH5-SAPCD1	ENSG00000255152	3991	ENSG00000204410	2707
MSH6	ENSG00000116062	4265		0
MSI1	ENSG00000135097	2959		0
MSI2	ENSG00000153944	6365		0
MSL1	ENSG00000188895	1403		0
MSL2	ENSG00000174579	4693		0
MSL3	ENSG00000005302	2267		0
MSLN	ENSG00000102854	2111		0
MSMO1	ENSG00000052802	2223		0
MSMP	ENSG00000215183	670		0
MSN	ENSG00000147065	3945		0
MSR1	ENSG00000038945	2069		0
MSRA	ENSG00000175806	1512		0
MSRB1	ENSG00000198736	1277		0
MSRB2	ENSG00000148450	1730		0
MSRB3	ENSG00000174099	4377		0
MSS51	ENSG00000166343	2422		0
MST1	ENSG00000173531	2621	ENSG00000259970	255
MST1R	ENSG00000164078	4536		0
MSTN	ENSG00000138379	2819		0
MSTO1	ENSG00000125459	2416		0
MSX1	ENSG00000163132	1940		0
MSX2	ENSG00000120149	2192		0
MT1A	ENSG00000205362	389		0
MT1B	ENSG00000169688	381	ENSG00000259923	120
MT1E	ENSG00000169715	399		0
MT1F	ENSG00000198417	425		0
MT1G	ENSG00000125144	407		0
MT1H	ENSG00000205358	397		0
MT1HL1	ENSG00000244020	316		0
MT1M	ENSG00000205364	398		0
MT1X	ENSG00000187193	404	ENSG00000259827	165
MT2A	ENSG00000125148	401		0
MT3	ENSG00000087250	406		0
MT4	ENSG00000102891	270		0
MTA1	ENSG00000182979	2871		0
MTA2	ENSG00000149480	3058		0
MTA3	ENSG00000057935	1639		0
MTAP	ENSG00000099810	6029	ENSG00000264545	460
MTBP	ENSG00000172167	3060		0
MTCH1	ENSG00000137409	1905		0
MTCH2	ENSG00000109919	2522		0
MTCL1	ENSG00000168502	5921		0
MTCP1	ENSG00000214827	2184	ENSG00000182712	444
MTDH	ENSG00000147649	6172		0
MTERF1	ENSG00000127989	1980		0
MTERF2	ENSG00000120832	1761		0
MTERF3	ENSG00000156469	1410		0
MTERF4	ENSG00000122085	1587		0
MTF1	ENSG00000188786	7937		0
MTF2	ENSG00000143033	4075		0
MTFMT	ENSG00000103707	2734		0
MTFP1	ENSG00000242114	1132	ENSG00000249590	887
MTFR1	ENSG00000066855	2641		0
MTFR1L	ENSG00000117640	1953	ENSG00000255054	211
MTFR2	ENSG00000146410	1502		0
MTG1	ENSG00000148824	1561	ENSG00000254536	999
MTG2	ENSG00000101181	2930		0
MTHFD1	ENSG00000100714	3133		0
MTHFD1L	ENSG00000120254	3451		0
MTHFD2	ENSG00000065911	4403		0
MTHFD2L	ENSG00000163738	2348		0
MTHFR	ENSG00000177000	6941		0
MTHFS	ENSG00000136371	873	ENSG00000259332	510
MTHFSD	ENSG00000103248	1097		0
MTIF2	ENSG00000085760	2374		0
MTIF3	ENSG00000122033	976		0
MTL5	ENSG00000132749	2535		0
MTM1	ENSG00000171100	3412		0
MTMR1	ENSG00000063601	2734		0
MTMR10	ENSG00000166912	4961		0
MTMR11	ENSG00000014914	2838		0
MTMR12	ENSG00000150712	5116		0
MTMR14	ENSG00000163719	2451		0
MTMR2	ENSG00000087053	4494		0
MTMR3	ENSG00000100330	5999	ENSG00000275818	1
MTMR4	ENSG00000108389	5711		0
MTMR6	ENSG00000139505	5117		0
MTMR7	ENSG00000003987	3851		0
MTMR8	ENSG00000102043	2639		0
MTMR9	ENSG00000104643	7081		0
MTNR1A	ENSG00000168412	1289	ENSG00000272297	147
MTNR1B	ENSG00000134640	1566		0
MTO1	ENSG00000135297	10698		0
MTOR	ENSG00000198793	8677		0
MTPAP	ENSG00000107951	5560		0
MTPN	ENSG00000105887	3739		0
MTR	ENSG00000116984	10530		0
MTRF1	ENSG00000120662	2184		0
MTRF1L	ENSG00000112031	3676		0
MTRNR2L13	ENSG00000284253	44		0
MTRNR2L8	ENSG00000283813	57		0
MTRR	ENSG00000124275	3205		0
MTSS1	ENSG00000170873	4945		0
MTSS1L	ENSG00000132613	4979		0
MTTP	ENSG00000138823	3920		0
MTURN	ENSG00000180354	5761	ENSG00000251660	614
MTUS1	ENSG00000129422	3487		0
MTUS2	ENSG00000132938	1523		0
MTX1	ENSG00000173171	1633		0
MTX2	ENSG00000128654	1341		0
MTX3	ENSG00000177034	1281		0
MUC1	ENSG00000185499	861	ENSG00000273088	48
MUC15	ENSG00000169550	3157		0
MUC16	ENSG00000181143	43431		0
MUC17	ENSG00000169876	14238	ENSG00000222636	269
MUC20	ENSG00000176945	2493		0
MUC21	ENSG00000204544	3651		0
MUC22	ENSG00000261272	6019		0
MUC4	ENSG00000145113	16756		0
MUC5B	ENSG00000117983	17911	ENSG00000275669	1
MUC6	ENSG00000184956	8004		0
MUC7	ENSG00000171195	2345		0
MUCL1	ENSG00000172551	465		0
MUL1	ENSG00000090432	2428		0
MUM1	ENSG00000160953	2202	ENSG00000099617	31
MUM1L1	ENSG00000157502	4172		0
MURC	ENSG00000170681	2615		0
MUS81	ENSG00000172732	2364		0
MUSK	ENSG00000030304	2734		0
MUSTN1	ENSG00000243696	587	ENSG00000272573	522
MUT	ENSG00000146085	3749		0
MUTYH	ENSG00000288208	1649	ENSG00000132781	1636
MVB12A	ENSG00000141971	1250	ENSG00000282851	245
MVB12B	ENSG00000196814	4819		0
MVD	ENSG00000167508	1799		0
MVK	ENSG00000110921	1957		0
MVP	ENSG00000013364	2798	ENSG00000281348	154
MX1	ENSG00000157601	2751		0
MX2	ENSG00000183486	2958		0
MXD1	ENSG00000059728	5549		0
MXD3	ENSG00000213347	1067		0
MXD4	ENSG00000123933	3871	ENSG00000284276	80
MXI1	ENSG00000119950	3470		0
MXRA5	ENSG00000101825	9793		0
MXRA7	ENSG00000182534	509		0
MXRA8	ENSG00000162576	2273		0
MYADM	ENSG00000179820	2986		0
MYADML2	ENSG00000185105	2452		0
MYB	ENSG00000118513	3302		0
MYBBP1A	ENSG00000132382	4558		0
MYBL1	ENSG00000185697	5161		0
MYBL2	ENSG00000101057	2626		0
MYBPC1	ENSG00000196091	3900		0
MYBPC2	ENSG00000086967	3594		0
MYBPC3	ENSG00000134571	4217		0
MYBPH	ENSG00000133055	1805		0
MYBPHL	ENSG00000221986	1342		0
MYC	ENSG00000136997	2202		0
MYCBP	ENSG00000214114	2062	ENSG00000273637	645
MYCBPAP	ENSG00000136449	3131		0
MYCL	ENSG00000116990	1689		0
MYCN	ENSG00000134323	2600		0
MYCT1	ENSG00000120279	3028		0
MYD88	ENSG00000172936	2667		0
MYDGF	ENSG00000074842	990		0
MYEF2	ENSG00000104177	10137		0
MYEOV2	ENSG00000172428	416		0
MYF5	ENSG00000111049	1540		0
MYF6	ENSG00000111046	1329		0
MYH1	ENSG00000109061	6023		0
MYH10	ENSG00000133026	7614		0
MYH11	ENSG00000133392	6025		0
MYH13	ENSG00000006788	5943		0
MYH14	ENSG00000105357	6892		0
MYH15	ENSG00000144821	7015		0
MYH2	ENSG00000125414	6041		0
MYH3	ENSG00000109063	6032		0
MYH4	ENSG00000264424	6016		0
MYH6	ENSG00000197616	5938		0
MYH7	ENSG00000092054	6027		0
MYH7B	ENSG00000078814	6294		0
MYH8	ENSG00000133020	6041		0
MYH9	ENSG00000100345	7451		0
MYL1	ENSG00000168530	757		0
MYL10	ENSG00000106436	1004		0
MYL12A	ENSG00000101608	840		0
MYL12B	ENSG00000118680	986		0
MYL2	ENSG00000111245	781		0
MYL3	ENSG00000160808	883		0
MYL4	ENSG00000198336	794		0
MYL5	ENSG00000215375	661		0
MYL6	ENSG00000092841	703		0
MYL6B	ENSG00000196465	828		0
MYL7	ENSG00000106631	612		0
MYL9	ENSG00000101335	2786		0
MYLIP	ENSG00000007944	1667	ENSG00000263712	1
MYLK	ENSG00000065534	7738		0
MYLK2	ENSG00000101306	2799		0
MYLK3	ENSG00000140795	6912		0
MYLK4	ENSG00000145949	5754		0
MYLPF	ENSG00000180209	657		0
MYNN	ENSG00000085274	4434		0
MYO10	ENSG00000145555	8039		0
MYO15A	ENSG00000091536	11811		0
MYO16	ENSG00000041515	6784		0
MYO18A	ENSG00000196535	7584		0
MYO18B	ENSG00000133454	7931		0
MYO19	ENSG00000278259	3931		0
MYO1A	ENSG00000166866	3621		0
MYO1B	ENSG00000128641	5067		0
MYO1C	ENSG00000197879	4657		0
MYO1D	ENSG00000176658	5510		0
MYO1E	ENSG00000157483	8644		0
MYO1F	ENSG00000142347	4169		0
MYO1G	ENSG00000136286	3185		0
MYO1H	ENSG00000174527	4259		0
MYO3A	ENSG00000095777	5582		0
MYO3B	ENSG00000071909	5527		0
MYO5A	ENSG00000197535	12055		0
MYO5B	ENSG00000167306	9506	ENSG00000266997	551
MYO5C	ENSG00000128833	6971		0
MYO6	ENSG00000196586	5598		0
MYO7A	ENSG00000137474	7338		0
MYO7B	ENSG00000169994	6714		0
MYO9A	ENSG00000066933	12409		0
MYO9B	ENSG00000099331	7603		0
MYOC	ENSG00000034971	2095		0
MYOCD	ENSG00000141052	2818		0
MYOD1	ENSG00000129152	1798		0
MYOF	ENSG00000138119	6720		0
MYOG	ENSG00000122180	1505		0
MYOM1	ENSG00000101605	5707		0
MYOM3	ENSG00000142661	5760		0
MYOT	ENSG00000120729	2268		0
MYOZ1	ENSG00000177791	1259		0
MYOZ2	ENSG00000172399	2549		0
MYOZ3	ENSG00000164591	1074		0
MYPN	ENSG00000138347	5641		0
MYPOP	ENSG00000176182	1887		0
MYRF	ENSG00000124920	5689		0
MYRFL	ENSG00000166268	3140	ENSG00000258052	325
MYRIP	ENSG00000170011	2610		0
MYSM1	ENSG00000162601	7751		0
MYT1	ENSG00000196132	5536		0
MYT1L	ENSG00000186487	4852		0
MYZAP	ENSG00000263155	2362	ENSG00000137878	1325
MZB1	ENSG00000170476	825		0
MZF1	ENSG00000099326	2666		0
MZT1	ENSG00000204899	2231		0
MZT2A	ENSG00000173272	599		0
MZT2B	ENSG00000152082	599		0
N4BP1	ENSG00000102921	7077		0
N4BP2	ENSG00000078177	9720		0
N4BP2L1	ENSG00000139597	2999		0
N4BP2L2	ENSG00000244754	9427		0
N4BP3	ENSG00000145911	5985		0
N6AMT2	ENSG00000150456	1042		0
NAA10	ENSG00000102030	1587		0
NAA11	ENSG00000156269	2015		0
NAA15	ENSG00000164134	6172		0
NAA16	ENSG00000172766	4285		0
NAA20	ENSG00000173418	1014		0
NAA25	ENSG00000111300	5771		0
NAA30	ENSG00000139977	7600		0
NAA35	ENSG00000135040	2649		0
NAA38	ENSG00000183011	520		0
NAA40	ENSG00000110583	3649		0
NAA50	ENSG00000121579	6111		0
NAA60	ENSG00000122390	2656	ENSG00000285329	266
NAAA	ENSG00000138744	1859		0
NAALAD2	ENSG00000077616	3466		0
NAALADL1	ENSG00000168060	2700		0
NAALADL2	ENSG00000177694	9807		0
NAB1	ENSG00000138386	2347		0
NAB2	ENSG00000166886	2491		0
NABP1	ENSG00000173559	1874		0
NABP2	ENSG00000139579	1400		0
NACA	ENSG00000196531	793	ENSG00000285625	226
NACA2	ENSG00000253506	778		0
NACAD	ENSG00000136274	4781		0
NACC1	ENSG00000160877	4446		0
NACC2	ENSG00000148411	6802		0
NADK	ENSG00000008130	3235		0
NADK2	ENSG00000152620	2244		0
NADSYN1	ENSG00000172890	2679	ENSG00000278349	1
NAE1	ENSG00000159593	1813		0
NAF1	ENSG00000145414	1876		0
NAGA	ENSG00000198951	3677		0
NAGK	ENSG00000124357	1128		0
NAGLU	ENSG00000108784	2475	ENSG00000266929	379
NAGPA	ENSG00000103174	2202		0
NAGS	ENSG00000161653	2106		0
NAIF1	ENSG00000171169	3398		0
NAIP	ENSG00000249437	5963		0
NALCN	ENSG00000102452	6818		0
NAMPT	ENSG00000105835	4360		0
NANOG	ENSG00000111704	5177		0
NANOGNB	ENSG00000205857	907		0
NANOGP8	ENSG00000255192	919		0
NANOS1	ENSG00000188613	4016		0
NANOS2	ENSG00000188425	1565		0
NANOS3	ENSG00000187556	582		0
NANP	ENSG00000170191	3803		0
NANS	ENSG00000095380	1171		0
NAP1L1	ENSG00000187109	13158		0
NAP1L2	ENSG00000186462	2550		0
NAP1L3	ENSG00000186310	2639		0
NAP1L4	ENSG00000205531	2463		0
NAP1L5	ENSG00000177432	1916		0
NAP1L6	ENSG00000293034	2044	ENSG00000204118	1222
NAPA	ENSG00000105402	1662	ENSG00000279861	752
NAPB	ENSG00000125814	3837		0
NAPEPLD	ENSG00000161048	4840		0
NAPG	ENSG00000134265	3549		0
NAPRT	ENSG00000147813	1682		0
NAPSA	ENSG00000131400	1357		0
NARF	ENSG00000141562	3814		0
NARFL	ENSG00000103245	2095		0
NARS	ENSG00000134440	2762		0
NARS2	ENSG00000137513	2512		0
NASP	ENSG00000132780	3207		0
NAT1	ENSG00000171428	1799		0
NAT10	ENSG00000135372	3973		0
NAT14	ENSG00000090971	1350		0
NAT16	ENSG00000167011	2932		0
NAT2	ENSG00000156006	1285		0
NAT6	ENSG00000243477	1319	ENSG00000186792	193
NAT8	ENSG00000144035	948		0
NAT8B	ENSG00000204872	765		0
NAT8L	ENSG00000185818	5871		0
NAT9	ENSG00000109065	1012		0
NAV1	ENSG00000134369	12706	ENSG00000221028	1
NAV2	ENSG00000166833	10992		0
NAV3	ENSG00000067798	7387		0
NBAS	ENSG00000151779	7274		0
NBEA	ENSG00000172915	11120		0
NBEAL1	ENSG00000144426	10939		0
NBEAL2	ENSG00000160796	8826		0
NBL1	ENSG00000158747	1888	ENSG00000270136	350
NBN	ENSG00000104320	4618		0
NBPF1	ENSG00000219481	5932		0
NBPF3	ENSG00000142794	3592		0
NBPF4	ENSG00000196427	2131		0
NBPF6	ENSG00000186086	2074		0
NBR1	ENSG00000188554	4524		0
NCALD	ENSG00000104490	3368		0
NCAM2	ENSG00000154654	8041		0
NCAN	ENSG00000130287	6388		0
NCAPD2	ENSG00000010292	4825		0
NCAPD3	ENSG00000151503	5038		0
NCAPG	ENSG00000109805	4584		0
NCAPG2	ENSG00000146918	3906		0
NCAPH	ENSG00000121152	2764		0
NCAPH2	ENSG00000025770	2029		0
NCBP1	ENSG00000136937	4983		0
NCBP2	ENSG00000114503	2101		0
NCBP2-AS2	ENSG00000270170	867		0
NCBP2L	ENSG00000170935	660		0
NCBP3	ENSG00000074356	12766		0
NCCRP1	ENSG00000188505	1975		0
NCDN	ENSG00000020129	3427		0
NCEH1	ENSG00000144959	4536		0
NCF1	ENSG00000158517	1347		0
NCF2	ENSG00000116701	2167		0
NCF4	ENSG00000100365	1378		0
NCK1	ENSG00000158092	1937		0
NCK2	ENSG00000071051	2666		0
NCKAP1	ENSG00000061676	20332		0
NCKAP1L	ENSG00000123338	8975		0
NCKAP5	ENSG00000176771	7595		0
NCKAP5L	ENSG00000167566	4882		0
NCKIPSD	ENSG00000213672	2977		0
NCL	ENSG00000115053	3924		0
NCLN	ENSG00000125912	3675		0
NCMAP	ENSG00000184454	3954		0
NCOA1	ENSG00000084676	7032		0
NCOA2	ENSG00000140396	8427		0
NCOA3	ENSG00000124151	4669		0
NCOA5	ENSG00000124160	3214		0
NCOA6	ENSG00000198646	6903		0
NCOA7	ENSG00000111912	5233		0
NCOR1	ENSG00000141027	10705		0
NCOR2	ENSG00000196498	8533		0
NCR1	ENSG00000189430	1156		0
NCR2	ENSG00000096264	943		0
NCR3	ENSG00000204475	1042		0
NCR3LG1	ENSG00000188211	6364		0
NCS1	ENSG00000107130	4991		0
NCSTN	ENSG00000162736	2822		0
NDC1	ENSG00000058804	4552		0
NDC80	ENSG00000080986	2126		0
NDE1	ENSG00000072864	3153	ENSG00000283736	79
NDEL1	ENSG00000166579	2349		0
NDFIP1	ENSG00000131507	3574		0
NDFIP2	ENSG00000102471	4617		0
NDN	ENSG00000182636	1906		0
NDNF	ENSG00000173376	2885		0
NDNL2	ENSG00000185115	1675		0
NDOR1	ENSG00000188566	2465		0
NDP	ENSG00000124479	1719		0
NDRG1	ENSG00000104419	3010	ENSG00000289316	757
NDRG2	ENSG00000165795	2013	ENSG00000284122	8
NDRG3	ENSG00000101079	2959		0
NDRG4	ENSG00000103034	3207		0
NDST1	ENSG00000070614	8011		0
NDST2	ENSG00000166507	3528	ENSG00000272916	3498
NDST3	ENSG00000164100	5806		0
NDST4	ENSG00000138653	3095		0
NDUFA1	ENSG00000125356	421		0
NDUFA10	ENSG00000130414	4855		0
NDUFA11	ENSG00000174886	540	ENSG00000267740	308
NDUFA12	ENSG00000184752	562		0
NDUFA13	ENSG00000186010	521	ENSG00000258674	327
NDUFA2	ENSG00000131495	649		0
NDUFA3	ENSG00000170906	945		0
NDUFA4	ENSG00000189043	2028		0
NDUFA4L2	ENSG00000185633	943		0
NDUFA5	ENSG00000128609	1465		0
NDUFA6	ENSG00000184983	1072		0
NDUFA7	ENSG00000267855	580	ENSG00000167774	456
NDUFA8	ENSG00000119421	804		0
NDUFA9	ENSG00000139180	8356	ENSG00000255639	984
NDUFAB1	ENSG00000004779	665		0
NDUFAF1	ENSG00000137806	1457		0
NDUFAF2	ENSG00000164182	632		0
NDUFAF3	ENSG00000178057	902		0
NDUFAF4	ENSG00000123545	2397		0
NDUFAF5	ENSG00000101247	5449		0
NDUFAF6	ENSG00000156170	1795		0
NDUFAF7	ENSG00000003509	2177		0
NDUFB1	ENSG00000183648	317		0
NDUFB10	ENSG00000140990	675		0
NDUFB11	ENSG00000147123	586		0
NDUFB2	ENSG00000090266	384		0
NDUFB3	ENSG00000119013	493		0
NDUFB4	ENSG00000065518	644		0
NDUFB5	ENSG00000136521	1049	ENSG00000288698	396
NDUFB7	ENSG00000099795	531		0
NDUFB8	ENSG00000166136	671	ENSG00000255339	481
NDUFB9	ENSG00000147684	691		0
NDUFC1	ENSG00000109390	575		0
NDUFC2	ENSG00000151366	2162	ENSG00000259112	339
NDUFC2-KCTD14	ENSG00000259112	435	ENSG00000151366	428
NDUFS1	ENSG00000023228	11660	ENSG00000237580	391
NDUFS2	ENSG00000158864	1613		0
NDUFS3	ENSG00000213619	894		0
NDUFS4	ENSG00000164258	669		0
NDUFS5	ENSG00000168653	491		0
NDUFS6	ENSG00000145494	518		0
NDUFS7	ENSG00000115286	758		0
NDUFS8	ENSG00000110717	737	ENSG00000284293	1
NDUFV1	ENSG00000167792	1512		0
NDUFV2	ENSG00000178127	857	ENSG00000265257	62
NDUFV3	ENSG00000160194	4630		0
NEB	ENSG00000183091	26191		0
NEBL	ENSG00000078114	2298		0
NECAB1	ENSG00000123119	5049		0
NECAB2	ENSG00000103154	1609		0
NECAB3	ENSG00000125967	1989		0
NECAP1	ENSG00000089818	2524	ENSG00000284697	106
NECAP2	ENSG00000157191	2018		0
NEDD1	ENSG00000139350	4012		0
NEDD4	ENSG00000069869	5735		0
NEDD4L	ENSG00000049759	3648		0
NEDD8	ENSG00000129559	616	ENSG00000255526	234
NEDD8-MDP1	ENSG00000255526	595	ENSG00000260669	362
NEDD9	ENSG00000111859	4522		0
NEFH	ENSG00000100285	3784		0
NEFM	ENSG00000104722	3271		0
NEGR1	ENSG00000172260	12613		0
NEIL1	ENSG00000140398	3710		0
NEIL2	ENSG00000154328	2155		0
NEIL3	ENSG00000109674	2363		0
NEK1	ENSG00000137601	5547		0
NEK10	ENSG00000163491	3913		0
NEK11	ENSG00000114670	2915		0
NEK2	ENSG00000117650	2131		0
NEK4	ENSG00000114904	6049		0
NEK5	ENSG00000197168	2110		0
NEK6	ENSG00000119408	3331		0
NEK7	ENSG00000151414	4114		0
NEK8	ENSG00000160602	3573		0
NEK9	ENSG00000119638	8278		0
NELFA	ENSG00000185049	2198	ENSG00000284587	19
NELFB	ENSG00000188986	2540		0
NELFCD	ENSG00000101158	2237		0
NELFE	ENSG00000204356	1445	ENSG00000284446	1
NELL1	ENSG00000165973	3008		0
NELL2	ENSG00000184613	3553		0
NEMF	ENSG00000165525	5819		0
NEMP1	ENSG00000166881	5371		0
NEMP2	ENSG00000189362	6169		0
NENF	ENSG00000117691	916		0
NEO1	ENSG00000067141	7088		0
NES	ENSG00000132688	5558		0
NET1	ENSG00000173848	3005		0
NETO1	ENSG00000166342	1900		0
NETO2	ENSG00000171208	7429		0
NEU1	ENSG00000204386	1961		0
NEU2	ENSG00000115488	1143		0
NEU3	ENSG00000162139	5929		0
NEURL1	ENSG00000107954	4309		0
NEURL1B	ENSG00000214357	6425		0
NEURL2	ENSG00000124257	1199		0
NEURL3	ENSG00000163121	1458		0
NEURL4	ENSG00000215041	5200	ENSG00000261915	1129
NEUROD1	ENSG00000162992	2493		0
NEUROD2	ENSG00000171532	2019		0
NEUROD4	ENSG00000123307	3924		0
NEUROD6	ENSG00000164600	1959		0
NEUROG1	ENSG00000181965	1668		0
NEUROG2	ENSG00000178403	2287		0
NEUROG3	ENSG00000122859	1376		0
NEXN	ENSG00000162614	2608		0
NF1	ENSG00000196712	12310		0
NF2	ENSG00000186575	5950		0
NFAM1	ENSG00000235568	5603		0
NFASC	ENSG00000163531	9749		0
NFAT5	ENSG00000102908	5876		0
NFATC1	ENSG00000131196	4566		0
NFATC2	ENSG00000101096	7431		0
NFATC2IP	ENSG00000176953	4564		0
NFATC3	ENSG00000072736	6041	ENSG00000263276	1386
NFATC4	ENSG00000100968	4747		0
NFE2	ENSG00000123405	1441		0
NFE2L1	ENSG00000082641	4774		0
NFE2L2	ENSG00000116044	2446		0
NFE2L3	ENSG00000050344	3687		0
NFIA	ENSG00000162599	9229		0
NFIC	ENSG00000141905	1539		0
NFIL3	ENSG00000165030	2055		0
NFIX	ENSG00000008441	3144		0
NFKB1	ENSG00000109320	4055		0
NFKB2	ENSG00000077150	2923		0
NFKBIA	ENSG00000100906	1556		0
NFKBIB	ENSG00000104825	1160		0
NFKBID	ENSG00000167604	1625		0
NFKBIE	ENSG00000146232	2344		0
NFKBIL1	ENSG00000204498	1451		0
NFKBIZ	ENSG00000144802	3923		0
NFRKB	ENSG00000170322	5090		0
NFS1	ENSG00000244005	3006	ENSG00000272897	289
NFU1	ENSG00000169599	898		0
NFX1	ENSG00000086102	4599		0
NFXL1	ENSG00000170448	3661		0
NFYA	ENSG00000001167	3782		0
NFYB	ENSG00000120837	3424		0
NFYC	ENSG00000066136	1951		0
NGB	ENSG00000165553	1778		0
NGDN	ENSG00000129460	1108		0
NGEF	ENSG00000066248	3184		0
NGF	ENSG00000134259	1048		0
NGFR	ENSG00000064300	3408		0
NGFRAP1	ENSG00000166681	723		0
NGLY1	ENSG00000151092	2366		0
NGRN	ENSG00000182768	1308	ENSG00000261147	1132
NHEJ1	ENSG00000187736	2057	ENSG00000280537	1308
NHLH1	ENSG00000171786	2557		0
NHLH2	ENSG00000177551	2512		0
NHLRC1	ENSG00000187566	1189		0
NHLRC2	ENSG00000196865	11051		0
NHLRC3	ENSG00000188811	3411		0
NHLRC4	ENSG00000257108	2088	ENSG00000282907	153
NHP2	ENSG00000145912	780		0
NHS	ENSG00000188158	8762		0
NHSL1	ENSG00000135540	6536		0
NHSL2	ENSG00000204131	13633		0
NICN1	ENSG00000145029	2615	ENSG00000283189	566
NID1	ENSG00000116962	5792		0
NID2	ENSG00000087303	4805		0
NIF3L1	ENSG00000196290	1676		0
NIFK	ENSG00000155438	1686		0
NIM1K	ENSG00000177453	2313		0
NIN	ENSG00000100503	6383		0
NINJ1	ENSG00000131669	1237		0
NINJ2	ENSG00000171840	918		0
NINL	ENSG00000101004	4970		0
NIP7	ENSG00000132603	2055		0
NIPAL1	ENSG00000163293	5301		0
NIPAL2	ENSG00000104361	4396	ENSG00000252558	109
NIPAL3	ENSG00000001461	1703		0
NIPAL4	ENSG00000172548	3080		0
NIPBL	ENSG00000164190	10425		0
NIPSNAP1	ENSG00000184117	2013		0
NIPSNAP3A	ENSG00000136783	1632		0
NIPSNAP3B	ENSG00000165028	1753		0
NISCH	ENSG00000010322	5138		0
NIT1	ENSG00000158793	1358		0
NIT2	ENSG00000114021	7233		0
NKAIN1	ENSG00000084628	2589		0
NKAIN2	ENSG00000188580	3099		0
NKAIN3	ENSG00000185942	665		0
NKAIN4	ENSG00000101198	1353		0
NKAP	ENSG00000101882	5942		0
NKAPL	ENSG00000189134	1640		0
NKD1	ENSG00000140807	8529		0
NKD2	ENSG00000145506	2156		0
NKG7	ENSG00000105374	774		0
NKIRAS1	ENSG00000197885	1750		0
NKIRAS2	ENSG00000168256	2338		0
NKPD1	ENSG00000179846	4688		0
NKRF	ENSG00000186416	2089		0
NKTR	ENSG00000114857	7265		0
NKX1-1	ENSG00000235608	1236		0
NKX1-2	ENSG00000229544	3211		0
NKX2-1	ENSG00000136352	2010	ENSG00000257520	386
NKX2-2	ENSG00000125820	2085		0
NKX2-3	ENSG00000119919	2088		0
NKX2-4	ENSG00000125816	1737		0
NKX2-5	ENSG00000183072	1558		0
NKX2-6	ENSG00000180053	907		0
NKX2-8	ENSG00000136327	1262		0
NKX3-1	ENSG00000167034	3267		0
NKX3-2	ENSG00000109705	2259		0
NKX6-1	ENSG00000163623	2629		0
NKX6-2	ENSG00000148826	2673		0
NKX6-3	ENSG00000165066	1353		0
NLE1	ENSG00000073536	2577		0
NLGN1	ENSG00000169760	8133		0
NLGN2	ENSG00000169992	3638		0
NLGN3	ENSG00000196338	3047		0
NLGN4X	ENSG00000146938	5854		0
NLK	ENSG00000087095	3526		0
NLN	ENSG00000123213	8652		0
NLRC4	ENSG00000091106	3213		0
NLRC5	ENSG00000140853	6759		0
NLRP1	ENSG00000091592	4423		0
NLRP10	ENSG00000182261	2234		0
NLRP11	ENSG00000179873	3418		0
NLRP12	ENSG00000142405	3634		0
NLRP13	ENSG00000173572	3132		0
NLRP14	ENSG00000158077	3595		0
NLRP2	ENSG00000022556	3446		0
NLRP2P	ENSG00000215174	3194		0
NLRP3	ENSG00000162711	3547	ENSG00000289728	3139
NLRP4	ENSG00000160505	3671		0
NLRP5	ENSG00000171487	3885		0
NLRP6	ENSG00000174885	2677		0
NLRP7	ENSG00000167634	3294		0
NLRP8	ENSG00000179709	3934		0
NLRP9	ENSG00000185792	3478		0
NLRX1	ENSG00000160703	3551		0
NMB	ENSG00000197696	655		0
NMBR	ENSG00000135577	1355		0
NMD3	ENSG00000169251	3028		0
NME1	ENSG00000239672	890	ENSG00000011052	372
NME1-NME2	ENSG00000011052	973	ENSG00000243678	603
NME2	ENSG00000243678	603	ENSG00000011052	601
NME3	ENSG00000103024	848		0
NME4	ENSG00000103202	991		0
NME5	ENSG00000112981	1195		0
NME6	ENSG00000172113	1209		0
NME7	ENSG00000143156	1472		0
NME8	ENSG00000086288	2308	ENSG00000290149	72
NME9	ENSG00000181322	1282		0
NMI	ENSG00000123609	1229		0
NMNAT1	ENSG00000173614	3734	ENSG00000241326	436
NMNAT2	ENSG00000157064	5441		0
NMNAT3	ENSG00000163864	1224		0
NMRAL1	ENSG00000153406	1092		0
NMRK1	ENSG00000106733	1132		0
NMRK2	ENSG00000077009	1127		0
NMS	ENSG00000204640	485		0
NMT1	ENSG00000136448	4881		0
NMT2	ENSG00000152465	2908		0
NMU	ENSG00000109255	816		0
NMUR1	ENSG00000171596	3221		0
NMUR2	ENSG00000132911	2059		0
NNAT	ENSG00000053438	1259		0
NNMT	ENSG00000166741	1733		0
NNT	ENSG00000112992	6306		0
NOA1	ENSG00000084092	2199		0
NOB1	ENSG00000141101	1716		0
NOBOX	ENSG00000106410	1981		0
NOC2L	ENSG00000188976	2757		0
NOC3L	ENSG00000173145	3455		0
NOC4L	ENSG00000184967	1623		0
NOCT	ENSG00000151014	1953		0
NOD1	ENSG00000106100	4499		0
NOD2	ENSG00000167207	4306		0
NODAL	ENSG00000156574	1666		0
NOG	ENSG00000183691	1892		0
NOL10	ENSG00000115761	2590		0
NOL11	ENSG00000130935	2844		0
NOL12	ENSG00000273899	2830	ENSG00000100101	788
NOL3	ENSG00000140939	1353		0
NOL4	ENSG00000101746	3957		0
NOL4L	ENSG00000197183	5881		0
NOL7	ENSG00000225921	1176		0
NOL8	ENSG00000198000	4075		0
NOL9	ENSG00000162408	6627		0
NOLC1	ENSG00000166197	3719		0
NOM1	ENSG00000146909	6072		0
NOMO1	ENSG00000103512	4312		0
NOMO3	ENSG00000103226	4320		0
NONO	ENSG00000147140	2661		0
NOP10	ENSG00000182117	507		0
NOP14	ENSG00000087269	3535		0
NOP2	ENSG00000111641	2633	ENSG00000285238	2538
NOP56	ENSG00000101361	1913	ENSG00000284481	2
NOP58	ENSG00000055044	1994		0
NOP9	ENSG00000196943	6034		0
NOS1	ENSG00000089250	12007		0
NOS1AP	ENSG00000198929	4932	ENSG00000254706	153
NOS2	ENSG00000007171	4176	ENSG00000266202	77
NOS3	ENSG00000164867	4366		0
NOSIP	ENSG00000142546	990		0
NOSTRIN	ENSG00000163072	2075		0
NOTCH1	ENSG00000148400	9372		0
NOTCH2	ENSG00000134250	11389		0
NOTCH3	ENSG00000074181	8666		0
NOTCH4	ENSG00000204301	6745		0
NOTO	ENSG00000214513	2433		0
NOTUM	ENSG00000185269	2223		0
NOV	ENSG00000136999	2382		0
NOVA1	ENSG00000139910	3913		0
NOVA2	ENSG00000104967	7803		0
NOX1	ENSG00000007952	2529		0
NOX3	ENSG00000074771	1979		0
NOX4	ENSG00000086991	2279		0
NOX5	ENSG00000255346	2291	ENSG00000290203	2202
NOXA1	ENSG00000188747	1614		0
NOXO1	ENSG00000196408	1133		0
NOXRED1	ENSG00000165555	1857		0
NPAP1	ENSG00000185823	7527		0
NPAS1	ENSG00000130751	2100		0
NPAS2	ENSG00000170485	4008		0
NPAS3	ENSG00000151322	5846		0
NPAS4	ENSG00000174576	3272		0
NPAT	ENSG00000149308	6113		0
NPB	ENSG00000183979	575		0
NPBWR1	ENSG00000288611	1592		0
NPBWR2	ENSG00000125522	1104		0
NPC1	ENSG00000141458	4760		0
NPC1L1	ENSG00000015520	4967		0
NPC2	ENSG00000119655	821	ENSG00000283944	72
NPDC1	ENSG00000107281	1469	ENSG00000279073	128
NPEPL1	ENSG00000215440	2191	ENSG00000254995	1506
NPEPPS	ENSG00000141279	4309		0
NPFF	ENSG00000139574	439	ENSG00000267281	325
NPFFR1	ENSG00000148734	8921		0
NPFFR2	ENSG00000056291	1519		0
NPHP1	ENSG00000144061	2522		0
NPHP3	ENSG00000113971	4330	ENSG00000274810	636
NPHP4	ENSG00000131697	4949		0
NPHS1	ENSG00000161270	4277		0
NPHS2	ENSG00000116218	1855		0
NPIPA1	ENSG00000183426	1084		0
NPIPA2	ENSG00000254852	990		0
NPIPA3	ENSG00000224712	990		0
NPIPA5	ENSG00000183793	1084		0
NPIPA7	ENSG00000214967	1246		0
NPIPB11	ENSG00000254206	3644		0
NPIPB15	ENSG00000196436	1354		0
NPIPB4	ENSG00000185864	3593		0
NPIPB6	ENSG00000198156	1855		0
NPIPB8	ENSG00000255524	1475		0
NPIPB9	ENSG00000196993	2037		0
NPL	ENSG00000135838	2232		0
NPLOC4	ENSG00000182446	4381		0
NPM1	ENSG00000181163	1220		0
NPM2	ENSG00000158806	1090		0
NPM3	ENSG00000107833	877		0
NPNT	ENSG00000168743	4561		0
NPPA	ENSG00000175206	855		0
NPPB	ENSG00000120937	694		0
NPPC	ENSG00000163273	1045		0
NPR1	ENSG00000169418	4185		0
NPR2	ENSG00000159899	3686		0
NPR3	ENSG00000113389	1755		0
NPRL2	ENSG00000114388	1385		0
NPS	ENSG00000214285	271		0
NPSR1	ENSG00000187258	1568		0
NPTN	ENSG00000156642	2420		0
NPTX1	ENSG00000171246	5123		0
NPTX2	ENSG00000106236	2701		0
NPTXR	ENSG00000221890	5784		0
NPVF	ENSG00000105954	1190		0
NPW	ENSG00000183971	750		0
NPY	ENSG00000122585	555		0
NPY1R	ENSG00000164128	2762		0
NPY2R	ENSG00000185149	3619		0
NPY5R	ENSG00000164129	1844		0
NQO1	ENSG00000181019	2521		0
NQO2	ENSG00000124588	994		0
NR0B1	ENSG00000169297	1813		0
NR0B2	ENSG00000131910	1156		0
NR1D1	ENSG00000126368	2630		0
NR1D2	ENSG00000174738	5231		0
NR1H2	ENSG00000131408	1999		0
NR1H3	ENSG00000025434	1603		0
NR1H4	ENSG00000012504	2726		0
NR1I2	ENSG00000144852	2600	ENSG00000285585	219
NR1I3	ENSG00000143257	1371		0
NR2C1	ENSG00000120798	4058		0
NR2C2	ENSG00000177463	2350		0
NR2C2AP	ENSG00000184162	1284		0
NR2E1	ENSG00000112333	3209		0
NR2F1	ENSG00000175745	3729		0
NR2F2	ENSG00000185551	5271		0
NR2F6	ENSG00000160113	2383	ENSG00000269095	221
NR3C1	ENSG00000113580	6778		0
NR3C2	ENSG00000151623	5537		0
NR4A1	ENSG00000123358	2485		0
NR4A2	ENSG00000153234	3467		0
NR4A3	ENSG00000119508	5604		0
NR5A1	ENSG00000136931	3074		0
NR5A2	ENSG00000116833	4969		0
NR6A1	ENSG00000148200	7031		0
NRAP	ENSG00000197893	5495		0
NRARP	ENSG00000198435	1771		0
NRAS	ENSG00000213281	4326		0
NRBF2	ENSG00000148572	1813		0
NRBP1	ENSG00000115216	2176		0
NRBP2	ENSG00000185189	3587	ENSG00000255343	100
NRCAM	ENSG00000091129	6662		0
NRD1	ENSG00000078618	3594	ENSG00000283899	35
NRDE2	ENSG00000119720	14008		0
NREP	ENSG00000134986	496		0
NRF1	ENSG00000106459	3518	ENSG00000212238	112
NRG2	ENSG00000158458	3021		0
NRG3	ENSG00000185737	2159		0
NRG4	ENSG00000169752	1140		0
NRGN	ENSG00000154146	1210		0
NRIP1	ENSG00000180530	7556	ENSG00000235609	87
NRIP2	ENSG00000053702	2746	ENSG00000288984	874
NRIP3	ENSG00000175352	3761		0
NRK	ENSG00000123572	8063		0
NRL	ENSG00000129535	1871		0
NRM	ENSG00000137404	1411		0
NRN1	ENSG00000124785	1582		0
NRN1L	ENSG00000263126	708	ENSG00000188038	626
NRP1	ENSG00000099250	5640		0
NRP2	ENSG00000118257	2426		0
NRROS	ENSG00000174004	2556		0
NRSN1	ENSG00000152954	2261		0
NRSN2	ENSG00000125841	1995		0
NRTN	ENSG00000171119	1110		0
NRXN1	ENSG00000179915	5803		0
NRXN2	ENSG00000110076	6622		0
NRXN3	ENSG00000021645	5745		0
NSA2	ENSG00000164346	4337	ENSG00000199645	105
NSD1	ENSG00000165671	12891		0
NSDHL	ENSG00000147383	1467		0
NSF	ENSG00000073969	3983		0
NSFL1C	ENSG00000088833	2721		0
NSG1	ENSG00000168824	2279		0
NSL1	ENSG00000117697	2313		0
NSMAF	ENSG00000035681	3565		0
NSMCE1	ENSG00000169189	1042		0
NSMCE2	ENSG00000156831	1188		0
NSMCE4A	ENSG00000107672	1391		0
NSMF	ENSG00000165802	3641		0
NSRP1	ENSG00000126653	2506		0
NSUN2	ENSG00000037474	3056		0
NSUN3	ENSG00000178694	3144		0
NSUN4	ENSG00000117481	1520		0
NSUN5	ENSG00000130305	1603		0
NSUN6	ENSG00000241058	2166	ENSG00000240291	92
NSUN7	ENSG00000179299	3640		0
NT5C	ENSG00000125458	901		0
NT5C1A	ENSG00000116981	1108		0
NT5C1B	ENSG00000185013	2296	ENSG00000250741	1862
NT5C2	ENSG00000076685	3344		0
NT5C3A	ENSG00000122643	1667		0
NT5C3B	ENSG00000141698	945		0
NT5DC1	ENSG00000178425	6919		0
NT5DC2	ENSG00000168268	1525		0
NT5DC3	ENSG00000111696	7207		0
NT5DC4	ENSG00000144130	1238		0
NT5E	ENSG00000135318	3549		0
NT5M	ENSG00000205309	1579		0
NTAN1	ENSG00000157045	1200		0
NTF3	ENSG00000185652	966		0
NTF4	ENSG00000225950	870	ENSG00000283663	243
NTHL1	ENSG00000065057	1030		0
NTM	ENSG00000182667	2629		0
NTMT1	ENSG00000148335	1192		0
NTN1	ENSG00000065320	5955		0
NTN3	ENSG00000162068	1987		0
NTN4	ENSG00000074527	3615		0
NTN5	ENSG00000142233	1836		0
NTNG1	ENSG00000162631	3154		0
NTNG2	ENSG00000196358	4673		0
NTPCR	ENSG00000135778	6312		0
NTRK1	ENSG00000198400	2433		0
NTRK2	ENSG00000148053	5202		0
NTRK3	ENSG00000140538	19976		0
NTS	ENSG00000133636	1238		0
NTSR1	ENSG00000101188	4133		0
NTSR2	ENSG00000169006	1569		0
NUAK1	ENSG00000074590	5744		0
NUAK2	ENSG00000163545	3391		0
NUB1	ENSG00000013374	3067		0
NUBP1	ENSG00000103274	1229		0
NUBP2	ENSG00000095906	1349		0
NUBPL	ENSG00000151413	3040		0
NUCB1	ENSG00000104805	2406		0
NUCB2	ENSG00000070081	2275		0
NUCKS1	ENSG00000069275	6399		0
NUDC	ENSG00000090273	1783		0
NUDCD1	ENSG00000120526	3919		0
NUDCD2	ENSG00000170584	7967		0
NUDCD3	ENSG00000015676	8035		0
NUDT1	ENSG00000106268	658		0
NUDT10	ENSG00000122824	1865		0
NUDT11	ENSG00000196368	2381		0
NUDT12	ENSG00000112874	3488		0
NUDT13	ENSG00000166321	2098		0
NUDT14	ENSG00000183828	845	ENSG00000257622	66
NUDT15	ENSG00000136159	1938		0
NUDT16	ENSG00000198585	6108		0
NUDT16L1	ENSG00000168101	1335		0
NUDT19	ENSG00000213965	2964		0
NUDT2	ENSG00000164978	885		0
NUDT21	ENSG00000167005	4393	ENSG00000288725	2724
NUDT22	ENSG00000149761	1095		0
NUDT3	ENSG00000272325	9900	ENSG00000270800	4286
NUDT4	ENSG00000173598	9708		0
NUDT5	ENSG00000165609	3195		0
NUDT6	ENSG00000170917	1161		0
NUDT7	ENSG00000140876	1096		0
NUDT8	ENSG00000167799	738		0
NUDT9	ENSG00000170502	1702		0
NUF2	ENSG00000143228	1818		0
NUFIP1	ENSG00000083635	3480	ENSG00000223732	78
NUFIP2	ENSG00000108256	10847		0
NUGGC	ENSG00000189233	3887		0
NUMA1	ENSG00000137497	7198		0
NUMB	ENSG00000133961	3333		0
NUMBL	ENSG00000105245	3561		0
NUP107	ENSG00000111581	6213		0
NUP133	ENSG00000069248	5208	ENSG00000226920	478
NUP153	ENSG00000124789	5488		0
NUP155	ENSG00000113569	8068		0
NUP160	ENSG00000030066	5228		0
NUP188	ENSG00000095319	5689	ENSG00000251184	284
NUP205	ENSG00000155561	6263		0
NUP210	ENSG00000132182	7193		0
NUP210L	ENSG00000143552	5841		0
NUP214	ENSG00000126883	7568		0
NUP35	ENSG00000163002	1545		0
NUP37	ENSG00000075188	2362		0
NUP43	ENSG00000120253	3831		0
NUP50	ENSG00000093000	5149		0
NUP54	ENSG00000138750	2249		0
NUP58	ENSG00000139496	4231		0
NUP62	ENSG00000213024	3239	ENSG00000269179	384
NUP62CL	ENSG00000198088	1755		0
NUP85	ENSG00000125450	2122		0
NUP88	ENSG00000108559	2419		0
NUP93	ENSG00000102900	2717		0
NUP98	ENSG00000110713	6726		0
NUPR1	ENSG00000176046	5291	ENSG00000289754	780
NUPR1L	ENSG00000185290	603		0
NUS1	ENSG00000153989	4677		0
NUSAP1	ENSG00000285920	1630	ENSG00000137804	1619
NUTF2	ENSG00000102898	2120		0
NUTM1	ENSG00000184507	4109		0
NUTM2A	ENSG00000184923	3290		0
NUTM2B	ENSG00000188199	3292		0
NUTM2D	ENSG00000214562	2903		0
NUTM2E	ENSG00000228570	3293		0
NUTM2F	ENSG00000130950	2559		0
NUTM2G	ENSG00000188152	1622		0
NVL	ENSG00000143748	2897		0
NWD1	ENSG00000188039	7632		0
NWD2	ENSG00000174145	7800		0
NXF1	ENSG00000162231	2290		0
NXF2	ENSG00000269405	2331		0
NXF2B	ENSG00000284800	2884	ENSG00000269437	2260
NXF3	ENSG00000147206	1938		0
NXF5	ENSG00000290798	1349	ENSG00000126952	1263
NXN	ENSG00000167693	3037		0
NXNL1	ENSG00000171773	918	ENSG00000269035	489
NXNL2	ENSG00000130045	728		0
NXPE1	ENSG00000095110	1889		0
NXPE2	ENSG00000204361	1732		0
NXPE3	ENSG00000144815	3942		0
NXPE4	ENSG00000137634	1823		0
NXPH1	ENSG00000122584	2920		0
NXPH2	ENSG00000144227	1053		0
NXPH3	ENSG00000182575	2166		0
NXPH4	ENSG00000182379	1805		0
NXT1	ENSG00000132661	1062		0
NXT2	ENSG00000101888	2563		0
NYAP1	ENSG00000166924	3581		0
NYAP2	ENSG00000144460	2346		0
NYNRIN	ENSG00000205978	7635		0
NYX	ENSG00000188937	2324		0
OAF	ENSG00000184232	2260		0
OARD1	ENSG00000124596	3097		0
OAS1	ENSG00000089127	1506		0
OAS2	ENSG00000111335	3490		0
OAS3	ENSG00000111331	6597		0
OASL	ENSG00000135114	3266		0
OAT	ENSG00000065154	2036		0
OAZ1	ENSG00000104904	1148	ENSG00000273734	220
OAZ2	ENSG00000180304	1934		0
OAZ3	ENSG00000143450	652		0
OBFC1	ENSG00000107960	1397	ENSG00000289744	1208
OBP2A	ENSG00000122136	690		0
OBP2B	ENSG00000171102	689		0
OBSCN	ENSG00000154358	26927		0
OBSL1	ENSG00000124006	5842		0
OC90	ENSG00000253117	1783	ENSG00000258417	1724
OCA2	ENSG00000104044	3143		0
OCEL1	ENSG00000099330	1111		0
OCIAD1	ENSG00000109180	1391		0
OCIAD2	ENSG00000145247	1109		0
OCLN	ENSG00000197822	6070		0
OCM	ENSG00000122543	487		0
OCM2	ENSG00000135175	693		0
OCRL	ENSG00000122126	5158		0
OCSTAMP	ENSG00000149635	2043		0
ODAM	ENSG00000109205	1286		0
ODC1	ENSG00000115758	2476		0
ODF1	ENSG00000155087	996		0
ODF2	ENSG00000136811	1822		0
ODF2L	ENSG00000122417	2113		0
ODF3	ENSG00000177947	1284		0
ODF3B	ENSG00000177989	872		0
ODF3L1	ENSG00000182950	1132		0
ODF3L2	ENSG00000181781	1589		0
ODF4	ENSG00000184650	1157		0
OFD1	ENSG00000046651	3608		0
OGDH	ENSG00000105953	4182		0
OGDHL	ENSG00000197444	3705		0
OGFOD1	ENSG00000087263	4583		0
OGFOD2	ENSG00000111325	1756	ENSG00000256028	1682
OGFOD3	ENSG00000181396	4237		0
OGFR	ENSG00000060491	2410		0
OGFRL1	ENSG00000119900	8383		0
OGG1	ENSG00000114026	1630		0
OGN	ENSG00000106809	2690		0
OGT	ENSG00000147162	5435		0
OIP5	ENSG00000104147	1201		0
OIT3	ENSG00000138315	2207		0
OLA1	ENSG00000138430	4251		0
OLAH	ENSG00000152463	1628		0
OLFM1	ENSG00000130558	2445		0
OLFM2	ENSG00000105088	1982		0
OLFM3	ENSG00000118733	3152		0
OLFM4	ENSG00000102837	2843		0
OLFML1	ENSG00000183801	1503		0
OLFML2A	ENSG00000185585	6426		0
OLFML2B	ENSG00000162745	3160		0
OLFML3	ENSG00000116774	1748		0
OLIG1	ENSG00000184221	2271		0
OLIG2	ENSG00000205927	2477		0
OLIG3	ENSG00000177468	2050		0
OLR1	ENSG00000173391	2456		0
OMA1	ENSG00000162600	1861		0
OMD	ENSG00000127083	2450		0
OMG	ENSG00000126861	1775		0
OMP	ENSG00000254550	492		0
ONECUT1	ENSG00000169856	2093		0
ONECUT2	ENSG00000119547	16122		0
ONECUT3	ENSG00000205922	7185		0
OOEP	ENSG00000203907	479		0
OOSP2	ENSG00000149507	1499		0
OPA1	ENSG00000198836	6375		0
OPA3	ENSG00000125741	7811		0
OPALIN	ENSG00000197430	3252		0
OPCML	ENSG00000183715	6168		0
OPHN1	ENSG00000079482	7569		0
OPN1MW	ENSG00000268221	1242		0
OPN1MW2	ENSG00000166160	1261		0
OPN1SW	ENSG00000128617	1097		0
OPN3	ENSG00000054277	2620	ENSG00000203668	480
OPN4	ENSG00000122375	2309	ENSG00000289258	1565
OPN5	ENSG00000124818	1802		0
OPRD1	ENSG00000116329	9317		0
OPRK1	ENSG00000082556	4954		0
OPRL1	ENSG00000125510	3312		0
OPRM1	ENSG00000112038	1361		0
OPTC	ENSG00000188770	1349		0
OPTN	ENSG00000123240	1954		0
OR10A2	ENSG00000170790	1054		0
OR10A3	ENSG00000170683	1062		0
OR10A4	ENSG00000170782	995		0
OR10A5	ENSG00000166363	954		0
OR10A6	ENSG00000279000	1031		0
OR10A7	ENSG00000179919	951		0
OR10AC1	ENSG00000176510	980		0
OR10AD1	ENSG00000172640	954		0
OR10AG1	ENSG00000174970	907		0
OR10C1	ENSG00000206474	1649		0
OR10D3	ENSG00000197309	987		0
OR10G3	ENSG00000169208	943		0
OR10G4	ENSG00000254737	937		0
OR10G6	ENSG00000198674	999		0
OR10G7	ENSG00000182634	946		0
OR10G8	ENSG00000234560	1039		0
OR10G9	ENSG00000236981	936		0
OR10H1	ENSG00000186723	1047		0
OR10H2	ENSG00000171942	1029		0
OR10H3	ENSG00000171936	952		0
OR10H4	ENSG00000176231	951		0
OR10H5	ENSG00000172519	1045		0
OR10J1	ENSG00000196184	1090		0
OR10J3	ENSG00000196266	940		0
OR10J4	ENSG00000249730	935		0
OR10J5	ENSG00000184155	930		0
OR10K1	ENSG00000173285	943		0
OR10K2	ENSG00000180708	940		0
OR10P1	ENSG00000175398	942		0
OR10Q1	ENSG00000180475	1037		0
OR10R2	ENSG00000198965	948		0
OR10S1	ENSG00000196248	1121		0
OR10T2	ENSG00000186306	945		0
OR10V1	ENSG00000172289	930		0
OR10W1	ENSG00000172772	1469		0
OR10X1	ENSG00000279111	981		0
OR10Z1	ENSG00000198967	943		0
OR11A1	ENSG00000204694	2229		0
OR11G2	ENSG00000196832	1013		0
OR11H12	ENSG00000257115	981		0
OR11H2	ENSG00000258453	948		0
OR11H4	ENSG00000176198	1010		0
OR11H6	ENSG00000176219	993		0
OR11H7	ENSG00000258806	940		0
OR11L1	ENSG00000197591	969		0
OR12D1	ENSG00000251608	948		0
OR12D2	ENSG00000280236	926		0
OR12D3	ENSG00000112462	1869		0
OR13A1	ENSG00000256574	1994		0
OR13C2	ENSG00000276119	957		0
OR13C3	ENSG00000204246	1108		0
OR13C4	ENSG00000148136	957		0
OR13C5	ENSG00000277556	957		0
OR13C7	ENSG00000243641	959		0
OR13C8	ENSG00000186943	963		0
OR13C9	ENSG00000136839	957		0
OR13D1	ENSG00000179055	945		0
OR13F1	ENSG00000186881	960		0
OR13G1	ENSG00000197437	925		0
OR13H1	ENSG00000171054	927		0
OR13J1	ENSG00000168828	939		0
OR14A16	ENSG00000196772	931		0
OR14A2	ENSG00000241128	946	ENSG00000239395	114
OR14C36	ENSG00000177174	939		0
OR14I1	ENSG00000286015	937	ENSG00000189181	937
OR14J1	ENSG00000204695	967		0
OR14K1	ENSG00000153230	945		0
OR1A1	ENSG00000172146	931		0
OR1A2	ENSG00000172150	930		0
OR1B1	ENSG00000280094	958		0
OR1C1	ENSG00000221888	946		0
OR1D2	ENSG00000184166	940		0
OR1D5	ENSG00000262628	939		0
OR1E1	ENSG00000180016	1307		0
OR1E2	ENSG00000127780	972		0
OR1F1	ENSG00000168124	943		0
OR1G1	ENSG00000183024	942		0
OR1I1	ENSG00000094661	1169		0
OR1J1	ENSG00000136834	969		0
OR1J2	ENSG00000197233	942		0
OR1J4	ENSG00000239590	942		0
OR1K1	ENSG00000165204	951		0
OR1L1	ENSG00000173679	933		0
OR1L3	ENSG00000171481	975		0
OR1L4	ENSG00000136939	936		0
OR1L6	ENSG00000171459	937		0
OR1L8	ENSG00000171496	931		0
OR1M1	ENSG00000170929	982		0
OR1N1	ENSG00000171505	936		0
OR1N2	ENSG00000171501	913		0
OR1Q1	ENSG00000165202	945		0
OR1S1	ENSG00000280204	979		0
OR1S2	ENSG00000197887	939		0
OR2A1	ENSG00000221970	934		0
OR2A12	ENSG00000221858	1037		0
OR2A14	ENSG00000221938	991		0
OR2A2	ENSG00000221989	957		0
OR2A25	ENSG00000221933	980		0
OR2A4	ENSG00000180658	934		0
OR2A42	ENSG00000212807	934		0
OR2A5	ENSG00000221836	1014		0
OR2A7	ENSG00000243896	1027		0
OR2AE1	ENSG00000244623	972		0
OR2AG1	ENSG00000279486	997		0
OR2AG2	ENSG00000188124	1070		0
OR2AJ1	ENSG00000177275	988		0
OR2AK2	ENSG00000187080	1107		0
OR2AP1	ENSG00000179615	931		0
OR2AT4	ENSG00000171561	1043		0
OR2B11	ENSG00000177535	955		0
OR2B2	ENSG00000168131	1212		0
OR2B3	ENSG00000204703	1008		0
OR2B6	ENSG00000124657	942		0
OR2C1	ENSG00000168158	1406		0
OR2C3	ENSG00000196242	2743		0
OR2D2	ENSG00000166368	927		0
OR2D3	ENSG00000178358	993		0
OR2F1	ENSG00000213215	1068		0
OR2F2	ENSG00000221910	954		0
OR2G2	ENSG00000177489	954		0
OR2G3	ENSG00000177476	930		0
OR2G6	ENSG00000188558	952		0
OR2H1	ENSG00000204688	3026		0
OR2H2	ENSG00000204657	1369		0
OR2J1	ENSG00000204702	1122		0
OR2J2	ENSG00000204700	956		0
OR2J3	ENSG00000204701	937		0
OR2K2	ENSG00000171133	952		0
OR2L13	ENSG00000196071	1689	ENSG00000289367	195
OR2L2	ENSG00000203663	940		0
OR2L3	ENSG00000198128	940		0
OR2L5	ENSG00000197454	940		0
OR2L8	ENSG00000279263	939		0
OR2M2	ENSG00000198601	1045		0
OR2M3	ENSG00000228198	940		0
OR2M4	ENSG00000171180	937		0
OR2M5	ENSG00000162727	939		0
OR2M7	ENSG00000177186	939		0
OR2S2	ENSG00000278889	1047		0
OR2T1	ENSG00000175143	990		0
OR2T10	ENSG00000184022	940		0
OR2T11	ENSG00000279301	1073		0
OR2T12	ENSG00000177201	964		0
OR2T2	ENSG00000196240	976		0
OR2T27	ENSG00000187701	955		0
OR2T29	ENSG00000182783	949		0
OR2T3	ENSG00000196539	957		0
OR2T33	ENSG00000177212	964		0
OR2T34	ENSG00000183310	957		0
OR2T35	ENSG00000177151	973		0
OR2T4	ENSG00000196944	963		0
OR2T5	ENSG00000203661	948		0
OR2T6	ENSG00000198104	928		0
OR2T8	ENSG00000177462	940		0
OR2V1	ENSG00000185372	949		0
OR2V2	ENSG00000182613	949		0
OR2W1	ENSG00000204704	963		0
OR2W3	ENSG00000238243	945		0
OR2Y1	ENSG00000174339	936		0
OR2Z1	ENSG00000181733	1057		0
OR3A1	ENSG00000180090	949		0
OR3A2	ENSG00000221882	1026		0
OR3A3	ENSG00000159961	954		0
OR4A15	ENSG00000181958	945		0
OR4A16	ENSG00000181961	987		0
OR4A47	ENSG00000237388	930		0
OR4B1	ENSG00000175619	930		0
OR4C11	ENSG00000172188	1046		0
OR4C12	ENSG00000221954	1063		0
OR4C13	ENSG00000258817	1029		0
OR4C15	ENSG00000181939	951		0
OR4C16	ENSG00000279514	933		0
OR4C3	ENSG00000176547	1036		0
OR4C5	ENSG00000176540	981		0
OR4C6	ENSG00000181903	931		0
OR4D1	ENSG00000141194	1022		0
OR4D10	ENSG00000254466	1025		0
OR4D11	ENSG00000176200	936		0
OR4D2	ENSG00000255713	925		0
OR4D5	ENSG00000171014	957		0
OR4D6	ENSG00000166884	945		0
OR4D9	ENSG00000172742	946		0
OR4E2	ENSG00000221977	943		0
OR4F15	ENSG00000182854	986		0
OR4F16	ENSG00000284662	939		0
OR4F17	ENSG00000176695	1155		0
OR4F21	ENSG00000176269	939		0
OR4F3	ENSG00000230178	995		0
OR4F4	ENSG00000177693	1054		0
OR4F5	ENSG00000186092	919		0
OR4F6	ENSG00000184140	989		0
OR4K1	ENSG00000155249	1036		0
OR4K13	ENSG00000176253	918		0
OR4K14	ENSG00000169484	935		0
OR4K15	ENSG00000169488	975		0
OR4K17	ENSG00000176230	971		0
OR4K2	ENSG00000165762	1065		0
OR4K5	ENSG00000176281	972		0
OR4L1	ENSG00000176246	939		0
OR4M1	ENSG00000176299	1064		0
OR4M2	ENSG00000274102	1084		0
OR4N2	ENSG00000176294	925		0
OR4N4	ENSG00000285472	1044	ENSG00000183706	1035
OR4N5	ENSG00000184394	928		0
OR4P4	ENSG00000181927	940		0
OR4Q2	ENSG00000196383	924		0
OR4Q3	ENSG00000182652	943		0
OR4S1	ENSG00000176555	930		0
OR4S2	ENSG00000174982	937		0
OR4X1	ENSG00000176567	918		0
OR4X2	ENSG00000172208	912		0
OR51A2	ENSG00000205496	942		0
OR51A4	ENSG00000205497	943		0
OR51A7	ENSG00000176895	940		0
OR51B2	ENSG00000279012	939		0
OR51B4	ENSG00000183251	933		0
OR51B5	ENSG00000167355	939		0
OR51B6	ENSG00000176239	939		0
OR51D1	ENSG00000197428	1062		0
OR51E1	ENSG00000180785	3050		0
OR51E2	ENSG00000167332	2781	ENSG00000197674	190
OR51F1	ENSG00000280021	939		0
OR51F2	ENSG00000176925	1030		0
OR51G1	ENSG00000278870	966		0
OR51G2	ENSG00000176893	946		0
OR51H1	ENSG00000176904	910	ENSG00000290649	910
OR51I1	ENSG00000167359	945		0
OR51I2	ENSG00000187918	940		0
OR51J1	ENSG00000184321	951		0
OR51L1	ENSG00000176798	949		0
OR51M1	ENSG00000184698	982		0
OR51Q1	ENSG00000167360	1096		0
OR51S1	ENSG00000176922	972		0
OR51T1	ENSG00000176900	984		0
OR51V1	ENSG00000176742	948		0
OR52A1	ENSG00000182070	1683		0
OR52A5	ENSG00000171944	952		0
OR52B2	ENSG00000255307	972		0
OR52B4	ENSG00000221996	1124		0
OR52B6	ENSG00000187747	1008		0
OR52D1	ENSG00000181609	1065		0
OR52E1	ENSG00000273085	926		0
OR52E2	ENSG00000176787	978		0
OR52E4	ENSG00000180974	1031		0
OR52E5	ENSG00000277932	1315		0
OR52E6	ENSG00000205409	970		0
OR52E8	ENSG00000183269	942		0
OR52H1	ENSG00000181616	963		0
OR52I1	ENSG00000232268	975		0
OR52I2	ENSG00000226288	1034		0
OR52J3	ENSG00000205495	936		0
OR52K1	ENSG00000196778	1031		0
OR52K2	ENSG00000181963	1067		0
OR52L1	ENSG00000183313	1094		0
OR52M1	ENSG00000197790	954		0
OR52N1	ENSG00000181001	964		0
OR52N2	ENSG00000180988	1036		0
OR52N4	ENSG00000181074	1037		0
OR52N5	ENSG00000181009	1025		0
OR52R1	ENSG00000279270	948		0
OR52W1	ENSG00000175485	963		0
OR52Z1	ENSG00000176748	897		0
OR56A1	ENSG00000180934	1057		0
OR56A3	ENSG00000184478	1023		0
OR56A4	ENSG00000183389	1044		0
OR56A5	ENSG00000188691	942		0
OR56B1	ENSG00000181023	976		0
OR56B4	ENSG00000180919	1152		0
OR5A1	ENSG00000172320	1052		0
OR5A2	ENSG00000172324	1035		0
OR5AC1	ENSG00000213439	925		0
OR5AC2	ENSG00000196578	930		0
OR5AK2	ENSG00000181273	930		0
OR5AL1	ENSG00000272987	985		0
OR5AN1	ENSG00000176495	1003		0
OR5AP2	ENSG00000172464	951		0
OR5AR1	ENSG00000172459	933		0
OR5AS1	ENSG00000181785	976		0
OR5AU1	ENSG00000169327	1199		0
OR5B12	ENSG00000172362	1052		0
OR5B17	ENSG00000197786	946		0
OR5B2	ENSG00000172365	1026		0
OR5B21	ENSG00000198283	932		0
OR5B3	ENSG00000172769	946		0
OR5C1	ENSG00000148215	963		0
OR5D13	ENSG00000279761	945		0
OR5D14	ENSG00000186113	945		0
OR5D16	ENSG00000205029	987		0
OR5D18	ENSG00000186119	942		0
OR5F1	ENSG00000149133	945		0
OR5G3	ENSG00000241356	930	ENSG00000290749	322
OR5H1	ENSG00000231192	943		0
OR5H14	ENSG00000236032	1038		0
OR5H15	ENSG00000233412	611	ENSG00000249321	324
OR5H2	ENSG00000197938	946		0
OR5H6	ENSG00000230301	979		0
OR5H8	ENSG00000232535	932	ENSG00000251088	97
OR5I1	ENSG00000167825	945		0
OR5J2	ENSG00000174957	939		0
OR5K1	ENSG00000232382	1011		0
OR5K2	ENSG00000231861	951		0
OR5K3	ENSG00000206536	966		0
OR5K4	ENSG00000196098	966		0
OR5L1	ENSG00000279395	1110		0
OR5L2	ENSG00000205030	936		0
OR5M1	ENSG00000255012	949		0
OR5M10	ENSG00000254834	948		0
OR5M11	ENSG00000255223	918		0
OR5M3	ENSG00000174937	925	ENSG00000284732	144
OR5M8	ENSG00000181371	936		0
OR5M9	ENSG00000284732	934	ENSG00000150269	933
OR5P2	ENSG00000183303	969		0
OR5P3	ENSG00000182334	937		0
OR5R1	ENSG00000279961	975		0
OR5T1	ENSG00000181698	982		0
OR5T2	ENSG00000181718	1081		0
OR5T3	ENSG00000172489	969		0
OR5V1	ENSG00000243729	1049	ENSG00000204694	104
OR5W2	ENSG00000187612	933		0
OR6A2	ENSG00000184933	1158		0
OR6B1	ENSG00000221813	1012		0
OR6B2	ENSG00000182083	939		0
OR6B3	ENSG00000178586	997		0
OR6C1	ENSG00000205330	1058		0
OR6C2	ENSG00000179695	940		0
OR6C3	ENSG00000205329	937		0
OR6C4	ENSG00000179626	1036		0
OR6C6	ENSG00000188324	946		0
OR6C65	ENSG00000205328	939		0
OR6C68	ENSG00000205327	939		0
OR6C70	ENSG00000184954	939		0
OR6C74	ENSG00000197706	1024		0
OR6C75	ENSG00000187857	940		0
OR6C76	ENSG00000185821	939		0
OR6F1	ENSG00000169214	928	ENSG00000239395	260
OR6J1	ENSG00000255804	1045		0
OR6K2	ENSG00000196171	975		0
OR6K3	ENSG00000203757	949		0
OR6K6	ENSG00000180433	1172		0
OR6M1	ENSG00000196099	942		0
OR6N1	ENSG00000197403	940		0
OR6N2	ENSG00000188340	955		0
OR6P1	ENSG00000186440	955		0
OR6Q1	ENSG00000279051	954		0
OR6S1	ENSG00000181803	996		0
OR6T1	ENSG00000181499	972		0
OR6V1	ENSG00000225781	942		0
OR6X1	ENSG00000221931	939		0
OR6Y1	ENSG00000197532	979		0
OR7A10	ENSG00000127515	931		0
OR7A17	ENSG00000185385	1028		0
OR7A5	ENSG00000188269	1049	ENSG00000127530	75
OR7C1	ENSG00000127530	1005		0
OR7C2	ENSG00000127529	960		0
OR7D2	ENSG00000188000	3049		0
OR7D4	ENSG00000174667	1002		0
OR7E24	ENSG00000237521	1550		0
OR7G1	ENSG00000161807	936		0
OR7G2	ENSG00000170923	992		0
OR7G3	ENSG00000170920	939		0
OR8A1	ENSG00000196119	1146		0
OR8B12	ENSG00000170953	933		0
OR8B2	ENSG00000284680	967		0
OR8B3	ENSG00000284609	988		0
OR8B4	ENSG00000280090	930		0
OR8B8	ENSG00000197125	977		0
OR8D1	ENSG00000196341	972		0
OR8D2	ENSG00000279116	936		0
OR8D4	ENSG00000181518	1060		0
OR8G5	ENSG00000255298	950		0
OR8H1	ENSG00000181693	1033		0
OR8H2	ENSG00000181767	940		0
OR8H3	ENSG00000181761	939		0
OR8I2	ENSG00000172154	933		0
OR8J1	ENSG00000172487	1062		0
OR8J2	ENSG00000254658	949		0
OR8J3	ENSG00000167822	949		0
OR8K1	ENSG00000150261	960		0
OR8K3	ENSG00000280314	940		0
OR8K5	ENSG00000181752	924		0
OR8S1	ENSG00000284723	888	ENSG00000293236	193
OR8U1	ENSG00000172199	930		0
OR9A2	ENSG00000179468	933		0
OR9A4	ENSG00000258083	1064		0
OR9G1	ENSG00000174914	919		0
OR9G4	ENSG00000172457	963		0
OR9I1	ENSG00000172377	946		0
OR9K2	ENSG00000170605	977		0
OR9Q1	ENSG00000186509	2488		0
OR9Q2	ENSG00000186513	1086		0
ORAI2	ENSG00000160991	10743		0
ORAI3	ENSG00000175938	2204	ENSG00000261487	276
ORAOV1	ENSG00000149716	2478		0
ORC1	ENSG00000085840	3121		0
ORC2	ENSG00000115942	4288		0
ORC3	ENSG00000135336	2498		0
ORC4	ENSG00000115947	6547		0
ORC5	ENSG00000164815	1924		0
ORC6	ENSG00000091651	1615		0
ORM1	ENSG00000229314	760		0
ORM2	ENSG00000228278	759		0
ORMDL1	ENSG00000128699	1985		0
ORMDL2	ENSG00000123353	2019		0
ORMDL3	ENSG00000172057	2109		0
OS9	ENSG00000135506	2680		0
OSBP	ENSG00000110048	4713		0
OSBP2	ENSG00000184792	4261		0
OSBPL10	ENSG00000144645	3625		0
OSBPL11	ENSG00000144909	4191		0
OSBPL1A	ENSG00000141447	4152	ENSG00000265750	169
OSBPL2	ENSG00000130703	3944		0
OSBPL3	ENSG00000070882	6749		0
OSBPL5	ENSG00000021762	3846		0
OSBPL6	ENSG00000079156	10514		0
OSBPL7	ENSG00000006025	3640		0
OSBPL8	ENSG00000091039	7202		0
OSBPL9	ENSG00000117859	2894		0
OSCAR	ENSG00000170909	1355		0
OSCP1	ENSG00000116885	1455		0
OSER1	ENSG00000132823	1477		0
OSGEP	ENSG00000092094	1710		0
OSGEPL1	ENSG00000128694	1885		0
OSGIN1	ENSG00000140961	1790		0
OSGIN2	ENSG00000164823	4230		0
OSM	ENSG00000099985	1854		0
OSMR	ENSG00000145623	5526		0
OSR1	ENSG00000143867	1906		0
OSR2	ENSG00000164920	1834		0
OST4	ENSG00000228474	437		0
OSTC	ENSG00000198856	1062		0
OSTF1	ENSG00000134996	1320		0
OSTM1	ENSG00000081087	4467		0
OSTN	ENSG00000188729	402		0
OTC	ENSG00000036473	1522		0
OTOA	ENSG00000155719	3611		0
OTOF	ENSG00000115155	7156		0
OTOG	ENSG00000188162	8843		0
OTOGL	ENSG00000165899	8084		0
OTOL1	ENSG00000182447	1434		0
OTOP1	ENSG00000163982	1865		0
OTOP2	ENSG00000183034	2148		0
OTOP3	ENSG00000182938	2268		0
OTOR	ENSG00000125879	1477		0
OTOS	ENSG00000178602	571		0
OTP	ENSG00000171540	2694		0
OTUB1	ENSG00000167770	992	ENSG00000256100	263
OTUB2	ENSG00000089723	3911		0
OTUD1	ENSG00000165312	2921		0
OTUD3	ENSG00000169914	6398		0
OTUD4	ENSG00000164164	3830		0
OTUD5	ENSG00000068308	2702		0
OTUD6A	ENSG00000189401	1690		0
OTUD6B	ENSG00000155100	3146		0
OTUD7A	ENSG00000169918	10681		0
OTULIN	ENSG00000154124	7801		0
OTX1	ENSG00000115507	2760		0
OTX2	ENSG00000165588	995		0
OVCA2	ENSG00000262664	1031	ENSG00000108963	826
OVCH1	ENSG00000187950	3109		0
OVGP1	ENSG00000085465	2196		0
OVOL1	ENSG00000172818	2988		0
OVOL2	ENSG00000125850	1544		0
OVOL3	ENSG00000105261	624		0
OVOS2	ENSG00000177359	4111	ENSG00000291250	396
OXA1L	ENSG00000155463	1562		0
OXCT1	ENSG00000083720	3294		0
OXCT2	ENSG00000198754	1826		0
OXER1	ENSG00000162881	1637		0
OXGR1	ENSG00000165621	2287		0
OXLD1	ENSG00000204237	620		0
OXNAD1	ENSG00000154814	3916		0
OXR1	ENSG00000164830	4074		0
OXSM	ENSG00000151093	1506		0
OXSR1	ENSG00000172939	4517		0
OXT	ENSG00000101405	513		0
OXTR	ENSG00000180914	4361		0
P2RX1	ENSG00000108405	2662		0
P2RX2	ENSG00000187848	1224		0
P2RX3	ENSG00000109991	1832		0
P2RX4	ENSG00000135124	1760		0
P2RX5	ENSG00000083454	2060	ENSG00000257950	1448
P2RX5-TAX1BP3	ENSG00000257950	5905	ENSG00000083454	1409
P2RX6	ENSG00000099957	2727		0
P2RX7	ENSG00000089041	5113		0
P2RY1	ENSG00000169860	6309		0
P2RY10	ENSG00000078589	1538		0
P2RY11	ENSG00000244165	1788	ENSG00000243207	1106
P2RY12	ENSG00000169313	1708		0
P2RY13	ENSG00000181631	2764		0
P2RY14	ENSG00000174944	2513		0
P2RY2	ENSG00000175591	2108		0
P2RY4	ENSG00000186912	1596		0
P2RY6	ENSG00000171631	1435		0
P2RY8	ENSG00000182162	4189		0
P3H1	ENSG00000117385	2586		0
P3H2	ENSG00000090530	3477		0
P3H4	ENSG00000141696	2352		0
P4HA1	ENSG00000122884	2666		0
P4HA2	ENSG00000072682	2759		0
P4HA3	ENSG00000149380	2255		0
P4HB	ENSG00000185624	2437		0
P4HTM	ENSG00000178467	1733		0
PA2G4	ENSG00000170515	2337	ENSG00000257411	458
PAAF1	ENSG00000175575	4954		0
PABPC1	ENSG00000070756	2861	ENSG00000284570	57
PABPC1L	ENSG00000101104	2126		0
PABPC1L2A	ENSG00000186288	2237		0
PABPC1L2B	ENSG00000184388	2198		0
PABPC3	ENSG00000151846	3119	ENSG00000289006	2090
PABPC4	ENSG00000090621	3016		0
PABPC4L	ENSG00000254535	4944		0
PABPC5	ENSG00000174740	3206		0
PABPN1	ENSG00000100836	1811	ENSG00000258643	1459
PABPN1L	ENSG00000205022	1272		0
PACRG	ENSG00000112530	1356		0
PACRGL	ENSG00000163138	1537		0
PACS1	ENSG00000175115	4390		0
PACS2	ENSG00000179364	3375		0
PACSIN1	ENSG00000124507	4284		0
PACSIN2	ENSG00000100266	3247		0
PACSIN3	ENSG00000165912	1844		0
PADI1	ENSG00000142623	3844		0
PADI2	ENSG00000117115	4345		0
PADI3	ENSG00000142619	3189		0
PADI4	ENSG00000159339	2267		0
PAEP	ENSG00000122133	991		0
PAF1	ENSG00000006712	1978		0
PAFAH1B1	ENSG00000007168	5498		0
PAFAH1B2	ENSG00000168092	4175		0
PAFAH1B3	ENSG00000079462	1001		0
PAFAH2	ENSG00000158006	3487		0
PAG1	ENSG00000076641	10744		0
PAGE1	ENSG00000068985	657		0
PAGE2	ENSG00000234068	541		0
PAGE2B	ENSG00000238269	494		0
PAGE3	ENSG00000204279	742		0
PAGE4	ENSG00000101951	450		0
PAGE5	ENSG00000158639	543		0
PAGR1	ENSG00000280789	1502	ENSG00000280893	1123
PAH	ENSG00000171759	3759		0
PAICS	ENSG00000128050	3160		0
PAIP1	ENSG00000172239	2780		0
PAIP2	ENSG00000120727	1437		0
PAIP2B	ENSG00000124374	6280		0
PAK1	ENSG00000149269	3427		0
PAK1IP1	ENSG00000111845	1523		0
PAK2	ENSG00000180370	6139		0
PAK3	ENSG00000077264	2133		0
PAK4	ENSG00000130669	2740		0
PAK6	ENSG00000137843	2548	ENSG00000259288	305
PAK7	ENSG00000101349	4465		0
PALB2	ENSG00000083093	4004		0
PALD1	ENSG00000107719	4556		0
PALLD	ENSG00000129116	5794		0
PALM	ENSG00000099864	2726		0
PALM2	ENSG00000157654	396		0
PALM2-AKAP2	ENSG00000157654	7508		0
PALM3	ENSG00000187867	2260		0
PALMD	ENSG00000099260	2334		0
PAM	ENSG00000145730	3154		0
PAM16	ENSG00000217930	533	ENSG00000103426	443
PAN2	ENSG00000135473	4523		0
PAN3	ENSG00000152520	2794		0
PANK1	ENSG00000152782	2512		0
PANK2	ENSG00000125779	1988		0
PANK3	ENSG00000120137	10274	ENSG00000253861	1451
PANK4	ENSG00000157881	2641		0
PANO1	ENSG00000288675	1680		0
PANX1	ENSG00000110218	2766		0
PANX2	ENSG00000073150	3051		0
PANX3	ENSG00000154143	1668		0
PAOX	ENSG00000148832	1830	ENSG00000254536	1364
PAPD4	ENSG00000164329	3502		0
PAPD5	ENSG00000121274	4521		0
PAPD7	ENSG00000112941	5030		0
PAPL	ENSG00000183760	2903		0
PAPLN	ENSG00000100767	3933		0
PAPOLA	ENSG00000090060	4510		0
PAPOLB	ENSG00000218823	4257		0
PAPOLG	ENSG00000115421	4225		0
PAPPA	ENSG00000182752	10959		0
PAPPA2	ENSG00000116183	9683		0
PAPSS1	ENSG00000138801	2513		0
PAPSS2	ENSG00000198682	3684		0
PAQR3	ENSG00000163291	9811		0
PAQR4	ENSG00000162073	2685		0
PAQR5	ENSG00000137819	5338	ENSG00000207395	112
PAQR6	ENSG00000160781	1875		0
PAQR7	ENSG00000182749	2464		0
PAQR8	ENSG00000170915	4715		0
PAQR9	ENSG00000188582	2445		0
PARD3	ENSG00000148498	5971		0
PARD3B	ENSG00000116117	8175		0
PARD6A	ENSG00000102981	1244		0
PARD6B	ENSG00000124171	4579		0
PARD6G	ENSG00000178184	3836		0
PARK2	ENSG00000185345	4176		0
PARK7	ENSG00000116288	901		0
PARL	ENSG00000175193	1388	ENSG00000283765	1071
PARM1	ENSG00000169116	5011		0
PARN	ENSG00000140694	3071		0
PARP1	ENSG00000143799	3958		0
PARP10	ENSG00000178685	3498		0
PARP11	ENSG00000111224	4424		0
PARP12	ENSG00000059378	3021		0
PARP14	ENSG00000173193	7694		0
PARP15	ENSG00000173200	2108		0
PARP16	ENSG00000138617	2723		0
PARP2	ENSG00000129484	1827		0
PARP3	ENSG00000041880	2332		0
PARP4	ENSG00000102699	5437		0
PARP6	ENSG00000137817	2788	ENSG00000273025	356
PARP8	ENSG00000151883	2577		0
PARP9	ENSG00000138496	2955		0
PARPBP	ENSG00000185480	3015		0
PARS2	ENSG00000162396	2347		0
PARVA	ENSG00000197702	4072		0
PARVB	ENSG00000188677	5394	ENSG00000280434	154
PARVG	ENSG00000138964	3226		0
PASD1	ENSG00000166049	3110		0
PASK	ENSG00000115687	4540		0
PATE1	ENSG00000171053	1528		0
PATE2	ENSG00000196844	1657		0
PATE3	ENSG00000236027	1320		0
PATE4	ENSG00000237353	1983		0
PATL1	ENSG00000166889	4072		0
PATL2	ENSG00000229474	1913		0
PATZ1	ENSG00000100105	3781		0
PAWR	ENSG00000177425	8991		0
PAX1	ENSG00000125813	2834		0
PAX2	ENSG00000075891	4058		0
PAX3	ENSG00000135903	2259		0
PAX4	ENSG00000106331	1815		0
PAX5	ENSG00000196092	8616		0
PAX6	ENSG00000007372	2305		0
PAX7	ENSG00000009709	5539		0
PAX8	ENSG00000125618	4055		0
PAX9	ENSG00000198807	2608		0
PAXBP1	ENSG00000159086	3892		0
PAXIP1	ENSG00000157212	3824		0
PBDC1	ENSG00000102390	1075		0
PBK	ENSG00000168078	1836		0
PBLD	ENSG00000108187	2587		0
PBOV1	ENSG00000254440	2506		0
PBRM1	ENSG00000163939	5146		0
PBX1	ENSG00000185630	6637		0
PBX2	ENSG00000204304	3206	ENSG00000273333	655
PBX3	ENSG00000167081	2776		0
PBX4	ENSG00000105717	1495		0
PBXIP1	ENSG00000163346	3207		0
PC	ENSG00000173599	4006		0
PCBD1	ENSG00000166228	787		0
PCBD2	ENSG00000132570	998		0
PCBP1	ENSG00000169564	1727		0
PCBP2	ENSG00000197111	1458	ENSG00000257379	862
PCBP3	ENSG00000183570	2167	ENSG00000280604	42
PCBP4	ENSG00000090097	2008	ENSG00000272762	93
PCCA	ENSG00000175198	2484		0
PCCB	ENSG00000114054	1799		0
PCDH1	ENSG00000156453	4794		0
PCDH10	ENSG00000138650	8490		0
PCDH11X	ENSG00000102290	8378		0
PCDH11Y	ENSG00000099715	8240		0
PCDH12	ENSG00000113555	5703		0
PCDH15	ENSG00000150275	4882		0
PCDH17	ENSG00000118946	8233		0
PCDH18	ENSG00000189184	5906		0
PCDH19	ENSG00000165194	7938		0
PCDH20	ENSG00000280165	4778	ENSG00000197991	4577
PCDH7	ENSG00000169851	4183		0
PCDH8	ENSG00000136099	5088		0
PCDH9	ENSG00000184226	5709		0
PCDHA1	ENSG00000204970	5264	ENSG00000081842	2869
PCDHA10	ENSG00000250120	5255	ENSG00000081842	2866
PCDHA11	ENSG00000249158	5404	ENSG00000081842	2866
PCDHA12	ENSG00000251664	5234	ENSG00000081842	2866
PCDHA13	ENSG00000239389	5261	ENSG00000081842	2866
PCDHA2	ENSG00000204969	5255	ENSG00000081842	2866
PCDHA3	ENSG00000255408	5261	ENSG00000081842	2866
PCDHA4	ENSG00000204967	5252	ENSG00000081842	2866
PCDHA5	ENSG00000204965	5219	ENSG00000081842	2866
PCDHA7	ENSG00000204963	5222	ENSG00000081842	2866
PCDHA8	ENSG00000204962	5261	ENSG00000081842	2866
PCDHA9	ENSG00000204961	5374	ENSG00000081842	2866
PCDHAC1	ENSG00000248383	5300	ENSG00000081842	2866
PCDHAC2	ENSG00000243232	5722	ENSG00000081842	2866
PCDHB1	ENSG00000171815	7971		0
PCDHB11	ENSG00000197479	4153		0
PCDHB12	ENSG00000120328	3853		0
PCDHB13	ENSG00000187372	5061		0
PCDHB14	ENSG00000120327	4417	ENSG00000279983	169
PCDHB15	ENSG00000113248	3971	ENSG00000279983	379
PCDHB3	ENSG00000113205	3355		0
PCDHB4	ENSG00000081818	3806		0
PCDHB5	ENSG00000113209	3399		0
PCDHB6	ENSG00000113211	3231		0
PCDHB7	ENSG00000113212	3740		0
PCDHB8	ENSG00000120322	2740		0
PCDHGA1	ENSG00000204956	4599	ENSG00000081853	2177
PCDHGA10	ENSG00000253846	4614	ENSG00000081853	2177
PCDHGA11	ENSG00000253873	4644	ENSG00000081853	2177
PCDHGA12	ENSG00000253159	4744	ENSG00000081853	2177
PCDHGA2	ENSG00000081853	4602	ENSG00000204956	2177
PCDHGA3	ENSG00000254245	4768	ENSG00000081853	2177
PCDHGA4	ENSG00000262576	4775	ENSG00000081853	2177
PCDHGA5	ENSG00000253485	4599	ENSG00000081853	2177
PCDHGA6	ENSG00000253731	4772	ENSG00000081853	2177
PCDHGA7	ENSG00000253537	4602	ENSG00000081853	2177
PCDHGA8	ENSG00000253767	4602	ENSG00000081853	2177
PCDHGA9	ENSG00000261934	4602	ENSG00000081853	2177
PCDHGB1	ENSG00000254221	4587	ENSG00000081853	2177
PCDHGB2	ENSG00000253910	4599	ENSG00000081853	2177
PCDHGB3	ENSG00000262209	2416		0
PCDHGB4	ENSG00000253953	4575	ENSG00000081853	2177
PCDHGB5	ENSG00000276547	4575	ENSG00000081853	2177
PCDHGB6	ENSG00000253305	4596	ENSG00000081853	2177
PCDHGB7	ENSG00000254122	4762	ENSG00000081853	2177
PCDHGC3	ENSG00000240184	4722	ENSG00000081853	2177
PCDHGC4	ENSG00000242419	4620	ENSG00000081853	2177
PCDHGC5	ENSG00000240764	4758	ENSG00000081853	2177
PCED1A	ENSG00000132635	1979		0
PCED1B	ENSG00000179715	2310		0
PCF11	ENSG00000165494	5877		0
PCGF1	ENSG00000115289	907		0
PCGF2	ENSG00000277258	2603		0
PCGF5	ENSG00000180628	6967		0
PCGF6	ENSG00000156374	2230		0
PCID2	ENSG00000126226	1857		0
PCIF1	ENSG00000100982	2689		0
PCK1	ENSG00000124253	4311		0
PCK2	ENSG00000100889	2179		0
PCLO	ENSG00000186472	20284		0
PCM1	ENSG00000078674	6672		0
PCMT1	ENSG00000120265	882		0
PCMTD1	ENSG00000168300	4044		0
PCMTD2	ENSG00000203880	3840		0
PCNA	ENSG00000132646	1276		0
PCNP	ENSG00000081154	2257		0
PCNT	ENSG00000160299	10526	ENSG00000286224	116
PCNX	ENSG00000100731	12865		0
PCNXL2	ENSG00000135749	7518	ENSG00000251508	310
PCNXL3	ENSG00000197136	7102		0
PCNXL4	ENSG00000126773	4662		0
PCOLCE	ENSG00000106333	1516		0
PCOLCE2	ENSG00000163710	1896		0
PCP2	ENSG00000174788	747		0
PCP4	ENSG00000183036	534		0
PCP4L1	ENSG00000248485	1406		0
PCSK1	ENSG00000175426	5055		0
PCSK1N	ENSG00000102109	1025		0
PCSK2	ENSG00000125851	4691		0
PCSK5	ENSG00000099139	3104		0
PCSK7	ENSG00000160613	4197		0
PCSK9	ENSG00000169174	3637		0
PCTP	ENSG00000141179	1972		0
PCYOX1	ENSG00000116005	5339		0
PCYOX1L	ENSG00000145882	2507		0
PCYT1A	ENSG00000161217	5533	ENSG00000272741	321
PCYT1B	ENSG00000102230	1693		0
PCYT2	ENSG00000185813	5083		0
PDAP1	ENSG00000106244	2315		0
PDC	ENSG00000116703	1234		0
PDCD1	ENSG00000188389	2097		0
PDCD10	ENSG00000114209	2067		0
PDCD11	ENSG00000148843	6454		0
PDCD1LG2	ENSG00000197646	2366		0
PDCD2	ENSG00000071994	3355		0
PDCD2L	ENSG00000126249	1156	ENSG00000266953	432
PDCD4	ENSG00000150593	3481	ENSG00000284482	66
PDCD5	ENSG00000105185	577		0
PDCD6	ENSG00000286001	1117	ENSG00000249915	1110
PDCD6IP	ENSG00000170248	5883		0
PDCD7	ENSG00000090470	2823		0
PDCL	ENSG00000136940	2771		0
PDCL2	ENSG00000163440	862		0
PDCL3	ENSG00000115539	1034		0
PDDC1	ENSG00000177225	4358		0
PDE10A	ENSG00000112541	4402		0
PDE11A	ENSG00000128655	9276		0
PDE12	ENSG00000174840	8774		0
PDE1A	ENSG00000115252	4578		0
PDE1B	ENSG00000123360	3193		0
PDE1C	ENSG00000154678	1893		0
PDE2A	ENSG00000186642	4284		0
PDE3A	ENSG00000172572	7577		0
PDE3B	ENSG00000152270	5995		0
PDE4A	ENSG00000065989	2188		0
PDE4B	ENSG00000184588	3825		0
PDE4C	ENSG00000285188	5979	ENSG00000105650	4861
PDE4D	ENSG00000113448	2952		0
PDE5A	ENSG00000138735	6959		0
PDE6A	ENSG00000132915	5643		0
PDE6B	ENSG00000133256	3233		0
PDE6C	ENSG00000095464	3308		0
PDE6D	ENSG00000156973	1140		0
PDE6G	ENSG00000185527	988		0
PDE6H	ENSG00000139053	727		0
PDE7A	ENSG00000205268	2223		0
PDE7B	ENSG00000171408	5385		0
PDE8A	ENSG00000073417	3919		0
PDE8B	ENSG00000113231	4406	ENSG00000284762	2889
PDE9A	ENSG00000160191	1884		0
PDF	ENSG00000258429	1152	ENSG00000213380	560
PDGFA	ENSG00000197461	2305		0
PDGFB	ENSG00000100311	3497		0
PDGFC	ENSG00000145431	4165		0
PDGFD	ENSG00000170962	3820		0
PDGFRA	ENSG00000134853	6378	ENSG00000282278	1533
PDGFRB	ENSG00000113721	5700		0
PDGFRL	ENSG00000104213	1497		0
PDHA1	ENSG00000131828	3311		0
PDHA2	ENSG00000163114	1372		0
PDHB	ENSG00000168291	1507		0
PDHX	ENSG00000110435	2343		0
PDIA2	ENSG00000185615	1686		0
PDIA3	ENSG00000167004	3680		0
PDIA4	ENSG00000155660	2767		0
PDIA5	ENSG00000065485	1800	ENSG00000284421	1
PDIA6	ENSG00000143870	2279		0
PDIK1L	ENSG00000175087	3996		0
PDILT	ENSG00000169340	2148		0
PDK1	ENSG00000152256	14072		0
PDK2	ENSG00000005882	3364		0
PDK3	ENSG00000067992	1741		0
PDK4	ENSG00000004799	3576		0
PDLIM1	ENSG00000107438	1431		0
PDLIM2	ENSG00000120913	1440	ENSG00000248235	442
PDLIM3	ENSG00000154553	1766		0
PDLIM4	ENSG00000131435	2257		0
PDLIM5	ENSG00000163110	6043		0
PDLIM7	ENSG00000196923	1690		0
PDP1	ENSG00000164951	4204		0
PDP2	ENSG00000172840	6992		0
PDPK1	ENSG00000140992	7184		0
PDPN	ENSG00000162493	2737		0
PDPR	ENSG00000090857	8549		0
PDRG1	ENSG00000088356	1953		0
PDS5A	ENSG00000121892	7131		0
PDS5B	ENSG00000083642	7472		0
PDSS1	ENSG00000148459	1584		0
PDSS2	ENSG00000164494	3535		0
PDX1	ENSG00000139515	2502		0
PDXDC1	ENSG00000179889	4522		0
PDXK	ENSG00000160209	7341		0
PDXP	ENSG00000241360	2009	ENSG00000285304	1378
PDYN	ENSG00000101327	2408		0
PDZD11	ENSG00000120509	991		0
PDZD2	ENSG00000133401	11705		0
PDZD3	ENSG00000172367	2253		0
PDZD4	ENSG00000067840	3690		0
PDZD7	ENSG00000186862	1744		0
PDZD8	ENSG00000165650	9672		0
PDZD9	ENSG00000155714	1260		0
PDZK1IP1	ENSG00000162366	828		0
PDZRN3	ENSG00000121440	4249		0
PDZRN4	ENSG00000165966	3348		0
PEA15	ENSG00000162734	2420		0
PEAK1	ENSG00000173517	11675		0
PEAR1	ENSG00000187800	4873		0
PEBP1	ENSG00000089220	1431		0
PEBP4	ENSG00000134020	895		0
PECR	ENSG00000115425	1847		0
PEF1	ENSG00000162517	1614		0
PEG10	ENSG00000242265	2574		0
PEG3	ENSG00000198300	8724	ENSG00000269699	913
PELI1	ENSG00000197329	3716		0
PELI2	ENSG00000139946	5871		0
PELI3	ENSG00000174516	2623		0
PELO	ENSG00000152684	4348	ENSG00000213949	476
PELP1	ENSG00000141456	5084		0
PEMT	ENSG00000133027	843		0
PENK	ENSG00000181195	1122		0
PEPD	ENSG00000124299	1907		0
PER1	ENSG00000179094	4676	ENSG00000263620	30
PER2	ENSG00000132326	6379		0
PER3	ENSG00000049246	6206		0
PERM1	ENSG00000187642	3341		0
PERP	ENSG00000112378	4198		0
PES1	ENSG00000100029	2265		0
PET100	ENSG00000229833	663	ENSG00000268400	129
PET117	ENSG00000232838	1142	ENSG00000149474	892
PEX1	ENSG00000127980	4369		0
PEX10	ENSG00000157911	1991		0
PEX11A	ENSG00000166821	2708		0
PEX11G	ENSG00000104883	1062		0
PEX12	ENSG00000108733	2617		0
PEX13	ENSG00000162928	4471		0
PEX14	ENSG00000142655	1922		0
PEX16	ENSG00000121680	1158		0
PEX19	ENSG00000162735	3649	ENSG00000258465	487
PEX2	ENSG00000164751	4169		0
PEX26	ENSG00000215193	18379	ENSG00000288683	954
PEX3	ENSG00000034693	1970	ENSG00000278206	98
PEX5	ENSG00000139197	1955		0
PEX5L	ENSG00000114757	9082		0
PEX6	ENSG00000124587	3440		0
PEX7	ENSG00000112357	1454		0
PF4	ENSG00000163737	508	ENSG00000288796	343
PF4V1	ENSG00000109272	415		0
PFAS	ENSG00000178921	5368		0
PFDN1	ENSG00000113068	1333		0
PFDN2	ENSG00000143256	598		0
PFDN4	ENSG00000101132	1222		0
PFDN5	ENSG00000123349	596	ENSG00000288663	544
PFDN6	ENSG00000204220	586	ENSG00000284064	1
PFKFB1	ENSG00000158571	1929		0
PFKFB2	ENSG00000123836	7073		0
PFKFB3	ENSG00000170525	1670		0
PFKFB4	ENSG00000114268	3499		0
PFKM	ENSG00000152556	3090	ENSG00000275770	1
PFKP	ENSG00000067057	2626	ENSG00000278419	120
PFN1	ENSG00000108518	807		0
PFN2	ENSG00000070087	2047		0
PFN3	ENSG00000196570	528		0
PFN4	ENSG00000176732	832		0
PGA3	ENSG00000229859	1613		0
PGA4	ENSG00000229183	1384	ENSG00000256220	152
PGA5	ENSG00000256713	1382	ENSG00000256220	115
PGAM1	ENSG00000171314	1799		0
PGAM2	ENSG00000164708	837		0
PGAM4	ENSG00000226784	766		0
PGAM5	ENSG00000247077	2811	ENSG00000256632	55
PGAP1	ENSG00000197121	11090		0
PGAP2	ENSG00000148985	1180		0
PGAP3	ENSG00000161395	2687		0
PGBD1	ENSG00000137338	3080	ENSG00000276302	10
PGBD2	ENSG00000185220	2137		0
PGBD3	ENSG00000225830	195		0
PGBD4	ENSG00000182405	6602		0
PGBD5	ENSG00000177614	1422		0
PGC	ENSG00000096088	1371		0
PGD	ENSG00000142657	1886		0
PGF	ENSG00000119630	1740		0
PGGT1B	ENSG00000164219	9545		0
PGK1	ENSG00000102144	4812		0
PGK2	ENSG00000170950	1626		0
PGLS	ENSG00000130313	1008		0
PGLYRP1	ENSG00000008438	708		0
PGLYRP2	ENSG00000161031	1879		0
PGLYRP3	ENSG00000159527	1162		0
PGLYRP4	ENSG00000163218	1834		0
PGM1	ENSG00000079739	2337		0
PGM2	ENSG00000169299	3211		0
PGM2L1	ENSG00000165434	8476		0
PGM3	ENSG00000013375	6079		0
PGM5	ENSG00000154330	3339		0
PGP	ENSG00000184207	2728		0
PGPEP1	ENSG00000130517	7081		0
PGPEP1L	ENSG00000183571	903		0
PGR	ENSG00000082175	13037		0
PGRMC1	ENSG00000101856	1879		0
PGRMC2	ENSG00000164040	2769		0
PGS1	ENSG00000087157	2192		0
PHACTR1	ENSG00000112137	2686		0
PHACTR2	ENSG00000112419	1713	ENSG00000257065	119
PHACTR3	ENSG00000087495	2729		0
PHACTR4	ENSG00000204138	2847		0
PHAX	ENSG00000164902	3609		0
PHB	ENSG00000167085	1810		0
PHB2	ENSG00000215021	1355		0
PHC1	ENSG00000111752	4284		0
PHC2	ENSG00000134686	3871	ENSG00000284154	12
PHC3	ENSG00000173889	12652		0
PHEX	ENSG00000102174	6173		0
PHF1	ENSG00000112511	2263		0
PHF10	ENSG00000130024	1720		0
PHF11	ENSG00000136147	1349		0
PHF12	ENSG00000109118	2619		0
PHF13	ENSG00000116273	3632		0
PHF14	ENSG00000106443	3396		0
PHF19	ENSG00000119403	4102		0
PHF2	ENSG00000197724	5392		0
PHF20	ENSG00000025293	5879		0
PHF20L1	ENSG00000129292	3346		0
PHF21A	ENSG00000135365	2731		0
PHF21B	ENSG00000056487	3671		0
PHF23	ENSG00000040633	1978		0
PHF24	ENSG00000122733	5719		0
PHF3	ENSG00000118482	8234		0
PHF5A	ENSG00000100410	1053		0
PHF6	ENSG00000156531	4430		0
PHF7	ENSG00000010318	2127		0
PHF8	ENSG00000172943	6058		0
PHGDH	ENSG00000092621	1866		0
PHGR1	ENSG00000233041	436		0
PHIP	ENSG00000146247	10461		0
PHKA1	ENSG00000067177	6020		0
PHKA2	ENSG00000044446	5076		0
PHKB	ENSG00000102893	3590		0
PHKG1	ENSG00000164776	1388		0
PHKG2	ENSG00000156873	5384	ENSG00000260899	511
PHLDA1	ENSG00000139289	5913		0
PHLDA2	ENSG00000181649	920		0
PHLDA3	ENSG00000174307	2641	ENSG00000224818	598
PHLDB1	ENSG00000019144	5360	ENSG00000284246	9
PHLDB2	ENSG00000144824	6042		0
PHLDB3	ENSG00000176531	2402		0
PHLPP1	ENSG00000081913	6299		0
PHLPP2	ENSG00000040199	8317		0
PHOSPHO1	ENSG00000173868	1812		0
PHOSPHO2	ENSG00000144362	1119		0
PHOX2A	ENSG00000165462	1699		0
PHOX2B	ENSG00000109132	2785		0
PHPT1	ENSG00000054148	575		0
PHRF1	ENSG00000070047	5229		0
PHTF1	ENSG00000116793	2956		0
PHTF2	ENSG00000006576	3526		0
PHYH	ENSG00000107537	1541		0
PHYHD1	ENSG00000175287	2046	ENSG00000251184	94
PHYHIP	ENSG00000168490	2976		0
PHYHIPL	ENSG00000165443	3521		0
PHYKPL	ENSG00000175309	2039		0
PI15	ENSG00000137558	6733		0
PI16	ENSG00000164530	1883		0
PI3	ENSG00000124102	551		0
PI4K2A	ENSG00000155252	4190	ENSG00000249967	1173
PI4K2B	ENSG00000038210	3482		0
PI4KA	ENSG00000241973	6751		0
PI4KB	ENSG00000143393	3541		0
PIANP	ENSG00000139200	2138		0
PIAS1	ENSG00000033800	7979		0
PIAS2	ENSG00000078043	11076		0
PIAS4	ENSG00000105229	3069		0
PIBF1	ENSG00000083535	3080		0
PICALM	ENSG00000073921	2341		0
PICK1	ENSG00000100151	1960		0
PID1	ENSG00000153823	2534		0
PIDD1	ENSG00000177595	2984		0
PIEZO1	ENSG00000103335	8073		0
PIEZO2	ENSG00000154864	8260		0
PIF1	ENSG00000140451	2667		0
PIFO	ENSG00000173947	2293		0
PIGA	ENSG00000165195	3590		0
PIGB	ENSG00000069943	1910		0
PIGBOS1	ENSG00000225973	866		0
PIGC	ENSG00000135845	1447		0
PIGF	ENSG00000151665	1294		0
PIGG	ENSG00000174227	3204		0
PIGH	ENSG00000100564	1394		0
PIGK	ENSG00000142892	4597		0
PIGL	ENSG00000108474	1137		0
PIGM	ENSG00000143315	4319		0
PIGN	ENSG00000197563	5502		0
PIGO	ENSG00000165282	4067		0
PIGP	ENSG00000185808	707		0
PIGR	ENSG00000162896	4275		0
PIGS	ENSG00000087111	2529		0
PIGT	ENSG00000124155	2168	ENSG00000273555	1
PIGV	ENSG00000060642	2368		0
PIGY	ENSG00000145337	218	ENSG00000255072	218
PIGZ	ENSG00000119227	2688		0
PIH1D1	ENSG00000104872	1193		0
PIH1D2	ENSG00000150773	1053		0
PIH1D3	ENSG00000080572	1652		0
PIK3AP1	ENSG00000155629	4800		0
PIK3C2A	ENSG00000011405	8224		0
PIK3C2B	ENSG00000133056	7208		0
PIK3C2G	ENSG00000139144	4841		0
PIK3C3	ENSG00000078142	9415		0
PIK3CA	ENSG00000121879	9094		0
PIK3CB	ENSG00000051382	5920		0
PIK3CD	ENSG00000171608	5204		0
PIK3CG	ENSG00000105851	3824		0
PIK3IP1	ENSG00000100100	2420		0
PIK3R1	ENSG00000145675	6975		0
PIK3R2	ENSG00000105647	3980	ENSG00000268173	3947
PIK3R3	ENSG00000117461	5596	ENSG00000278139	1292
PIK3R4	ENSG00000196455	5016		0
PIK3R5	ENSG00000141506	4491		0
PIKFYVE	ENSG00000115020	9897		0
PILRA	ENSG00000085514	1271	ENSG00000289691	117
PILRB	ENSG00000272752	2007	ENSG00000121716	1124
PIM1	ENSG00000137193	2651		0
PIM2	ENSG00000102096	2075		0
PIM3	ENSG00000198355	2102	ENSG00000276753	1
PIN1	ENSG00000127445	998		0
PIN4	ENSG00000102309	1239		0
PINK1	ENSG00000158828	2657	ENSG00000284005	110
PINLYP	ENSG00000234465	910		0
PINX1	ENSG00000254093	1545	ENSG00000258724	485
PIP	ENSG00000159763	578		0
PIP4K2A	ENSG00000150867	3797		0
PIP4K2B	ENSG00000276293	5383		0
PIP4K2C	ENSG00000166908	2878		0
PIP5K1B	ENSG00000107242	2655		0
PIP5K1C	ENSG00000186111	5069		0
PIP5KL1	ENSG00000167103	2176		0
PIPOX	ENSG00000179761	2169		0
PIR	ENSG00000087842	1274		0
PIRT	ENSG00000233670	3453	ENSG00000284876	150
PISD	ENSG00000241878	2030	ENSG00000284082	6
PITHD1	ENSG00000057757	1590		0
PITPNA	ENSG00000174238	3888		0
PITPNB	ENSG00000180957	2914		0
PITPNC1	ENSG00000154217	1125		0
PITPNM1	ENSG00000110697	4041		0
PITPNM2	ENSG00000090975	6736		0
PITPNM3	ENSG00000091622	7087		0
PITRM1	ENSG00000107959	3426		0
PITX1	ENSG00000069011	2337		0
PITX2	ENSG00000164093	2294		0
PITX3	ENSG00000107859	1185		0
PIWIL1	ENSG00000125207	3897		0
PIWIL2	ENSG00000197181	5109		0
PIWIL3	ENSG00000184571	3477		0
PIWIL4	ENSG00000134627	3139		0
PJA1	ENSG00000181191	2280		0
PJA2	ENSG00000198961	4856		0
PKD1	ENSG00000008710	14139	ENSG00000284008	9
PKD1L1	ENSG00000158683	9068		0
PKD1L2	ENSG00000166473	7378		0
PKD2	ENSG00000118762	5057		0
PKD2L1	ENSG00000107593	2786		0
PKD2L2	ENSG00000078795	1808		0
PKDCC	ENSG00000162878	2490		0
PKDREJ	ENSG00000130943	7681		0
PKHD1	ENSG00000170927	16271		0
PKHD1L1	ENSG00000205038	13077		0
PKIA	ENSG00000171033	3962		0
PKIG	ENSG00000168734	1145		0
PKLR	ENSG00000143627	2084		0
PKM	ENSG00000067225	2303		0
PKMYT1	ENSG00000127564	1870		0
PKN1	ENSG00000123143	3070		0
PKN2	ENSG00000065243	6070		0
PKN3	ENSG00000160447	3374		0
PKNOX1	ENSG00000160199	4951		0
PKNOX2	ENSG00000165495	3642		0
PKP1	ENSG00000081277	5326		0
PKP2	ENSG00000057294	4229		0
PKP3	ENSG00000184363	2810		0
PKP4	ENSG00000144283	4444		0
PLA1A	ENSG00000144837	1743		0
PLA2G10	ENSG00000069764	636		0
PLA2G12A	ENSG00000123739	5219	ENSG00000285330	823
PLA2G12B	ENSG00000138308	1129		0
PLA2G15	ENSG00000103066	2694		0
PLA2G16	ENSG00000176485	1026		0
PLA2G1B	ENSG00000170890	551		0
PLA2G2A	ENSG00000188257	846		0
PLA2G2C	ENSG00000187980	405		0
PLA2G2D	ENSG00000117215	2651		0
PLA2G2E	ENSG00000188784	785		0
PLA2G2F	ENSG00000158786	2719		0
PLA2G3	ENSG00000100078	2599		0
PLA2G4A	ENSG00000116711	2876		0
PLA2G4B	ENSG00000243708	2696	ENSG00000168970	2620
PLA2G4C	ENSG00000105499	1985		0
PLA2G4D	ENSG00000159337	3585		0
PLA2G4E	ENSG00000188089	4596		0
PLA2G4F	ENSG00000168907	5587		0
PLA2G5	ENSG00000127472	1162		0
PLA2G6	ENSG00000184381	3271		0
PLA2G7	ENSG00000146070	1882		0
PLA2R1	ENSG00000153246	8527		0
PLAA	ENSG00000137055	4014		0
PLAC1	ENSG00000170965	1119		0
PLAC8	ENSG00000145287	1374		0
PLAC8L1	ENSG00000173261	639		0
PLAC9	ENSG00000189129	776		0
PLAG1	ENSG00000181690	7311		0
PLAGL1	ENSG00000118495	3268	ENSG00000283122	174
PLAGL2	ENSG00000126003	5656		0
PLAT	ENSG00000104368	2548		0
PLAU	ENSG00000122861	2319		0
PLAUR	ENSG00000011422	1368		0
PLB1	ENSG00000163803	5108		0
PLBD1	ENSG00000121316	1960		0
PLBD2	ENSG00000151176	4783		0
PLCB1	ENSG00000182621	7088		0
PLCB2	ENSG00000137841	4614		0
PLCB3	ENSG00000149782	4190		0
PLCB4	ENSG00000101333	5399		0
PLCD1	ENSG00000187091	2650		0
PLCD4	ENSG00000115556	3092		0
PLCE1	ENSG00000138193	7993		0
PLCG1	ENSG00000124181	5187	ENSG00000276169	1
PLCG2	ENSG00000197943	8666	ENSG00000289733	4141
PLCH1	ENSG00000114805	6413		0
PLCH2	ENSG00000149527	4838		0
PLCL1	ENSG00000115896	5126		0
PLCL2	ENSG00000154822	3738	ENSG00000283885	65
PLCXD1	ENSG00000182378	5215		0
PLCXD2	ENSG00000240891	1436		0
PLCXD3	ENSG00000182836	7705		0
PLCZ1	ENSG00000139151	2104		0
PLD1	ENSG00000075651	5856		0
PLD2	ENSG00000129219	3443		0
PLD3	ENSG00000105223	1914	ENSG00000275652	1
PLD4	ENSG00000166428	1905		0
PLD5	ENSG00000180287	8721		0
PLD6	ENSG00000179598	2560	ENSG00000264187	450
PLEC	ENSG00000178209	14556		0
PLEK	ENSG00000115956	2760		0
PLEK2	ENSG00000100558	1513		0
PLEKHA1	ENSG00000107679	3741		0
PLEKHA3	ENSG00000116095	13881		0
PLEKHA4	ENSG00000105559	3073		0
PLEKHA5	ENSG00000052126	4239		0
PLEKHA6	ENSG00000143850	7399		0
PLEKHA7	ENSG00000166689	3368		0
PLEKHA8	ENSG00000106086	7774		0
PLEKHB1	ENSG00000021300	1977		0
PLEKHB2	ENSG00000115762	3810		0
PLEKHD1	ENSG00000175985	4866		0
PLEKHF1	ENSG00000166289	1679		0
PLEKHF2	ENSG00000175895	2882		0
PLEKHG1	ENSG00000120278	7215		0
PLEKHG2	ENSG00000090924	8048		0
PLEKHG3	ENSG00000126822	10352		0
PLEKHG4	ENSG00000196155	4511		0
PLEKHG4B	ENSG00000153404	11510		0
PLEKHG5	ENSG00000171680	3549	ENSG00000215788	83
PLEKHG6	ENSG00000008323	2801		0
PLEKHG7	ENSG00000187510	3585		0
PLEKHH1	ENSG00000054690	6605		0
PLEKHH2	ENSG00000152527	6982		0
PLEKHH3	ENSG00000068137	2983		0
PLEKHJ1	ENSG00000104886	1218	ENSG00000284129	5
PLEKHM1	ENSG00000225190	5240	ENSG00000284055	73
PLEKHM2	ENSG00000116786	4123		0
PLEKHM3	ENSG00000178385	2760		0
PLEKHN1	ENSG00000187583	2405		0
PLEKHO1	ENSG00000023902	2051		0
PLEKHO2	ENSG00000241839	3689	ENSG00000249240	552
PLEKHS1	ENSG00000148735	3021		0
PLET1	ENSG00000188771	1216		0
PLG	ENSG00000122194	2739		0
PLGLB1	ENSG00000183281	353		0
PLGLB2	ENSG00000125551	1173	ENSG00000284879	358
PLGRKT	ENSG00000107020	933		0
PLIN1	ENSG00000166819	2916		0
PLIN2	ENSG00000147872	1889		0
PLIN3	ENSG00000105355	2232		0
PLIN4	ENSG00000167676	6332		0
PLIN5	ENSG00000214456	2470	ENSG00000267385	543
PLK1	ENSG00000166851	2160		0
PLK2	ENSG00000145632	2786		0
PLK3	ENSG00000173846	2340		0
PLK4	ENSG00000142731	3809		0
PLK5	ENSG00000185988	1927		0
PLLP	ENSG00000102934	1497		0
PLN	ENSG00000198523	2002		0
PLOD1	ENSG00000083444	2941		0
PLOD2	ENSG00000152952	3732		0
PLOD3	ENSG00000106397	2821		0
PLP2	ENSG00000102007	1076		0
PLPP1	ENSG00000067113	1512		0
PLPP2	ENSG00000141934	1279		0
PLPP3	ENSG00000162407	3273	ENSG00000284686	576
PLPP4	ENSG00000203805	1248		0
PLPP5	ENSG00000147535	2130		0
PLPP6	ENSG00000205808	2945		0
PLPP7	ENSG00000160539	2065		0
PLPPR1	ENSG00000148123	2477		0
PLPPR2	ENSG00000105520	2681		0
PLPPR3	ENSG00000129951	2303		0
PLPPR4	ENSG00000117600	4824		0
PLPPR5	ENSG00000117598	3257		0
PLRG1	ENSG00000171566	3317		0
PLS1	ENSG00000120756	3700		0
PLS3	ENSG00000102024	3281		0
PLSCR1	ENSG00000188313	1976		0
PLSCR2	ENSG00000163746	1118		0
PLSCR4	ENSG00000114698	3230		0
PLSCR5	ENSG00000231213	887		0
PLTP	ENSG00000100979	1744		0
PLVAP	ENSG00000130300	2290		0
PLXDC1	ENSG00000161381	6230		0
PLXDC2	ENSG00000120594	12275		0
PLXNA1	ENSG00000114554	9064		0
PLXNA2	ENSG00000076356	11444		0
PLXNA4	ENSG00000221866	12959		0
PLXNB1	ENSG00000164050	7143		0
PLXNB2	ENSG00000196576	6335		0
PLXNB3	ENSG00000198753	6147		0
PLXNC1	ENSG00000136040	7347		0
PLXND1	ENSG00000004399	6913		0
PM20D1	ENSG00000162877	2149		0
PM20D2	ENSG00000146281	4703		0
PMAIP1	ENSG00000141682	1899		0
PMCH	ENSG00000183395	754		0
PMEL	ENSG00000185664	2126		0
PMEPA1	ENSG00000124225	4841		0
PMF1	ENSG00000160783	1068	ENSG00000260238	574
PMF1-BGLAP	ENSG00000260238	854	ENSG00000160783	513
PMFBP1	ENSG00000118557	3427		0
PML	ENSG00000140464	4509		0
PMM1	ENSG00000100417	1242		0
PMM2	ENSG00000140650	2285		0
PMP2	ENSG00000147588	3524		0
PMP22	ENSG00000109099	1655		0
PMPCA	ENSG00000165688	2086		0
PMPCB	ENSG00000105819	2459		0
PMS1	ENSG00000064933	3156		0
PMS2	ENSG00000122512	2780		0
PMVK	ENSG00000163344	1002		0
PNCK	ENSG00000130822	1473		0
PNISR	ENSG00000132424	5113		0
PNKD	ENSG00000127838	2987	ENSG00000278524	1
PNKP	ENSG00000039650	1731		0
PNLDC1	ENSG00000146453	1814		0
PNLIP	ENSG00000175535	1483		0
PNLIPRP1	ENSG00000187021	1498		0
PNLIPRP3	ENSG00000203837	2355		0
PNMA1	ENSG00000176903	2590		0
PNMA2	ENSG00000240694	4730		0
PNMA3	ENSG00000183837	1433		0
PNMA5	ENSG00000198883	2961		0
PNMAL1	ENSG00000182013	3684		0
PNMAL2	ENSG00000204851	4677		0
PNMT	ENSG00000141744	958		0
PNN	ENSG00000100941	3535		0
PNO1	ENSG00000115946	2242		0
PNOC	ENSG00000168081	1060		0
PNP	ENSG00000198805	1477		0
PNPLA1	ENSG00000180316	1390		0
PNPLA2	ENSG00000177666	2416		0
PNPLA3	ENSG00000100344	2739		0
PNPLA4	ENSG00000006757	3342		0
PNPLA5	ENSG00000100341	2540		0
PNPLA6	ENSG00000032444	4157	ENSG00000268614	704
PNPLA7	ENSG00000130653	4582		0
PNPLA8	ENSG00000135241	3432		0
PNPO	ENSG00000108439	2397	ENSG00000263798	235
PNPT1	ENSG00000138035	4346		0
PNRC1	ENSG00000146278	2066		0
PNRC2	ENSG00000189266	2400		0
POC1A	ENSG00000164087	1899		0
POC1B	ENSG00000139323	3001	ENSG00000259075	229
POC1B-GALNT4	ENSG00000259075	5436	ENSG00000257594	5029
POC5	ENSG00000152359	2185		0
PODN	ENSG00000174348	3002		0
PODNL1	ENSG00000132000	1661		0
PODXL	ENSG00000128567	2106		0
PODXL2	ENSG00000114631	2175		0
POF1B	ENSG00000124429	3863		0
POFUT1	ENSG00000101346	5226	ENSG00000284125	53
POFUT2	ENSG00000186866	2861		0
POGK	ENSG00000143157	5736		0
POGLUT1	ENSG00000163389	3508		0
POGZ	ENSG00000143442	6626		0
POLA1	ENSG00000101868	5441		0
POLA2	ENSG00000014138	3544	ENSG00000285816	2012
POLB	ENSG00000070501	1290		0
POLD1	ENSG00000062822	3436	ENSG00000142539	426
POLD2	ENSG00000106628	1565		0
POLD3	ENSG00000077514	3769		0
POLD4	ENSG00000175482	919	ENSG00000256514	650
POLDIP3	ENSG00000100227	3362	ENSG00000289517	3326
POLE	ENSG00000177084	7823		0
POLE2	ENSG00000100479	1688		0
POLE3	ENSG00000148229	2109		0
POLE4	ENSG00000115350	1097		0
POLG	ENSG00000140521	4462	ENSG00000291307	783
POLG2	ENSG00000256525	1564		0
POLH	ENSG00000170734	3505		0
POLI	ENSG00000101751	6020		0
POLK	ENSG00000122008	5776		0
POLL	ENSG00000166169	2345		0
POLM	ENSG00000122678	2622		0
POLN	ENSG00000130997	2899	ENSG00000290263	1926
POLQ	ENSG00000051341	8757		0
POLR1A	ENSG00000068654	12480		0
POLR1B	ENSG00000125630	4008		0
POLR1C	ENSG00000171453	1275		0
POLR1D	ENSG00000186184	693		0
POLR1E	ENSG00000137054	1855		0
POLR2B	ENSG00000047315	3785		0
POLR2C	ENSG00000102978	1764	ENSG00000260345	181
POLR2D	ENSG00000144231	5038	ENSG00000244563	349
POLR2E	ENSG00000099817	1097		0
POLR2F	ENSG00000100142	2070	ENSG00000284289	1
POLR2G	ENSG00000168002	791		0
POLR2H	ENSG00000163882	1800		0
POLR2I	ENSG00000105258	443		0
POLR2J	ENSG00000005075	922		0
POLR2J2	ENSG00000228049	349	ENSG00000267645	349
POLR2K	ENSG00000147669	946		0
POLR2L	ENSG00000177700	876		0
POLR2M	ENSG00000255529	4114	ENSG00000137878	1004
POLR3A	ENSG00000148606	6610		0
POLR3B	ENSG00000013503	4183		0
POLR3D	ENSG00000168495	1902		0
POLR3E	ENSG00000058600	3690		0
POLR3F	ENSG00000132664	2153		0
POLR3G	ENSG00000113356	3285		0
POLR3H	ENSG00000100413	4159		0
POLR3K	ENSG00000161980	1372		0
POLRMT	ENSG00000099821	3769		0
POM121	ENSG00000196313	5171		0
POM121L12	ENSG00000221900	1284		0
POM121L2	ENSG00000158553	3109		0
POM121L7	ENSG00000239511	2404		0
POMC	ENSG00000115138	1128		0
POMGNT1	ENSG00000085998	2719		0
POMGNT2	ENSG00000144647	2407		0
POMK	ENSG00000185900	1518		0
POMP	ENSG00000132963	1304		0
POMT1	ENSG00000130714	3057		0
POMT2	ENSG00000009830	4875		0
POMZP3	ENSG00000146707	1490		0
PON1	ENSG00000005421	2393		0
PON2	ENSG00000105854	1610		0
PON3	ENSG00000105852	1106		0
POP1	ENSG00000104356	4720		0
POP4	ENSG00000105171	1119		0
POP5	ENSG00000167272	802		0
POP7	ENSG00000172336	850		0
POPDC2	ENSG00000121577	1544		0
POPDC3	ENSG00000132429	1346		0
POR	ENSG00000127948	2446		0
PORCN	ENSG00000102312	1847		0
POSTN	ENSG00000133110	3298		0
POT1	ENSG00000128513	3924		0
POTEB2	ENSG00000230031	1687		0
POTEC	ENSG00000183206	1630		0
POTED	ENSG00000166351	1827		0
POTEE	ENSG00000188219	3916		0
POTEF	ENSG00000196604	4030		0
POTEI	ENSG00000196834	6682		0
POTEJ	ENSG00000222038	3330		0
POU1F1	ENSG00000064835	1488		0
POU2AF1	ENSG00000110777	2875		0
POU2F1	ENSG00000143190	13843		0
POU2F2	ENSG00000028277	6869		0
POU2F3	ENSG00000137709	1954		0
POU3F1	ENSG00000185668	2965		0
POU3F2	ENSG00000184486	4868		0
POU3F3	ENSG00000198914	3065		0
POU3F4	ENSG00000196767	3838		0
POU4F1	ENSG00000152192	4539		0
POU4F2	ENSG00000151615	3144		0
POU4F3	ENSG00000091010	1183	ENSG00000275740	130
POU5F1	ENSG00000204531	1409		0
POU5F1B	ENSG00000212993	1080		0
POU5F2	ENSG00000248483	1294		0
POU6F1	ENSG00000184271	5157		0
POU6F2	ENSG00000106536	5866		0
PP2D1	ENSG00000183977	2086		0
PPA1	ENSG00000180817	1290		0
PPA2	ENSG00000138777	1665		0
PPAN	ENSG00000130810	1584	ENSG00000243207	1279
PPAN-P2RY11	ENSG00000243207	2385	ENSG00000130810	1280
PPARA	ENSG00000186951	9965		0
PPARD	ENSG00000112033	3734		0
PPARG	ENSG00000132170	1635		0
PPARGC1A	ENSG00000109819	6288		0
PPARGC1B	ENSG00000155846	10569		0
PPAT	ENSG00000128059	3682		0
PPBP	ENSG00000163736	709	ENSG00000288796	424
PPCDC	ENSG00000138621	2215		0
PPCS	ENSG00000127125	1432		0
PPDPF	ENSG00000125534	827		0
PPEF1	ENSG00000086717	2515		0
PPEF2	ENSG00000156194	3339		0
PPFIA1	ENSG00000131626	5231		0
PPFIA2	ENSG00000139220	5364		0
PPFIA3	ENSG00000177380	4578		0
PPFIA4	ENSG00000143847	6435		0
PPFIBP1	ENSG00000110841	5934		0
PPFIBP2	ENSG00000166387	3328		0
PPHLN1	ENSG00000134283	1107		0
PPIA	ENSG00000196262	2237		0
PPIB	ENSG00000166794	893		0
PPIC	ENSG00000168938	1364		0
PPID	ENSG00000171497	1824		0
PPIE	ENSG00000084072	1277		0
PPIF	ENSG00000108179	2188		0
PPIG	ENSG00000138398	6357		0
PPIH	ENSG00000171960	753		0
PPIL1	ENSG00000137168	1516		0
PPIL2	ENSG00000100023	2819	ENSG00000207751	50
PPIL3	ENSG00000240344	1118		0
PPIL4	ENSG00000131013	2233		0
PPIL6	ENSG00000185250	3585		0
PPIP5K1	ENSG00000168781	5552		0
PPIP5K2	ENSG00000145725	15306		0
PPL	ENSG00000118898	6238		0
PPM1A	ENSG00000100614	8185		0
PPM1B	ENSG00000138032	2607	ENSG00000285542	1547
PPM1D	ENSG00000170836	4768		0
PPM1E	ENSG00000175175	6543		0
PPM1F	ENSG00000100034	5138		0
PPM1G	ENSG00000115241	2210		0
PPM1H	ENSG00000111110	6341		0
PPM1J	ENSG00000155367	1714	ENSG00000271810	414
PPM1K	ENSG00000163644	6309		0
PPM1L	ENSG00000163590	10906		0
PPM1M	ENSG00000164088	2194		0
PPM1N	ENSG00000213889	1294		0
PPME1	ENSG00000214517	2487		0
PPOX	ENSG00000143224	1670		0
PPP1CA	ENSG00000172531	1404		0
PPP1CB	ENSG00000213639	4699		0
PPP1CC	ENSG00000186298	2552		0
PPP1R10	ENSG00000204569	4511		0
PPP1R11	ENSG00000204619	1621		0
PPP1R12A	ENSG00000058272	5474		0
PPP1R12B	ENSG00000077157	15244		0
PPP1R12C	ENSG00000125503	2919		0
PPP1R13B	ENSG00000088808	4944		0
PPP1R13L	ENSG00000104881	3100		0
PPP1R14A	ENSG00000167641	560		0
PPP1R14B	ENSG00000173457	983	ENSG00000257086	3
PPP1R14C	ENSG00000198729	2153		0
PPP1R14D	ENSG00000166143	750		0
PPP1R15A	ENSG00000087074	2349		0
PPP1R15B	ENSG00000158615	5228		0
PPP1R16A	ENSG00000160972	2718		0
PPP1R16B	ENSG00000101445	6252		0
PPP1R17	ENSG00000106341	1768		0
PPP1R18	ENSG00000146112	2750		0
PPP1R1A	ENSG00000135447	1827		0
PPP1R1B	ENSG00000131771	838		0
PPP1R1C	ENSG00000150722	580		0
PPP1R21	ENSG00000162869	3143		0
PPP1R26	ENSG00000196422	4710		0
PPP1R27	ENSG00000182676	782		0
PPP1R32	ENSG00000162148	1532	ENSG00000256591	61
PPP1R35	ENSG00000160813	963		0
PPP1R36	ENSG00000165807	1346		0
PPP1R37	ENSG00000104866	2946		0
PPP1R3A	ENSG00000154415	4328		0
PPP1R3B	ENSG00000173281	5510		0
PPP1R3C	ENSG00000119938	2524		0
PPP1R3D	ENSG00000132825	3631		0
PPP1R3E	ENSG00000235194	4764		0
PPP1R3F	ENSG00000049769	3417		0
PPP1R3G	ENSG00000219607	4147		0
PPP1R42	ENSG00000178125	815		0
PPP1R7	ENSG00000115685	1313		0
PPP1R8	ENSG00000117751	2340		0
PPP1R9A	ENSG00000158528	9653		0
PPP2CA	ENSG00000113575	4581	ENSG00000273345	1483
PPP2CB	ENSG00000104695	1946		0
PPP2R1A	ENSG00000105568	5352	ENSG00000274380	1
PPP2R1B	ENSG00000137713	1810		0
PPP2R2A	ENSG00000221914	3923		0
PPP2R2B	ENSG00000156475	10310	ENSG00000280646	102
PPP2R2C	ENSG00000074211	1808		0
PPP2R3A	ENSG00000073711	6740		0
PPP2R3B	ENSG00000167393	2152		0
PPP2R3C	ENSG00000092020	1511		0
PPP2R4	ENSG00000119383	2582	ENSG00000235007	108
PPP2R5A	ENSG00000066027	3119		0
PPP2R5B	ENSG00000068971	2727		0
PPP2R5C	ENSG00000078304	4186		0
PPP2R5D	ENSG00000112640	2973		0
PPP2R5E	ENSG00000154001	6652		0
PPP3CA	ENSG00000138814	4686		0
PPP3CB	ENSG00000107758	3496		0
PPP3CC	ENSG00000120910	2190		0
PPP3R1	ENSG00000221823	3023	ENSG00000273398	462
PPP3R2	ENSG00000188386	3356		0
PPP4C	ENSG00000149923	1402		0
PPP4R1	ENSG00000154845	3922		0
PPP4R2	ENSG00000163605	4957		0
PPP4R3A	ENSG00000100796	4110		0
PPP4R4	ENSG00000119698	3857		0
PPP5C	ENSG00000011485	2016		0
PPP5D1	ENSG00000291145	377	ENSG00000230510	270
PPP6C	ENSG00000119414	4103		0
PPP6R1	ENSG00000105063	3962	ENSG00000276570	501
PPP6R2	ENSG00000100239	3294		0
PPP6R3	ENSG00000110075	5072		0
PPRC1	ENSG00000148840	5320		0
PPT1	ENSG00000131238	2284		0
PPT2	ENSG00000221988	1642	ENSG00000258388	773
PPT2-EGFL8	ENSG00000258388	4181	ENSG00000241404	1249
PPTC7	ENSG00000196850	4994		0
PPWD1	ENSG00000113593	2109		0
PPY	ENSG00000108849	460		0
PQBP1	ENSG00000102103	1027		0
PQLC1	ENSG00000122490	2544		0
PQLC2	ENSG00000040487	1806		0
PQLC2L	ENSG00000293490	225	ENSG00000174899	219
PQLC3	ENSG00000162976	1717		0
PRAC1	ENSG00000159182	382		0
PRAC2	ENSG00000229637	424	ENSG00000277542	80
PRADC1	ENSG00000135617	1079		0
PRAM1	ENSG00000133246	2195		0
PRAMEF12	ENSG00000116726	1787		0
PRAMEF14	ENSG00000204481	1691		0
PRAMEF17	ENSG00000204479	1578		0
PRAMEF19	ENSG00000204480	1234		0
PRAMEF2	ENSG00000120952	1642		0
PRAMEF20	ENSG00000204478	1597		0
PRAMEF4	ENSG00000243073	1829		0
PRAMEF6	ENSG00000232423	1656		0
PRAP1	ENSG00000283496	1044	ENSG00000165828	537
PRB1	ENSG00000251655	775		0
PRB2	ENSG00000121335	1429		0
PRB4	ENSG00000230657	917		0
PRC1	ENSG00000198901	2994	ENSG00000284946	2674
PRCC	ENSG00000143294	2068		0
PRCD	ENSG00000214140	451		0
PRCP	ENSG00000137509	2924		0
PRDM1	ENSG00000057657	5148		0
PRDM10	ENSG00000170325	6302		0
PRDM11	ENSG00000019485	1375		0
PRDM12	ENSG00000130711	2476		0
PRDM13	ENSG00000112238	2326		0
PRDM14	ENSG00000147596	2269		0
PRDM15	ENSG00000141956	3757		0
PRDM16	ENSG00000142611	8691		0
PRDM2	ENSG00000116731	7166		0
PRDM4	ENSG00000110851	4182		0
PRDM5	ENSG00000138738	5207		0
PRDM6	ENSG00000061455	9147		0
PRDM7	ENSG00000126856	2009		0
PRDM8	ENSG00000152784	3009		0
PRDM9	ENSG00000164256	3188		0
PRDX1	ENSG00000117450	945		0
PRDX2	ENSG00000167815	925		0
PRDX3	ENSG00000165672	1553		0
PRDX4	ENSG00000123131	956		0
PRDX5	ENSG00000126432	860		0
PRDX6	ENSG00000117592	1682		0
PREB	ENSG00000138073	2127		0
PRELID1	ENSG00000169230	1226		0
PRELID2	ENSG00000186314	739		0
PRELID3A	ENSG00000141391	1683		0
PRELID3B	ENSG00000101166	2503		0
PRELP	ENSG00000188783	5748		0
PREP	ENSG00000085377	2904		0
PREPL	ENSG00000138078	4671		0
PREX1	ENSG00000124126	6636		0
PREX2	ENSG00000046889	10751		0
PRF1	ENSG00000180644	2474		0
PRG2	ENSG00000186652	1418	ENSG00000254979	378
PRG3	ENSG00000156575	869		0
PRG4	ENSG00000116690	5044		0
PRH1	ENSG00000231887	710	ENSG00000275778	577
PRH1-PRR4	ENSG00000275778	835	ENSG00000231887	620
PRH2	ENSG00000134551	557		0
PRICKLE1	ENSG00000139174	5808		0
PRICKLE2	ENSG00000163637	8306		0
PRICKLE3	ENSG00000012211	2044		0
PRICKLE4	ENSG00000278224	1626	ENSG00000124593	1582
PRIM1	ENSG00000198056	1382	ENSG00000285625	362
PRIMA1	ENSG00000175785	3639		0
PRIMPOL	ENSG00000164306	2164		0
PRKAA1	ENSG00000132356	5078		0
PRKAA2	ENSG00000162409	9348		0
PRKAB1	ENSG00000111725	2219		0
PRKAB2	ENSG00000131791	5343		0
PRKACA	ENSG00000072062	2677		0
PRKACB	ENSG00000142875	4481		0
PRKACG	ENSG00000165059	1610		0
PRKAG1	ENSG00000181929	1651	ENSG00000288710	1606
PRKAG2	ENSG00000106617	3279		0
PRKAG3	ENSG00000115592	2302		0
PRKAR1A	ENSG00000108946	3465	ENSG00000267009	546
PRKAR1B	ENSG00000188191	2400		0
PRKAR2A	ENSG00000114302	6464		0
PRKAR2B	ENSG00000005249	3689		0
PRKCA	ENSG00000154229	8752		0
PRKCB	ENSG00000166501	2691		0
PRKCD	ENSG00000163932	2721		0
PRKCDBP	ENSG00000170955	1028		0
PRKCE	ENSG00000171132	5651		0
PRKCG	ENSG00000126583	3134		0
PRKCH	ENSG00000027075	3583	ENSG00000258989	419
PRKCI	ENSG00000163558	4887		0
PRKCQ	ENSG00000065675	3255		0
PRKCSH	ENSG00000130175	1899		0
PRKD1	ENSG00000184304	3727		0
PRKD2	ENSG00000105287	3070		0
PRKD3	ENSG00000115825	6003		0
PRKG1	ENSG00000185532	6200		0
PRKG2	ENSG00000138669	4817		0
PRKRA	ENSG00000180228	1770		0
PRKRIP1	ENSG00000128563	2159	ENSG00000290830	342
PRKRIR	ENSG00000137492	3300		0
PRKX	ENSG00000183943	6032	ENSG00000207332	108
PRL	ENSG00000172179	890		0
PRLH	ENSG00000071677	264		0
PRLHR	ENSG00000119973	5387		0
PRM1	ENSG00000175646	399		0
PRM2	ENSG00000122304	680		0
PRM3	ENSG00000178257	413		0
PRMT1	ENSG00000126457	1274	ENSG00000274306	1
PRMT2	ENSG00000160310	2181		0
PRMT3	ENSG00000185238	2467		0
PRMT5	ENSG00000100462	2304		0
PRMT6	ENSG00000198890	2617		0
PRMT7	ENSG00000132600	3626		0
PRMT8	ENSG00000111218	2367		0
PRMT9	ENSG00000164169	3461		0
PRND	ENSG00000171864	3981		0
PRNP	ENSG00000171867	2435		0
PRNT	ENSG00000180259	2333		0
PROB1	ENSG00000228672	4513		0
PROC	ENSG00000115718	1769		0
PROCA1	ENSG00000167525	1566		0
PROCR	ENSG00000101000	1349		0
PRODH	ENSG00000100033	2203		0
PRODH2	ENSG00000250799	1472		0
PROK1	ENSG00000143125	1339		0
PROK2	ENSG00000163421	1492		0
PROKR1	ENSG00000169618	4274		0
PROKR2	ENSG00000101292	1156		0
PROL1	ENSG00000171199	982		0
PROM1	ENSG00000007062	3975		0
PROM2	ENSG00000155066	4728		0
PROP1	ENSG00000175325	1464		0
PRORY	ENSG00000183146	878		0
PROS1	ENSG00000184500	3372		0
PROSC	ENSG00000147471	2506		0
PROSER1	ENSG00000120685	5169		0
PROSER2	ENSG00000148426	3334		0
PROX1	ENSG00000117707	8459		0
PROX2	ENSG00000119608	3878		0
PROZ	ENSG00000126231	1489		0
PRPF18	ENSG00000165630	1670		0
PRPF19	ENSG00000110107	2155		0
PRPF3	ENSG00000117360	2376		0
PRPF31	ENSG00000105618	1829		0
PRPF38A	ENSG00000134748	5233		0
PRPF38B	ENSG00000134186	3694		0
PRPF39	ENSG00000185246	2851		0
PRPF4	ENSG00000136875	2768		0
PRPF40A	ENSG00000196504	7390		0
PRPF40B	ENSG00000110844	3182		0
PRPF4B	ENSG00000112739	4416		0
PRPF6	ENSG00000101161	3045		0
PRPF8	ENSG00000174231	7280		0
PRPH	ENSG00000135406	1800	ENSG00000291295	274
PRPH2	ENSG00000112619	2977		0
PRPS1	ENSG00000147224	2070		0
PRPS1L1	ENSG00000229937	1074		0
PRPS2	ENSG00000101911	2469		0
PRPSAP1	ENSG00000161542	3428		0
PRPSAP2	ENSG00000141127	1886		0
PRR11	ENSG00000068489	2085	ENSG00000265303	135
PRR12	ENSG00000126464	6956		0
PRR13	ENSG00000205352	840	ENSG00000257379	318
PRR14	ENSG00000156858	2078		0
PRR14L	ENSG00000183530	10826		0
PRR15	ENSG00000176532	1652		0
PRR15L	ENSG00000167183	1519		0
PRR16	ENSG00000184838	1707		0
PRR18	ENSG00000176381	3084		0
PRR19	ENSG00000188368	1523		0
PRR20A	ENSG00000204919	1847		0
PRR20B	ENSG00000204918	1847		0
PRR20C	ENSG00000229665	1633	ENSG00000204919	214
PRR20D	ENSG00000227151	1847		0
PRR20E	ENSG00000234278	1847		0
PRR22	ENSG00000212123	1373	ENSG00000267157	113
PRR23A	ENSG00000206260	802		0
PRR23B	ENSG00000184814	1896		0
PRR23C	ENSG00000233701	2791		0
PRR23D1	ENSG00000255251	1588		0
PRR23D2	ENSG00000255378	1587		0
PRR26	ENSG00000180525	255		0
PRR27	ENSG00000187533	2946		0
PRR29	ENSG00000224383	1266		0
PRR3	ENSG00000204576	1845		0
PRR30	ENSG00000186143	2008		0
PRR32	ENSG00000183631	1229		0
PRR33	ENSG00000283787	1711		0
PRR34	ENSG00000182257	2817		0
PRR35	ENSG00000161992	2217		0
PRR4	ENSG00000111215	563		0
PRR5	ENSG00000186654	1585	ENSG00000248405	675
PRR5-ARHGAP8	ENSG00000248405	1639	ENSG00000241484	1449
PRR5L	ENSG00000135362	2291		0
PRR7	ENSG00000131188	1461		0
PRR9	ENSG00000203783	1222		0
PRRC1	ENSG00000164244	4664		0
PRRC2A	ENSG00000204469	6863	ENSG00000289282	393
PRRC2B	ENSG00000288701	11038	ENSG00000288841	429
PRRC2C	ENSG00000117523	10357		0
PRRG1	ENSG00000130962	4400	ENSG00000250349	278
PRRG2	ENSG00000126460	1394		0
PRRG3	ENSG00000130032	1285		0
PRRG4	ENSG00000135378	5528		0
PRRT1	ENSG00000204314	1892	ENSG00000285085	180
PRRT2	ENSG00000167371	2462	ENSG00000280893	1129
PRRT3	ENSG00000163704	3761		0
PRRT4	ENSG00000224940	3545		0
PRRX1	ENSG00000116132	4059		0
PRRX2	ENSG00000167157	1305		0
PRSS1	ENSG00000204983	801		0
PRSS12	ENSG00000164099	4809		0
PRSS16	ENSG00000112812	2717		0
PRSS21	ENSG00000007038	1091		0
PRSS22	ENSG00000005001	1383		0
PRSS23	ENSG00000150687	3713		0
PRSS27	ENSG00000172382	1126		0
PRSS3	ENSG00000010438	808		0
PRSS33	ENSG00000103355	1591		0
PRSS35	ENSG00000146250	2441		0
PRSS36	ENSG00000178226	2811		0
PRSS37	ENSG00000165076	1175		0
PRSS38	ENSG00000185888	1268		0
PRSS42	ENSG00000178055	882	ENSG00000293419	306
PRSS45	ENSG00000284672	940	ENSG00000188086	780
PRSS46	ENSG00000293416	982	ENSG00000261603	775
PRSS48	ENSG00000189099	990		0
PRSS50	ENSG00000206549	2959	ENSG00000283706	1332
PRSS53	ENSG00000151006	2149	ENSG00000255439	215
PRSS54	ENSG00000103023	1785		0
PRSS55	ENSG00000184647	1125		0
PRSS56	ENSG00000237412	2159		0
PRSS57	ENSG00000185198	1041		0
PRSS58	ENSG00000258223	913		0
PRSS8	ENSG00000052344	1837		0
PRTFDC1	ENSG00000099256	1937		0
PRTG	ENSG00000166450	11968		0
PRTN3	ENSG00000196415	987		0
PRUNE	ENSG00000143363	2998		0
PRUNE2	ENSG00000106772	12585		0
PRX	ENSG00000105227	4853		0
PRY	ENSG00000169789	1238		0
PRY2	ENSG00000169807	1238		0
PSAP	ENSG00000197746	2748		0
PSAPL1	ENSG00000178597	2674		0
PSAT1	ENSG00000135069	2189		0
PSCA	ENSG00000167653	981		0
PSD	ENSG00000059915	3798		0
PSD2	ENSG00000146005	4514		0
PSD3	ENSG00000156011	6544		0
PSD4	ENSG00000125637	5188		0
PSEN1	ENSG00000080815	6018		0
PSEN2	ENSG00000143801	2249	ENSG00000288674	2219
PSENEN	ENSG00000205155	1124	ENSG00000188223	285
PSG1	ENSG00000231924	1375		0
PSG11	ENSG00000243130	1532		0
PSG2	ENSG00000242221	1539		0
PSG3	ENSG00000221826	1873		0
PSG4	ENSG00000243137	2032		0
PSG5	ENSG00000204941	1605		0
PSG6	ENSG00000170848	1285		0
PSG7	ENSG00000221878	1086	ENSG00000170848	255
PSG8	ENSG00000124467	1440		0
PSG9	ENSG00000183668	1705		0
PSIP1	ENSG00000164985	3339		0
PSKH1	ENSG00000159792	3480		0
PSKH2	ENSG00000147613	1294		0
PSMA1	ENSG00000129084	1195	ENSG00000256206	802
PSMA2	ENSG00000106588	1434	ENSG00000256646	1397
PSMA3	ENSG00000100567	955		0
PSMA4	ENSG00000041357	4378		0
PSMA5	ENSG00000143106	3718		0
PSMA6	ENSG00000100902	1004	ENSG00000258790	833
PSMA7	ENSG00000101182	961		0
PSMA8	ENSG00000154611	1787		0
PSMB1	ENSG00000008018	891		0
PSMB10	ENSG00000205220	977	ENSG00000261884	375
PSMB11	ENSG00000222028	1849		0
PSMB2	ENSG00000126067	2384		0
PSMB3	ENSG00000277791	762		0
PSMB4	ENSG00000159377	918		0
PSMB5	ENSG00000100804	1044		0
PSMB6	ENSG00000142507	824		0
PSMB7	ENSG00000136930	981		0
PSMB8	ENSG00000204264	1124		0
PSMB9	ENSG00000240065	751		0
PSMC1	ENSG00000100764	4390		0
PSMC2	ENSG00000161057	2712		0
PSMC3	ENSG00000165916	1538		0
PSMC3IP	ENSG00000131470	1351		0
PSMC4	ENSG00000013275	1431		0
PSMC5	ENSG00000087191	1331		0
PSMC6	ENSG00000100519	2160		0
PSMD1	ENSG00000173692	3323		0
PSMD10	ENSG00000101843	1470		0
PSMD11	ENSG00000108671	3849		0
PSMD12	ENSG00000197170	4356		0
PSMD13	ENSG00000185627	1561		0
PSMD14	ENSG00000115233	1567		0
PSMD2	ENSG00000175166	2913		0
PSMD3	ENSG00000108344	2147		0
PSMD4	ENSG00000159352	1319		0
PSMD6	ENSG00000163636	1362		0
PSMD7	ENSG00000103035	1631		0
PSMD8	ENSG00000099341	1518		0
PSMD9	ENSG00000110801	2725	ENSG00000256950	391
PSME1	ENSG00000092010	965		0
PSME2	ENSG00000100911	793	ENSG00000283856	1
PSME3	ENSG00000131467	999		0
PSME4	ENSG00000068878	7097		0
PSMF1	ENSG00000125818	3540		0
PSMG1	ENSG00000183527	1754		0
PSMG2	ENSG00000128789	1070		0
PSMG3	ENSG00000157778	1389		0
PSMG4	ENSG00000180822	785		0
PSORS1C1	ENSG00000204540	909		0
PSORS1C2	ENSG00000204538	867		0
PSPC1	ENSG00000121390	2407		0
PSPH	ENSG00000146733	1972		0
PSPN	ENSG00000125650	472		0
PSRC1	ENSG00000134222	1695		0
PSTK	ENSG00000179988	1173		0
PSTPIP1	ENSG00000140368	1855		0
PSTPIP2	ENSG00000152229	3000		0
PTAFR	ENSG00000169403	3993		0
PTAR1	ENSG00000188647	1418		0
PTBP1	ENSG00000011304	3128		0
PTBP2	ENSG00000117569	3028		0
PTBP3	ENSG00000119314	3375		0
PTCD1	ENSG00000106246	5464	ENSG00000248919	2347
PTCD2	ENSG00000049883	11145		0
PTCD3	ENSG00000132300	6681		0
PTCH1	ENSG00000185920	8057		0
PTCH2	ENSG00000117425	4220		0
PTCHD1	ENSG00000165186	12881		0
PTCHD2	ENSG00000204624	5183		0
PTCHD3	ENSG00000182077	2530		0
PTCHD4	ENSG00000244694	2803		0
PTCRA	ENSG00000171611	1016		0
PTDSS1	ENSG00000156471	4990		0
PTDSS2	ENSG00000174915	2446		0
PTEN	ENSG00000171862	8515	ENSG00000289051	96
PTER	ENSG00000165983	1136		0
PTF1A	ENSG00000168267	1531		0
PTGDR	ENSG00000168229	2943		0
PTGDR2	ENSG00000183134	2875	ENSG00000256813	143
PTGDS	ENSG00000107317	808	ENSG00000284341	634
PTGER1	ENSG00000160951	1413		0
PTGER2	ENSG00000125384	2376		0
PTGER3	ENSG00000050628	1288		0
PTGER4	ENSG00000171522	3431		0
PTGES	ENSG00000148344	1751		0
PTGES2	ENSG00000148334	1598		0
PTGES3	ENSG00000110958	1898		0
PTGES3L-AARSD1	ENSG00000108825	2023	ENSG00000266967	1264
PTGFR	ENSG00000122420	4214		0
PTGFRN	ENSG00000134247	6174		0
PTGIR	ENSG00000160013	2078		0
PTGIS	ENSG00000124212	5570		0
PTGR1	ENSG00000106853	1155		0
PTGR2	ENSG00000140043	2483	ENSG00000258653	877
PTGS1	ENSG00000095303	4965		0
PTGS2	ENSG00000073756	4510		0
PTH	ENSG00000152266	791		0
PTH1R	ENSG00000160801	2124		0
PTH2	ENSG00000142538	454		0
PTH2R	ENSG00000144407	2714		0
PTHLH	ENSG00000087494	846		0
PTK2	ENSG00000169398	4955		0
PTK2B	ENSG00000120899	4063	ENSG00000273836	1
PTK6	ENSG00000101213	2931		0
PTK7	ENSG00000112655	4222		0
PTMA	ENSG00000187514	1200	ENSG00000284378	85
PTMS	ENSG00000159335	1151		0
PTN	ENSG00000105894	1482		0
PTOV1	ENSG00000104960	1875	ENSG00000265954	1
PTP4A1	ENSG00000112245	4620	ENSG00000285976	4620
PTP4A2	ENSG00000184007	3353		0
PTP4A3	ENSG00000184489	1689		0
PTPDC1	ENSG00000158079	4402		0
PTPMT1	ENSG00000110536	769		0
PTPN1	ENSG00000196396	3979		0
PTPN11	ENSG00000179295	6068		0
PTPN12	ENSG00000127947	3384		0
PTPN13	ENSG00000163629	8120		0
PTPN14	ENSG00000152104	12981	ENSG00000228470	151
PTPN18	ENSG00000072135	3616		0
PTPN2	ENSG00000175354	3468		0
PTPN21	ENSG00000070778	6086		0
PTPN22	ENSG00000134242	3607		0
PTPN23	ENSG00000076201	5237		0
PTPN3	ENSG00000070159	6703		0
PTPN4	ENSG00000088179	10009		0
PTPN5	ENSG00000110786	3091		0
PTPN6	ENSG00000111679	1996		0
PTPN7	ENSG00000143851	2783		0
PTPN9	ENSG00000169410	7813	ENSG00000260269	112
PTPRA	ENSG00000132670	3319		0
PTPRB	ENSG00000127329	12301		0
PTPRC	ENSG00000081237	5164		0
PTPRCAP	ENSG00000172725	1293	ENSG00000213402	907
PTPRD	ENSG00000153707	9911		0
PTPRE	ENSG00000132334	5289		0
PTPRF	ENSG00000142949	6378		0
PTPRG	ENSG00000144724	9018		0
PTPRH	ENSG00000080031	3878		0
PTPRJ	ENSG00000149177	5123		0
PTPRK	ENSG00000152894	6006		0
PTPRM	ENSG00000173482	5556		0
PTPRN	ENSG00000054356	3612		0
PTPRN2	ENSG00000155093	4707		0
PTPRO	ENSG00000151490	5190		0
PTPRR	ENSG00000153233	3425		0
PTPRS	ENSG00000105426	7233		0
PTPRT	ENSG00000196090	12449		0
PTPRU	ENSG00000060656	4434		0
PTPRZ1	ENSG00000106278	8103		0
PTRF	ENSG00000177469	3568		0
PTRH1	ENSG00000187024	962		0
PTRH2	ENSG00000141378	731		0
PTRHD1	ENSG00000184924	1106		0
PTS	ENSG00000150787	872		0
PTTG1	ENSG00000164611	715		0
PTTG1IP	ENSG00000183255	2600		0
PTTG2	ENSG00000250254	692		0
PTX3	ENSG00000163661	1879		0
PTX4	ENSG00000251692	1297		0
PUDP	ENSG00000130021	2103		0
PUF60	ENSG00000179950	1868		0
PUM1	ENSG00000134644	5361		0
PUM2	ENSG00000055917	6061		0
PUM3	ENSG00000080608	2176		0
PURA	ENSG00000185129	11498		0
PURB	ENSG00000146676	9063	ENSG00000284261	53
PURG	ENSG00000172733	2218		0
PUS1	ENSG00000177192	4041		0
PUS10	ENSG00000162927	2279		0
PUS3	ENSG00000110060	1792		0
PUS7	ENSG00000091127	3481		0
PUS7L	ENSG00000129317	13567		0
PUSL1	ENSG00000169972	1257		0
PVALB	ENSG00000100362	550		0
PVR	ENSG00000073008	3213		0
PVRIG	ENSG00000292277	1584	ENSG00000213413	1182
PVRL1	ENSG00000110400	5840		0
PVRL2	ENSG00000130202	1271		0
PVRL3	ENSG00000177707	3591		0
PVRL4	ENSG00000143217	3458		0
PWP1	ENSG00000136045	2549		0
PWP2	ENSG00000241945	3188		0
PWWP2A	ENSG00000170234	3346		0
PWWP2B	ENSG00000171813	2615		0
PXDC1	ENSG00000168994	1878		0
PXDN	ENSG00000130508	6808		0
PXDNL	ENSG00000147485	4806		0
PXK	ENSG00000168297	2025		0
PXMP2	ENSG00000176894	952	ENSG00000256632	410
PXMP4	ENSG00000101417	5680		0
PXN	ENSG00000089159	3642		0
PXT1	ENSG00000179165	2073		0
PXYLP1	ENSG00000155893	3282		0
PYCARD	ENSG00000103490	757		0
PYCR1	ENSG00000183010	1848		0
PYCR2	ENSG00000143811	1680	ENSG00000255835	724
PYCRL	ENSG00000104524	2640		0
PYDC1	ENSG00000169900	589		0
PYDC2	ENSG00000253548	294		0
PYGB	ENSG00000100994	4116		0
PYGL	ENSG00000100504	2796		0
PYGM	ENSG00000068976	2866		0
PYGO1	ENSG00000171016	2654		0
PYGO2	ENSG00000163348	3146		0
PYHIN1	ENSG00000163564	2083		0
PYM1	ENSG00000170473	1207		0
PYROXD1	ENSG00000121350	4054		0
PYROXD2	ENSG00000119943	2023	ENSG00000289758	176
PYURF	ENSG00000145337	1311	ENSG00000255072	1311
PYY	ENSG00000131096	604		0
PZP	ENSG00000126838	4610		0
QDPR	ENSG00000151552	1505		0
QKI	ENSG00000112531	9384		0
QPCT	ENSG00000115828	1683		0
QPCTL	ENSG00000011478	2125		0
QPRT	ENSG00000103485	2200		0
QRFP	ENSG00000188710	1653		0
QRFPR	ENSG00000186867	1668		0
QRICH1	ENSG00000198218	3257	ENSG00000290315	2319
QRICH2	ENSG00000129646	5359		0
QRSL1	ENSG00000130348	4106		0
QSER1	ENSG00000060749	9336		0
QSOX1	ENSG00000116260	9276		0
QSOX2	ENSG00000165661	4501		0
QTRT1	ENSG00000213339	1318		0
QTRTD1	ENSG00000151576	4023		0
R3HCC1	ENSG00000104679	1573		0
R3HCC1L	ENSG00000166024	3242		0
R3HDM1	ENSG00000048991	4649		0
R3HDM2	ENSG00000179912	4277	ENSG00000258830	1877
R3HDM4	ENSG00000198858	1803		0
R3HDML	ENSG00000101074	1320		0
RAB10	ENSG00000084733	3536		0
RAB11A	ENSG00000103769	4895		0
RAB11B	ENSG00000185236	1590		0
RAB11FIP1	ENSG00000156675	6253		0
RAB11FIP2	ENSG00000107560	6061		0
RAB11FIP3	ENSG00000090565	4801		0
RAB11FIP5	ENSG00000135631	4272		0
RAB12	ENSG00000206418	2138		0
RAB13	ENSG00000143545	1164	ENSG00000285641	682
RAB14	ENSG00000119396	4146		0
RAB15	ENSG00000139998	3437		0
RAB17	ENSG00000124839	1603		0
RAB18	ENSG00000099246	4850		0
RAB19	ENSG00000146955	937		0
RAB1A	ENSG00000138069	2448		0
RAB1B	ENSG00000174903	1901		0
RAB20	ENSG00000139832	1507		0
RAB21	ENSG00000080371	15547		0
RAB22A	ENSG00000124209	8651		0
RAB23	ENSG00000112210	4830		0
RAB24	ENSG00000169228	1238		0
RAB25	ENSG00000132698	1100		0
RAB26	ENSG00000167964	1674		0
RAB27A	ENSG00000069974	3445		0
RAB27B	ENSG00000041353	7003		0
RAB28	ENSG00000157869	1690		0
RAB29	ENSG00000117280	3272		0
RAB2A	ENSG00000104388	3718		0
RAB2B	ENSG00000129472	2914		0
RAB30	ENSG00000137502	9652		0
RAB31	ENSG00000168461	3919		0
RAB32	ENSG00000118508	1065		0
RAB33A	ENSG00000134594	945		0
RAB33B	ENSG00000172007	4248		0
RAB34	ENSG00000109113	1298		0
RAB35	ENSG00000111737	2855		0
RAB36	ENSG00000100228	3677		0
RAB37	ENSG00000172794	2503		0
RAB38	ENSG00000123892	1432		0
RAB39A	ENSG00000179331	1831		0
RAB39B	ENSG00000155961	3408		0
RAB3A	ENSG00000105649	1496		0
RAB3B	ENSG00000169213	12780		0
RAB3C	ENSG00000152932	8861		0
RAB3D	ENSG00000105514	4240		0
RAB3GAP1	ENSG00000115839	4887		0
RAB3GAP2	ENSG00000118873	7256		0
RAB3IL1	ENSG00000167994	2284		0
RAB3IP	ENSG00000127328	9161	ENSG00000258052	223
RAB40A	ENSG00000172476	1346		0
RAB40AL	ENSG00000102128	1029		0
RAB40B	ENSG00000141542	3829		0
RAB40C	ENSG00000197562	2524		0
RAB41	ENSG00000147127	1072		0
RAB42	ENSG00000188060	1885		0
RAB43	ENSG00000172780	4464	ENSG00000261796	3956
RAB44	ENSG00000255587	4234		0
RAB4A	ENSG00000168118	2967		0
RAB4B	ENSG00000167578	786	ENSG00000171570	762
RAB4B-EGLN2	ENSG00000171570	2554	ENSG00000269858	1792
RAB5A	ENSG00000144566	2518		0
RAB5B	ENSG00000111540	3234		0
RAB5C	ENSG00000108774	1640	ENSG00000267261	553
RAB6A	ENSG00000175582	3220		0
RAB6B	ENSG00000154917	5527		0
RAB6C	ENSG00000222014	3073		0
RAB7A	ENSG00000075785	2183		0
RAB8A	ENSG00000167461	2567		0
RAB8B	ENSG00000166128	4800		0
RAB9A	ENSG00000123595	1264		0
RAB9B	ENSG00000123570	3743		0
RABAC1	ENSG00000105404	750	ENSG00000285505	367
RABEP2	ENSG00000177548	2307		0
RABEPK	ENSG00000136933	1467		0
RABGAP1	ENSG00000011454	4986		0
RABGAP1L	ENSG00000152061	2604		0
RABGEF1	ENSG00000154710	2086	ENSG00000284461	2026
RABGGTA	ENSG00000100949	1946		0
RABGGTB	ENSG00000137955	1441		0
RABIF	ENSG00000183155	2431		0
RABL2A	ENSG00000144134	2139		0
RABL2B	ENSG00000079974	1096		0
RABL3	ENSG00000144840	3863		0
RABL6	ENSG00000196642	3092	ENSG00000273066	367
RAC1	ENSG00000136238	2309		0
RAC2	ENSG00000128340	1472		0
RAC3	ENSG00000169750	1036		0
RACGAP1	ENSG00000161800	3050		0
RAD1	ENSG00000113456	4509		0
RAD17	ENSG00000152942	2870		0
RAD18	ENSG00000070950	5857		0
RAD21	ENSG00000164754	3660	ENSG00000283956	73
RAD21L1	ENSG00000244588	1766		0
RAD23A	ENSG00000179262	1747		0
RAD23B	ENSG00000119318	4114		0
RAD50	ENSG00000113522	8267	ENSG00000283782	7525
RAD51	ENSG00000051180	2435		0
RAD51AP1	ENSG00000111247	2112		0
RAD51AP2	ENSG00000214842	3725		0
RAD51B	ENSG00000182185	1531		0
RAD51C	ENSG00000108384	2562		0
RAD51D	ENSG00000185379	9966	ENSG00000267618	423
RAD51L3-RFFL	ENSG00000267618	1638	ENSG00000092871	1013
RAD52	ENSG00000002016	2683		0
RAD54B	ENSG00000197275	3068		0
RAD54L	ENSG00000085999	2498		0
RAD54L2	ENSG00000164080	9760		0
RAD9A	ENSG00000172613	2085		0
RAD9B	ENSG00000151164	1755	ENSG00000278993	146
RADIL	ENSG00000157927	3687		0
RAE1	ENSG00000101146	2385		0
RAET1E	ENSG00000164520	959	ENSG00000285991	884
RAET1G	ENSG00000203722	1107		0
RAET1L	ENSG00000155918	1285		0
RAF1	ENSG00000132155	3191		0
RAG1	ENSG00000166349	6565		0
RAG2	ENSG00000175097	2388		0
RAI1	ENSG00000108557	7663		0
RAI14	ENSG00000039560	4986		0
RAI2	ENSG00000131831	1985		0
RALA	ENSG00000006451	2787		0
RALB	ENSG00000144118	2247		0
RALBP1	ENSG00000017797	4200		0
RALGAPA1	ENSG00000174373	7899		0
RALGAPA2	ENSG00000188559	6153		0
RALGAPB	ENSG00000170471	8633		0
RALGDS	ENSG00000160271	3632	ENSG00000285245	3028
RALGPS1	ENSG00000136828	6328		0
RALGPS2	ENSG00000116191	5755		0
RALY	ENSG00000125970	1600		0
RALYL	ENSG00000184672	1832		0
RAMP1	ENSG00000132329	823		0
RAMP2	ENSG00000131477	747		0
RAMP3	ENSG00000122679	1323		0
RAN	ENSG00000132341	2474		0
RANBP1	ENSG00000099901	720		0
RANBP10	ENSG00000141084	5245		0
RANBP17	ENSG00000204764	4440		0
RANBP2	ENSG00000153201	11708		0
RANBP3	ENSG00000031823	3233		0
RANBP3L	ENSG00000164188	3105		0
RANBP6	ENSG00000137040	4577		0
RANBP9	ENSG00000010017	3113		0
RANGAP1	ENSG00000100401	2795		0
RANGRF	ENSG00000108961	831		0
RAP1A	ENSG00000116473	1294		0
RAP1B	ENSG00000127314	13378		0
RAP1GAP	ENSG00000076864	3271		0
RAP1GAP2	ENSG00000132359	6661		0
RAP1GDS1	ENSG00000138698	3679		0
RAP2A	ENSG00000125249	5488		0
RAP2B	ENSG00000181467	4905		0
RAP2C	ENSG00000123728	3784		0
RAPGEF1	ENSG00000107263	5944		0
RAPGEF2	ENSG00000109756	6470		0
RAPGEF3	ENSG00000079337	5662		0
RAPGEF4	ENSG00000091428	4295		0
RAPGEF5	ENSG00000136237	6622		0
RAPGEF6	ENSG00000158987	8350	ENSG00000273217	6112
RAPH1	ENSG00000173166	9699		0
RAPSN	ENSG00000165917	1622		0
RARA	ENSG00000131759	2415		0
RARB	ENSG00000077092	3085		0
RARG	ENSG00000172819	2917		0
RARRES1	ENSG00000118849	1713		0
RARRES2	ENSG00000106538	685		0
RARRES3	ENSG00000133321	746		0
RARS	ENSG00000113643	2120		0
RARS2	ENSG00000146282	1803		0
RASA1	ENSG00000145715	3753		0
RASA2	ENSG00000155903	5615		0
RASA3	ENSG00000185989	4191		0
RASA4B	ENSG00000170667	2795		0
RASAL1	ENSG00000111344	3203		0
RASAL2	ENSG00000075391	4379		0
RASAL3	ENSG00000105122	3266		0
RASD1	ENSG00000108551	1746		0
RASD2	ENSG00000100302	3411		0
RASEF	ENSG00000165105	5571		0
RASGEF1A	ENSG00000198915	3236		0
RASGEF1B	ENSG00000138670	2270		0
RASGEF1C	ENSG00000146090	2239		0
RASGRF1	ENSG00000058335	6238		0
RASGRF2	ENSG00000113319	8168		0
RASGRP1	ENSG00000172575	5023		0
RASGRP2	ENSG00000068831	2268		0
RASGRP3	ENSG00000152689	4327		0
RASGRP4	ENSG00000171777	3132		0
RASIP1	ENSG00000105538	3198		0
RASL10A	ENSG00000100276	1431		0
RASL10B	ENSG00000270885	3206		0
RASL11A	ENSG00000122035	1040		0
RASL11B	ENSG00000128045	1968	ENSG00000250302	1621
RASL12	ENSG00000103710	2519		0
RASSF1	ENSG00000068028	1847		0
RASSF10	ENSG00000189431	2531		0
RASSF2	ENSG00000101265	5390		0
RASSF3	ENSG00000153179	1032		0
RASSF4	ENSG00000107551	3631		0
RASSF6	ENSG00000169435	4139		0
RASSF7	ENSG00000099849	1929		0
RASSF8	ENSG00000123094	5511		0
RASSF9	ENSG00000198774	5515		0
RAVER1	ENSG00000161847	3484	ENSG00000267303	1693
RAVER2	ENSG00000162437	4364		0
RAX	ENSG00000134438	3194		0
RAX2	ENSG00000173976	2145		0
RB1	ENSG00000139687	4745		0
RB1CC1	ENSG00000023287	6633		0
RBAK	ENSG00000146587	4087	ENSG00000272968	343
RBAK-RBAKDN	ENSG00000272968	718	ENSG00000273313	436
RBBP4	ENSG00000162521	7883		0
RBBP5	ENSG00000117222	4367		0
RBBP6	ENSG00000122257	6230		0
RBBP7	ENSG00000102054	2281		0
RBBP8	ENSG00000101773	3275	ENSG00000284331	90
RBBP8NL	ENSG00000130701	2793		0
RBBP9	ENSG00000089050	3843		0
RBCK1	ENSG00000125826	2528		0
RBFA	ENSG00000101546	1331	ENSG00000267127	297
RBFOX1	ENSG00000078328	2886		0
RBFOX2	ENSG00000100320	6536		0
RBFOX3	ENSG00000167281	1326		0
RBL1	ENSG00000080839	5684		0
RBL2	ENSG00000103479	4854		0
RBM10	ENSG00000182872	3395		0
RBM11	ENSG00000185272	1935		0
RBM12	ENSG00000244462	6646	ENSG00000272897	228
RBM12B	ENSG00000183808	7262		0
RBM14	ENSG00000239306	2780	ENSG00000248643	432
RBM14-RBM4	ENSG00000248643	1566	ENSG00000173933	1133
RBM15	ENSG00000162775	2892		0
RBM15B	ENSG00000259956	6624		0
RBM17	ENSG00000134453	2708		0
RBM18	ENSG00000119446	4975		0
RBM19	ENSG00000122965	2978		0
RBM20	ENSG00000203867	7233		0
RBM22	ENSG00000086589	2298		0
RBM23	ENSG00000100461	10006		0
RBM24	ENSG00000112183	2684		0
RBM25	ENSG00000119707	6812		0
RBM26	ENSG00000139746	3625		0
RBM27	ENSG00000091009	6446	ENSG00000275740	2990
RBM28	ENSG00000106344	15507		0
RBM3	ENSG00000102317	2163		0
RBM33	ENSG00000184863	10150		0
RBM34	ENSG00000188739	1847		0
RBM38	ENSG00000132819	2383		0
RBM39	ENSG00000131051	2489		0
RBM4	ENSG00000173933	1607	ENSG00000248643	1134
RBM41	ENSG00000089682	1663		0
RBM42	ENSG00000126254	1680		0
RBM43	ENSG00000184898	4176		0
RBM44	ENSG00000177483	4246		0
RBM45	ENSG00000155636	1786		0
RBM46	ENSG00000151962	2524		0
RBM47	ENSG00000163694	4353		0
RBM48	ENSG00000127993	1720		0
RBM4B	ENSG00000173914	1682		0
RBM5	ENSG00000003756	3177		0
RBM6	ENSG00000004534	3630		0
RBM7	ENSG00000076053	3608	ENSG00000255663	429
RBMS1	ENSG00000153250	4273		0
RBMS2	ENSG00000076067	8380		0
RBMS3	ENSG00000144642	1490	ENSG00000283563	562
RBMX	ENSG00000147274	2012		0
RBMX2	ENSG00000134597	1510		0
RBMXL1	ENSG00000213516	4656	ENSG00000137944	45
RBMXL2	ENSG00000170748	1875		0
RBMXL3	ENSG00000175718	3443		0
RBMY1A1	ENSG00000234414	1921		0
RBMY1B	ENSG00000242875	1921		0
RBMY1D	ENSG00000244395	1921		0
RBMY1E	ENSG00000242389	1882		0
RBMY1F	ENSG00000169800	1862		0
RBMY1J	ENSG00000226941	1773	ENSG00000290336	112
RBP1	ENSG00000114115	517		0
RBP2	ENSG00000114113	694		0
RBP4	ENSG00000138207	1061		0
RBP5	ENSG00000139194	957		0
RBP7	ENSG00000162444	624		0
RBPJ	ENSG00000168214	5360		0
RBPJL	ENSG00000124232	2490		0
RBPMS	ENSG00000157110	2874		0
RBPMS2	ENSG00000166831	2009		0
RBSN	ENSG00000131381	6678	ENSG00000289750	2894
RBX1	ENSG00000100387	1169		0
RC3H1	ENSG00000135870	10989		0
RC3H2	ENSG00000056586	8714		0
RCAN1	ENSG00000159200	2108	ENSG00000288711	334
RCAN2	ENSG00000172348	2912		0
RCAN3	ENSG00000117602	2527		0
RCBTB1	ENSG00000136144	3813		0
RCBTB2	ENSG00000136161	2809		0
RCC1	ENSG00000180198	2408	ENSG00000242125	214
RCC2	ENSG00000179051	4040		0
RCCD1	ENSG00000166965	2675		0
RCE1	ENSG00000173653	1456	ENSG00000173715	106
RCHY1	ENSG00000163743	4405		0
RCL1	ENSG00000120158	2059		0
RCN1	ENSG00000049449	2369	ENSG00000285283	935
RCN2	ENSG00000117906	6217		0
RCN3	ENSG00000142552	1469		0
RCOR1	ENSG00000089902	5740		0
RCOR2	ENSG00000167771	2595		0
RCOR3	ENSG00000117625	2042		0
RCSD1	ENSG00000198771	2996		0
RCVRN	ENSG00000109047	2469		0
RD3	ENSG00000198570	3508		0
RD3L	ENSG00000227729	1201		0
RDH10	ENSG00000121039	3950		0
RDH11	ENSG00000072042	2539	ENSG00000258466	346
RDH12	ENSG00000139988	1878		0
RDH13	ENSG00000160439	1844	ENSG00000267149	825
RDH14	ENSG00000240857	1560	ENSG00000250741	264
RDH16	ENSG00000139547	1698		0
RDH5	ENSG00000135437	1270	ENSG00000258311	807
RDH8	ENSG00000080511	1481		0
RDM1	ENSG00000278023	1163		0
RDX	ENSG00000137710	4384		0
REC114	ENSG00000183324	920		0
RECK	ENSG00000122707	4408		0
RECQL	ENSG00000004700	3703		0
RECQL5	ENSG00000108469	3669		0
REEP1	ENSG00000068615	3829		0
REEP2	ENSG00000132563	2097		0
REEP3	ENSG00000165476	5167		0
REEP4	ENSG00000168476	1666		0
REEP5	ENSG00000129625	3008		0
REEP6	ENSG00000115255	1360		0
REG1A	ENSG00000115386	768		0
REG1B	ENSG00000172023	768		0
REG3A	ENSG00000172016	785		0
REG3G	ENSG00000143954	837		0
REG4	ENSG00000134193	1224		0
REL	ENSG00000162924	11106	ENSG00000267520	5702
RELA	ENSG00000173039	2517		0
RELB	ENSG00000104856	2258		0
RELL1	ENSG00000181826	908		0
RELL2	ENSG00000164620	2108		0
RELN	ENSG00000189056	11560		0
RELT	ENSG00000054967	3400		0
REM1	ENSG00000088320	1656		0
REM2	ENSG00000139890	1858		0
REN	ENSG00000143839	1447		0
RENBP	ENSG00000102032	1334		0
REP15	ENSG00000174236	1079		0
REPIN1	ENSG00000214022	3130		0
REPS1	ENSG00000135597	3154		0
REPS2	ENSG00000169891	7946		0
RER1	ENSG00000157916	3028		0
RERE	ENSG00000142599	7834		0
RERG	ENSG00000134533	2264		0
RERGL	ENSG00000111404	974		0
RESP18	ENSG00000182698	796		0
REST	ENSG00000084093	7301		0
RET	ENSG00000165731	5617		0
RETN	ENSG00000104918	515		0
RETNLB	ENSG00000163515	675		0
RETSAT	ENSG00000042445	3009		0
REV1	ENSG00000135945	4731		0
REV3L	ENSG00000009413	10699		0
REXO1	ENSG00000079313	4589	ENSG00000284216	15
REXO2	ENSG00000076043	1077	ENSG00000255663	161
REXO4	ENSG00000148300	2326		0
RFC1	ENSG00000035928	4859		0
RFC2	ENSG00000049541	1651		0
RFC3	ENSG00000133119	2302		0
RFC4	ENSG00000163918	1231		0
RFC5	ENSG00000111445	1656		0
RFESD	ENSG00000175449	1501		0
RFFL	ENSG00000092871	7078	ENSG00000267618	1012
RFK	ENSG00000135002	2596		0
RFNG	ENSG00000169733	1828		0
RFPL1	ENSG00000128250	1496		0
RFPL2	ENSG00000128253	1471		0
RFPL3	ENSG00000128276	1202		0
RFPL3S	ENSG00000205853	434		0
RFPL4A	ENSG00000223638	952		0
RFPL4AL1	ENSG00000229292	909		0
RFPL4B	ENSG00000251258	1898	ENSG00000281613	699
RFT1	ENSG00000163933	5081	ENSG00000272305	323
RFTN1	ENSG00000131378	2976		0
RFTN2	ENSG00000162944	5419		0
RFWD2	ENSG00000143207	2826		0
RFWD3	ENSG00000168411	4948		0
RFX1	ENSG00000132005	4333		0
RFX2	ENSG00000087903	3959		0
RFX3	ENSG00000080298	9240		0
RFX4	ENSG00000111783	3858		0
RFX5	ENSG00000143390	3569		0
RFX6	ENSG00000185002	3459		0
RFX7	ENSG00000181827	10425		0
RFX8	ENSG00000196460	1687		0
RFXANK	ENSG00000064490	1376		0
RFXAP	ENSG00000133111	2305		0
RGAG1	ENSG00000243978	5347		0
RGAG4	ENSG00000242732	4106		0
RGCC	ENSG00000102760	950		0
RGL1	ENSG00000143344	4519		0
RGL2	ENSG00000237441	2896		0
RGL3	ENSG00000205517	2511		0
RGL4	ENSG00000159496	2725		0
RGMA	ENSG00000182175	11351		0
RGMB	ENSG00000174136	4174		0
RGN	ENSG00000130988	2168		0
RGP1	ENSG00000107185	7018		0
RGPD1	ENSG00000187627	6628		0
RGPD2	ENSG00000185304	6770		0
RGPD3	ENSG00000153165	5595		0
RGPD4	ENSG00000196862	5465		0
RGPD5	ENSG00000015568	7254		0
RGPD6	ENSG00000183054	7166		0
RGPD8	ENSG00000169629	5577		0
RGR	ENSG00000148604	2235		0
RGS1	ENSG00000090104	1352		0
RGS10	ENSG00000148908	805		0
RGS11	ENSG00000076344	2384		0
RGS12	ENSG00000159788	4666		0
RGS13	ENSG00000127074	1509		0
RGS14	ENSG00000169220	2323		0
RGS16	ENSG00000143333	2408		0
RGS17	ENSG00000091844	7773		0
RGS18	ENSG00000150681	2145		0
RGS19	ENSG00000171700	1593		0
RGS2	ENSG00000116741	1347		0
RGS20	ENSG00000147509	2105		0
RGS21	ENSG00000253148	1794		0
RGS22	ENSG00000132554	4229		0
RGS3	ENSG00000138835	3967		0
RGS4	ENSG00000117152	2984		0
RGS5	ENSG00000143248	5666		0
RGS6	ENSG00000182732	1765		0
RGS7	ENSG00000182901	2470		0
RGS7BP	ENSG00000186479	4161		0
RGS8	ENSG00000135824	1352		0
RGS9	ENSG00000108370	2376		0
RGS9BP	ENSG00000186326	2453		0
RGSL1	ENSG00000121446	3696		0
RHAG	ENSG00000112077	1895		0
RHBDD1	ENSG00000144468	4760		0
RHBDD2	ENSG00000005486	1716		0
RHBDD3	ENSG00000100263	1774		0
RHBDF1	ENSG00000007384	2992		0
RHBDF2	ENSG00000129667	3268		0
RHBDL1	ENSG00000103269	1458		0
RHBDL2	ENSG00000158315	1837		0
RHBDL3	ENSG00000141314	4660	ENSG00000265794	95
RHCE	ENSG00000188672	1571		0
RHCG	ENSG00000140519	1952		0
RHD	ENSG00000187010	2814		0
RHEB	ENSG00000106615	2046		0
RHEBL1	ENSG00000167550	1165		0
RHNO1	ENSG00000171792	1925		0
RHO	ENSG00000163914	2593		0
RHOA	ENSG00000067560	1805	ENSG00000290318	698
RHOB	ENSG00000143878	2367		0
RHOBTB1	ENSG00000072422	4411		0
RHOBTB2	ENSG00000008853	5452		0
RHOBTB3	ENSG00000164292	5370		0
RHOC	ENSG00000155366	1117	ENSG00000271810	399
RHOD	ENSG00000173156	1100		0
RHOF	ENSG00000139725	2435		0
RHOG	ENSG00000177105	1295		0
RHOH	ENSG00000168421	939		0
RHOJ	ENSG00000126785	3267		0
RHOQ	ENSG00000119729	2976		0
RHOT1	ENSG00000126858	2517		0
RHOT2	ENSG00000140983	2490		0
RHOU	ENSG00000116574	3965		0
RHOV	ENSG00000104140	1650		0
RHOXF1	ENSG00000101883	746		0
RHOXF2	ENSG00000131721	2848		0
RHOXF2B	ENSG00000203989	1257		0
RHPN1	ENSG00000158106	3684		0
RHPN2	ENSG00000131941	3501		0
RIBC1	ENSG00000158423	1421		0
RIC1	ENSG00000107036	6775		0
RIC3	ENSG00000166405	2900		0
RIC8A	ENSG00000177963	2685	ENSG00000283920	1
RIC8B	ENSG00000111785	2398		0
RICTOR	ENSG00000164327	9533		0
RIF1	ENSG00000080345	7878		0
RIIAD1	ENSG00000178796	450		0
RILP	ENSG00000167705	1560		0
RILPL1	ENSG00000188026	3932		0
RILPL2	ENSG00000150977	1752		0
RIMBP2	ENSG00000060709	4710		0
RIMBP3	ENSG00000275793	6105	ENSG00000222630	289
RIMBP3B	ENSG00000274600	5728	ENSG00000200057	288
RIMBP3C	ENSG00000183246	5785		0
RIMKLA	ENSG00000177181	8910		0
RIMKLB	ENSG00000166532	2145		0
RIMS1	ENSG00000079841	5080		0
RIMS2	ENSG00000176406	4113		0
RIMS3	ENSG00000117016	7234		0
RIMS4	ENSG00000101098	5203		0
RIN1	ENSG00000174791	2599		0
RIN2	ENSG00000132669	4244		0
RIN3	ENSG00000100599	3852		0
RING1	ENSG00000204227	1741		0
RINL	ENSG00000187994	1847		0
RINT1	ENSG00000135249	2860		0
RIOK1	ENSG00000124784	2498		0
RIOK2	ENSG00000058729	3909		0
RIOK3	ENSG00000101782	3574		0
RIPK1	ENSG00000137275	4090		0
RIPK2	ENSG00000104312	2515		0
RIPK3	ENSG00000129465	1872	ENSG00000258973	358
RIPK4	ENSG00000183421	3831		0
RIPPLY1	ENSG00000147223	1172		0
RIPPLY2	ENSG00000203877	570		0
RIPPLY3	ENSG00000183145	2096		0
RIT1	ENSG00000143622	3390		0
RIT2	ENSG00000152214	1086		0
RITA1	ENSG00000139405	1847		0
RLBP1	ENSG00000140522	1638		0
RLF	ENSG00000117000	6232		0
RLIM	ENSG00000131263	8318		0
RLN1	ENSG00000107018	968		0
RLN2	ENSG00000107014	925		0
RLN3	ENSG00000171136	580		0
RLTPR	ENSG00000159753	4462		0
RMDN1	ENSG00000176623	2970		0
RMDN2	ENSG00000115841	1382		0
RMDN3	ENSG00000137824	2246		0
RMI1	ENSG00000178966	3300		0
RMI2	ENSG00000175643	1427		0
RMND1	ENSG00000155906	1855		0
RMND5A	ENSG00000153561	6183		0
RMND5B	ENSG00000145916	1911		0
RNASE1	ENSG00000129538	914		0
RNASE10	ENSG00000182545	703		0
RNASE11	ENSG00000173464	1101	ENSG00000259060	157
RNASE12	ENSG00000258436	570	ENSG00000259060	169
RNASE13	ENSG00000206150	1608		0
RNASE2	ENSG00000169385	720		0
RNASE3	ENSG00000169397	721		0
RNASE4	ENSG00000258818	2060	ENSG00000259171	1394
RNASE6	ENSG00000169413	844		0
RNASE7	ENSG00000165799	1362		0
RNASE8	ENSG00000173431	634		0
RNASE9	ENSG00000188655	1049		0
RNASEH1	ENSG00000171865	1605	ENSG00000286905	989
RNASEH2A	ENSG00000104889	1161		0
RNASEH2B	ENSG00000136104	1513		0
RNASEH2C	ENSG00000172922	2645		0
RNASEK-C17orf49	ENSG00000161939	784	ENSG00000258315	637
RNASEL	ENSG00000135828	4238		0
RNASET2	ENSG00000026297	1224	ENSG00000249141	434
RND1	ENSG00000172602	1653		0
RND2	ENSG00000108830	4148		0
RND3	ENSG00000115963	2684		0
RNF10	ENSG00000022840	3814	ENSG00000288623	261
RNF103	ENSG00000239305	3472	ENSG00000249884	140
RNF103-CHMP3	ENSG00000249884	1135	ENSG00000115561	761
RNF11	ENSG00000123091	3074		0
RNF111	ENSG00000157450	5905		0
RNF112	ENSG00000128482	3174		0
RNF113A	ENSG00000125352	1259		0
RNF113B	ENSG00000139797	1376		0
RNF114	ENSG00000124226	2447		0
RNF121	ENSG00000137522	2280		0
RNF122	ENSG00000133874	1869		0
RNF123	ENSG00000164068	4253		0
RNF125	ENSG00000101695	5567	ENSG00000263917	539
RNF126	ENSG00000070423	1631		0
RNF128	ENSG00000133135	2780		0
RNF13	ENSG00000082996	2336		0
RNF130	ENSG00000113269	1904		0
RNF133	ENSG00000188050	1383		0
RNF135	ENSG00000181481	2054	ENSG00000286194	30
RNF138	ENSG00000134758	3551	ENSG00000263917	26
RNF139	ENSG00000170881	2495		0
RNF14	ENSG00000013561	3931		0
RNF141	ENSG00000110315	4045		0
RNF144A	ENSG00000151692	5720		0
RNF144B	ENSG00000137393	5032		0
RNF145	ENSG00000145860	2403		0
RNF146	ENSG00000118518	2111		0
RNF148	ENSG00000235631	1255		0
RNF149	ENSG00000163162	2459		0
RNF150	ENSG00000170153	9805		0
RNF151	ENSG00000179580	771		0
RNF152	ENSG00000176641	8745		0
RNF157	ENSG00000141576	4934		0
RNF165	ENSG00000141622	7597		0
RNF166	ENSG00000158717	1864		0
RNF167	ENSG00000108523	1506		0
RNF168	ENSG00000163961	5347		0
RNF169	ENSG00000166439	7824		0
RNF17	ENSG00000132972	5102		0
RNF170	ENSG00000120925	3764	ENSG00000284062	23
RNF175	ENSG00000145428	1358		0
RNF180	ENSG00000164197	4907		0
RNF181	ENSG00000168894	558		0
RNF182	ENSG00000180537	3255		0
RNF183	ENSG00000165188	1129		0
RNF185	ENSG00000138942	3172		0
RNF186	ENSG00000178828	1250		0
RNF187	ENSG00000168159	2696		0
RNF19A	ENSG00000034677	4099		0
RNF19B	ENSG00000116514	2553		0
RNF2	ENSG00000121481	3407		0
RNF20	ENSG00000155827	3938		0
RNF207	ENSG00000158286	3925		0
RNF208	ENSG00000212864	1124		0
RNF212	ENSG00000178222	2335		0
RNF212B	ENSG00000215277	1418		0
RNF213	ENSG00000173821	21056	ENSG00000280248	459
RNF214	ENSG00000167257	2709		0
RNF215	ENSG00000099999	1988		0
RNF216	ENSG00000011275	3218		0
RNF217	ENSG00000146373	11326		0
RNF219	ENSG00000152193	3506		0
RNF220	ENSG00000187147	3038		0
RNF222	ENSG00000189051	2784		0
RNF223	ENSG00000237330	1900		0
RNF224	ENSG00000233198	1567		0
RNF225	ENSG00000269855	991		0
RNF24	ENSG00000101236	7206		0
RNF25	ENSG00000163481	1477		0
RNF26	ENSG00000173456	2783		0
RNF31	ENSG00000092098	3502	ENSG00000259529	3458
RNF32	ENSG00000105982	1673		0
RNF34	ENSG00000170633	1986		0
RNF38	ENSG00000137075	4735		0
RNF39	ENSG00000204618	2084		0
RNF4	ENSG00000063978	2919	ENSG00000290180	298
RNF40	ENSG00000103549	5309		0
RNF41	ENSG00000181852	5592		0
RNF43	ENSG00000108375	4340	ENSG00000285897	3030
RNF44	ENSG00000146083	4122		0
RNF5	ENSG00000204308	1117	ENSG00000277264	1
RNF6	ENSG00000127870	3208		0
RNF7	ENSG00000114125	2669	ENSG00000285558	43
RNF8	ENSG00000112130	5616		0
RNFT1	ENSG00000189050	2101	ENSG00000267104	536
RNFT2	ENSG00000135119	3858		0
RNGTT	ENSG00000111880	4451		0
RNH1	ENSG00000023191	1649		0
RNLS	ENSG00000184719	1448		0
RNMT	ENSG00000101654	6236		0
RNMTL1	ENSG00000171861	1729		0
RNPC3	ENSG00000185946	1882		0
RNPEP	ENSG00000176393	2399	ENSG00000275207	1
RNPEPL1	ENSG00000142327	5559		0
RNPS1	ENSG00000205937	1879		0
ROBO1	ENSG00000169855	4983		0
ROBO2	ENSG00000185008	8733		0
ROBO3	ENSG00000154134	4523		0
ROBO4	ENSG00000154133	4294		0
ROCK1	ENSG00000067900	9446		0
ROCK2	ENSG00000134318	8293		0
ROGDI	ENSG00000067836	1418	ENSG00000285952	623
ROM1	ENSG00000149489	727		0
ROMO1	ENSG00000125995	361		0
ROPN1	ENSG00000065371	791		0
ROPN1B	ENSG00000114547	1054		0
ROPN1L	ENSG00000145491	937		0
ROR1	ENSG00000185483	5833		0
ROR2	ENSG00000169071	4092		0
RORA	ENSG00000069667	10827		0
RORB	ENSG00000198963	9552		0
RORC	ENSG00000143365	2111		0
ROS1	ENSG00000047936	7391	ENSG00000282218	342
RP1	ENSG00000104237	7071		0
RP1-138B7.6	ENSG00000277611	566	ENSG00000101049	365
RP1-139D8.6	ENSG00000287363	540	ENSG00000290147	149
RP1-179P9.3	ENSG00000282218	930	ENSG00000047932	547
RP1-27O5.3	ENSG00000254553	3447	ENSG00000160062	1782
RP1-309K20.6	ENSG00000272897	872	ENSG00000214078	356
RP1-317E23.6	ENSG00000255054	334	ENSG00000117640	211
RP1-321E8.5	ENSG00000278646	291		0
RP1-34B20.21	ENSG00000282988	948	ENSG00000197409	483
RP1-37E16.12	ENSG00000100101	4904	ENSG00000100106	4116
RP1-4G17.5	ENSG00000262302	489	ENSG00000181885	269
RP1-66C13.4	ENSG00000266202	582	ENSG00000232859	286
RP11-101E3.5	ENSG00000251184	378	ENSG00000095319	284
RP11-1035H13.3	ENSG00000260342	764	ENSG00000170540	546
RP11-106M3.2	ENSG00000260729	4374	ENSG00000140488	3212
RP11-106M3.5	ENSG00000273025	1902	ENSG00000140488	1546
RP11-108K14.8	ENSG00000148824	1223	ENSG00000254536	1116
RP11-1099M24.7	ENSG00000262730	348	ENSG00000170049	252
RP11-111H13.1	ENSG00000241962	1947	ENSG00000185414	564
RP11-111K18.1	ENSG00000136197	1649	ENSG00000106588	782
RP11-111M22.2	ENSG00000179240	5360		0
RP11-11N7.5	ENSG00000153187	146		0
RP11-1236K1.1	ENSG00000233050	240		0
RP11-123K3.4	ENSG00000258830	2107	ENSG00000179912	1877
RP11-12J10.3	ENSG00000258539	3422	ENSG00000189319	1080
RP11-140L24.4	ENSG00000256206	1221	ENSG00000129084	802
RP11-141O19.1	ENSG00000283093	1620		0
RP11-145E5.5	ENSG00000264545	622	ENSG00000099810	460
RP11-146B14.1	ENSG00000293552	3406	ENSG00000107077	2441
RP11-14J7.7	ENSG00000259060	578	ENSG00000258436	170
RP11-152F13.10	ENSG00000260836	881	ENSG00000214575	779
RP11-156P1.2	ENSG00000262633	889	ENSG00000108433	616
RP11-159D12.5	ENSG00000266086	711	ENSG00000264112	375
RP11-15K19.2	ENSG00000249773	1732	ENSG00000178665	1083
RP11-162P23.2	ENSG00000257767	784	ENSG00000111275	680
RP11-166B2.1	ENSG00000234719	1194		0
RP11-166N6.3	ENSG00000260234	1189	ENSG00000214237	868
RP11-176H8.1	ENSG00000203546	474	ENSG00000129493	212
RP11-178C3.1	ENSG00000267318	481	ENSG00000108443	150
RP11-178L8.4	ENSG00000131152	953	ENSG00000260456	566
RP11-195F19.29	ENSG00000258728	902	ENSG00000213930	462
RP11-195F19.5	ENSG00000187186	1521	ENSG00000261215	1209
RP11-196G11.1	ENSG00000255439	725	ENSG00000167397	351
RP11-201K10.3	ENSG00000273088	753	ENSG00000163463	439
RP11-20I23.1	ENSG00000260272	1944	ENSG00000162065	1080
RP11-20I23.3	ENSG00000259784	596	ENSG00000162066	378
RP11-212D19.4	ENSG00000255663	729	ENSG00000076053	432
RP11-215A19.2	ENSG00000272297	700	ENSG00000168412	147
RP11-216L13.16	ENSG00000204003	2420	ENSG00000187922	1885
RP11-216L13.17	ENSG00000272896	735	ENSG00000213213	395
RP11-219A15.1	ENSG00000170160	2306	ENSG00000266302	2306
RP11-229P13.27	ENSG00000279073	765	ENSG00000180549	494
RP11-231C18.3	ENSG00000282278	2550	ENSG00000134853	1534
RP11-234B24.6	ENSG00000130035	530	ENSG00000139180	240
RP11-235E17.2	ENSG00000262304	4753	ENSG00000197417	2719
RP11-240B13.2	ENSG00000258417	2413	ENSG00000253117	1725
RP11-244H3.4	ENSG00000271741	3099	ENSG00000163867	2220
RP11-248J23.7	ENSG00000270099	492	ENSG00000188649	263
RP11-257K9.8	ENSG00000243501	1636	ENSG00000135314	731
RP11-26J3.4	ENSG00000276418	1527	ENSG00000147586	472
RP11-277P12.6	ENSG00000255641	998	ENSG00000205810	649
RP11-287D1.3	ENSG00000264324	5059	ENSG00000188687	3745
RP11-290H9.2	ENSG00000259753	2785	ENSG00000259207	2267
RP11-293I14.2	ENSG00000258064	771	ENSG00000139291	576
RP11-295K3.1	ENSG00000250644	998	ENSG00000117984	683
RP11-295P9.13	ENSG00000165630	578		0
RP11-296A16.1	ENSG00000262560	2326	ENSG00000128886	1555
RP11-298I3.5	ENSG00000259132	835	ENSG00000092036	786
RP11-2C24.9	ENSG00000282034	11692	ENSG00000080603	10137
RP11-302B13.5	ENSG00000272822	939	ENSG00000134287	533
RP11-302M6.4	ENSG00000271949	654	ENSG00000171492	329
RP11-307N16.6	ENSG00000273167	4157	ENSG00000182957	3403
RP11-310K10.1	ENSG00000197991	6347	ENSG00000280165	4661
RP11-310N16.1	ENSG00000279956	2103	ENSG00000138039	900
RP11-314N13.10	ENSG00000274322	573	ENSG00000125775	190
RP11-315D16.2	ENSG00000260007	719	ENSG00000129007	502
RP11-318A15.7	ENSG00000267168	479	ENSG00000181038	238
RP11-321N4.5	ENSG00000271793	836	ENSG00000135317	493
RP11-322E11.6	ENSG00000267140	455	ENSG00000267583	234
RP11-322N21.2	ENSG00000250719	395	ENSG00000278139	251
RP11-330H6.5	ENSG00000173366	3695	ENSG00000239732	3233
RP11-33O4.2	ENSG00000280537	2745	ENSG00000187736	1309
RP11-343C2.11	ENSG00000260914	1284	ENSG00000132612	1191
RP11-343C2.12	ENSG00000213380	888	ENSG00000272617	887
RP11-343C2.7	ENSG00000259900	722	ENSG00000157315	466
RP11-343C2.9	ENSG00000260371	564	ENSG00000213380	467
RP11-345J4.3	ENSG00000290678	1693	ENSG00000258150	311
RP11-345J4.5	ENSG00000261740	937	ENSG00000288632	683
RP11-347C12.3	ENSG00000290692	1693	ENSG00000258130	311
RP11-350O14.18	ENSG00000261793	460	ENSG00000184709	333
RP11-371E8.4	ENSG00000259066	554	ENSG00000012963	291
RP11-382A20.3	ENSG00000166503	12538		0
RP11-385D13.1	ENSG00000251537	5514	ENSG00000241322	1342
RP11-385J1.3	ENSG00000275163	1391	ENSG00000197584	1138
RP11-38C17.1	ENSG00000273155	669	ENSG00000185414	380
RP11-400G3.5	ENSG00000276490	2395	ENSG00000165841	1464
RP11-403P17.5	ENSG00000260851	701	ENSG00000261656	406
RP11-404P21.8	ENSG00000258691	600	ENSG00000100739	376
RP11-407N17.3	ENSG00000150527	4379		0
RP11-411B6.6	ENSG00000255339	1234	ENSG00000075826	574
RP11-426L16.10	ENSG00000271810	813	ENSG00000155367	414
RP11-432B6.3	ENSG00000248710	3360	ENSG00000068885	1954
RP11-434D12.1	ENSG00000268279	653	ENSG00000170876	237
RP11-435I10.4	ENSG00000188603	1295	ENSG00000261832	411
RP11-437B10.1	ENSG00000173575	452	ENSG00000272888	225
RP11-438J1.1	ENSG00000272410	2270	ENSG00000157014	2125
RP11-444E17.6	ENSG00000272442	3513	ENSG00000249481	2658
RP11-446E24.4	ENSG00000256407	1064	ENSG00000215883	668
RP11-447L10.1	ENSG00000272741	708	ENSG00000213123	387
RP11-449H3.3	ENSG00000275740	3311	ENSG00000091009	2984
RP11-457D20.2	ENSG00000278499	1026		0
RP11-45M22.4	ENSG00000264187	1693	ENSG00000154803	1145
RP11-463C8.4	ENSG00000259164	603	ENSG00000165548	363
RP11-463D19.2	ENSG00000258677	776	ENSG00000104343	474
RP11-468E2.1	ENSG00000254692	2740	ENSG00000100926	2097
RP11-468E2.2	ENSG00000196497	298	ENSG00000259522	298
RP11-468E2.4	ENSG00000259529	3849	ENSG00000092098	1727
RP11-468E2.6	ENSG00000259371	850	ENSG00000139914	555
RP11-474G23.1	ENSG00000273398	2306	ENSG00000243667	1159
RP11-475E11.9	ENSG00000162641	434	ENSG00000121940	124
RP11-47I22.4	ENSG00000258989	779	ENSG00000027075	420
RP11-484M3.5	ENSG00000251012	246	ENSG00000163424	214
RP11-49K24.6	ENSG00000267228	561	ENSG00000134049	403
RP11-49P4.7	ENSG00000282881	1449		0
RP11-500M8.7	ENSG00000272921	818	ENSG00000139180	606
RP11-505K9.4	ENSG00000103150	302	ENSG00000288849	302
RP11-506B6.7	ENSG00000281613	894	ENSG00000251258	698
RP11-511P7.5	ENSG00000284691	995	ENSG00000284048	90
RP11-512M8.5	ENSG00000256861	2748	ENSG00000139719	1610
RP11-514O12.4	ENSG00000249141	600	ENSG00000026297	434
RP11-514P8.6	ENSG00000205236	3569	ENSG00000105808	2596
RP11-514P8.7	ENSG00000270249	911	ENSG00000168255	494
RP11-51F16.8	ENSG00000125695	2128	ENSG00000266173	1971
RP11-51L5.7	ENSG00000263887	212	ENSG00000290800	184
RP11-520P18.5	ENSG00000261667	815		0
RP11-529K1.3	ENSG00000260537	2110	ENSG00000168872	1876
RP11-540D14.8	ENSG00000251246	1042	ENSG00000143590	853
RP11-542C16.2	ENSG00000261915	2571	ENSG00000132522	1176
RP11-544M22.13	ENSG00000270149	2096	ENSG00000158769	1854
RP11-545J16.1	ENSG00000257046	2451	ENSG00000111700	1930
RP11-546B8.6	ENSG00000275038	2776		0
RP11-548K23.11	ENSG00000249967	1848	ENSG00000155252	1173
RP11-552F3.12	ENSG00000267426	550	ENSG00000188878	388
RP11-561B11.2	ENSG00000258790	3857	ENSG00000100890	2855
RP11-566K11.2	ENSG00000198211	2776	ENSG00000258947	1584
RP11-574F21.3	ENSG00000132716	1949	ENSG00000162735	688
RP11-574K11.31	ENSG00000272916	5818	ENSG00000166507	3722
RP11-577H5.5	ENSG00000267645	1598	ENSG00000267368	1157
RP11-58C22.1	ENSG00000287694	285	ENSG00000152910	158
RP11-598P20.5	ENSG00000254673	623	ENSG00000168522	552
RP11-599B13.6	ENSG00000263620	460	ENSG00000220205	403
RP11-603J24.9	ENSG00000257411	489	ENSG00000170515	458
RP11-613M10.8	ENSG00000256966	717	ENSG00000147912	436
RP11-613M10.9	ENSG00000255872	2591	ENSG00000107338	1388
RP11-637O19.3	ENSG00000272162	1589	ENSG00000153157	1357
RP11-644F5.10	ENSG00000258311	3382	ENSG00000135437	805
RP11-65B7.2	ENSG00000281883	1792	ENSG00000179630	647
RP11-691N7.6	ENSG00000254732	580	ENSG00000198561	289
RP11-697E2.12	ENSG00000275674	518	ENSG00000214433	93
RP11-697E2.6	ENSG00000261147	3838	ENSG00000213471	1906
RP11-701H24.9	ENSG00000214265	1325	ENSG00000128739	277
RP11-717K11.2	ENSG00000038210	1297	ENSG00000281501	82
RP11-723O4.6	ENSG00000114656	2199		0
RP11-724O16.1	ENSG00000251569	1935	ENSG00000163093	984
RP11-729L2.2	ENSG00000267699	1228	ENSG00000141646	814
RP11-736N17.11	ENSG00000283071	732		0
RP11-73M18.2	ENSG00000256500	2505	ENSG00000126214	1651
RP11-745O10.4	ENSG00000228144	984	ENSG00000155957	665
RP11-761B3.1	ENSG00000273269	983	ENSG00000239605	543
RP11-762I7.5	ENSG00000257390	1807	ENSG00000135392	974
RP11-766F14.2	ENSG00000248713	10086		0
RP11-77K12.1	ENSG00000261717	530	ENSG00000166822	325
RP11-77K12.7	ENSG00000260092	2125	ENSG00000135702	1968
RP11-793H13.10	ENSG00000267281	1609	ENSG00000170653	1255
RP11-795F19.5	ENSG00000267127	2218	ENSG00000101546	220
RP11-80H18.3	ENSG00000163684	1433	ENSG00000255154	1286
RP11-812E19.9	ENSG00000259680	349		0
RP11-831H9.11	ENSG00000255432	577	ENSG00000185085	307
RP11-834C11.12	ENSG00000273049	777	ENSG00000172789	611
RP11-849F2.7	ENSG00000263809	3087	ENSG00000184619	1955
RP11-849H4.2	ENSG00000254469	934	ENSG00000289716	625
RP11-864I4.1	ENSG00000255508	5064	ENSG00000149016	1512
RP11-872D17.8	ENSG00000254979	681	ENSG00000186652	378
RP11-87C12.2	ENSG00000256950	576	ENSG00000110801	392
RP11-886H22.1	ENSG00000266997	936	ENSG00000167306	552
RP11-903H12.5	ENSG00000259171	1498	ENSG00000258818	1395
RP11-934B9.3	ENSG00000258973	930	ENSG00000129467	360
RP11-96L14.7	ENSG00000236782	1383		0
RP11-96L14.8	ENSG00000282872	644		0
RP11-96O20.4	ENSG00000260170	1060	ENSG00000137767	881
RP11-977G19.10	ENSG00000144785	937	ENSG00000257727	718
RP13-1032I1.10	ENSG00000262660	1922	ENSG00000183048	1222
RP13-147D17.3	ENSG00000282815	4517		0
RP13-279N23.2	ENSG00000159423	1517	ENSG00000179002	1454
RP13-347D8.7	ENSG00000277535	1148		0
RP13-512J5.1	ENSG00000286905	396	ENSG00000242282	328
RP13-582O9.6	ENSG00000264668	2897	ENSG00000181638	1685
RP13-672B3.2	ENSG00000256632	567	ENSG00000176894	410
RP1L1	ENSG00000183638	7973		0
RP2	ENSG00000102218	3700		0
RP3-369A17.6	ENSG00000282804	654	ENSG00000260286	466
RP3-382I10.7	ENSG00000213204	2301	ENSG00000272514	2013
RP3-403A15.5	ENSG00000255330	11464	ENSG00000189367	7908
RP3-468K18.5	ENSG00000257065	762	ENSG00000112419	293
RP3-468K18.7	ENSG00000280148	1496	ENSG00000118491	857
RP4-539M6.19	ENSG00000249590	1470	ENSG00000242114	887
RP4-559A3.7	ENSG00000255835	1625	ENSG00000243709	883
RP4-583P15.14	ENSG00000273047	252	ENSG00000203896	231
RP4-608O15.3	ENSG00000080910	885	ENSG00000244414	159
RP4-613B23.5	ENSG00000280571	443	ENSG00000181061	309
RP4-614O4.11	ENSG00000261582	529	ENSG00000242372	284
RP4-734P14.4	ENSG00000256566	823	ENSG00000088876	567
RP4-777O23.3	ENSG00000281039	687	ENSG00000006625	442
RP5-1021I20.4	ENSG00000258653	3695	ENSG00000119725	2323
RP5-1028K7.3	ENSG00000264058	2502	ENSG00000213424	1011
RP5-1042K10.14	ENSG00000239900	90	ENSG00000284431	90
RP5-1052I5.2	ENSG00000267561	2013	ENSG00000267272	1168
RP5-1052M9.5	ENSG00000282419	4203		0
RP5-1187M17.10	ENSG00000088899	4101		0
RP5-850E9.3	ENSG00000270299	2714	ENSG00000271303	2293
RP5-860F19.8	ENSG00000241690	1866	ENSG00000198326	1519
RP5-862P8.2	ENSG00000143674	5810		0
RP5-864K19.6	ENSG00000274944	609	ENSG00000214114	439
RP5-874C20.8	ENSG00000276302	557	ENSG00000197062	270
RP5-877J2.1	ENSG00000250424	1531	ENSG00000240583	911
RP5-966M1.6	ENSG00000243696	5640	ENSG00000055955	2961
RP5-972B16.2	ENSG00000250349	954	ENSG00000156298	676
RP6-24A23.6	ENSG00000133124	564		0
RP9	ENSG00000164610	1121		0
RPA1	ENSG00000132383	4319		0
RPA2	ENSG00000117748	1584		0
RPA3	ENSG00000106399	2020		0
RPA4	ENSG00000204086	1560		0
RPAIN	ENSG00000129197	994		0
RPAP1	ENSG00000103932	4663		0
RPAP2	ENSG00000122484	16899		0
RPAP3	ENSG00000005175	4339		0
RPE	ENSG00000197713	2496		0
RPE65	ENSG00000116745	2605		0
RPEL1	ENSG00000235376	2130		0
RPF1	ENSG00000117133	1386		0
RPF2	ENSG00000197498	1508		0
RPGR	ENSG00000156313	2048		0
RPGRIP1	ENSG00000092200	3941		0
RPGRIP1L	ENSG00000103494	7695		0
RPH3A	ENSG00000089169	2962		0
RPH3AL	ENSG00000181031	2543		0
RPIA	ENSG00000153574	1813		0
RPL10	ENSG00000147403	749		0
RPL10A	ENSG00000198755	712	ENSG00000276712	1
RPL10L	ENSG00000165496	772		0
RPL11	ENSG00000142676	607		0
RPL12	ENSG00000197958	633		0
RPL13	ENSG00000167526	2187		0
RPL13A	ENSG00000142541	1127	ENSG00000273189	85
RPL14	ENSG00000188846	7025		0
RPL15	ENSG00000174748	2143		0
RPL17	ENSG00000265681	614	ENSG00000215472	520
RPL17-C18orf32	ENSG00000215472	1440	ENSG00000177576	919
RPL18	ENSG00000063177	643	ENSG00000268093	265
RPL18A	ENSG00000105640	631		0
RPL19	ENSG00000108298	732		0
RPL21	ENSG00000122026	566		0
RPL22	ENSG00000116251	2061	ENSG00000285629	230
RPL22L1	ENSG00000163584	1902		0
RPL23	ENSG00000125691	626		0
RPL23A	ENSG00000198242	970		0
RPL24	ENSG00000114391	560		0
RPL26	ENSG00000161970	525	ENSG00000263809	346
RPL26L1	ENSG00000037241	622		0
RPL27	ENSG00000131469	442		0
RPL27A	ENSG00000166441	4535		0
RPL28	ENSG00000108107	4209	ENSG00000284029	1
RPL29	ENSG00000162244	677		0
RPL3	ENSG00000100316	1295		0
RPL30	ENSG00000156482	467		0
RPL31	ENSG00000071082	1291		0
RPL32	ENSG00000144713	2094		0
RPL34	ENSG00000109475	431		0
RPL35	ENSG00000136942	452		0
RPL35A	ENSG00000182899	1234		0
RPL36	ENSG00000130255	366		0
RPL36A	ENSG00000241343	401	ENSG00000257529	332
RPL36A-HNRNPH2	ENSG00000257529	562	ENSG00000241343	333
RPL36AL	ENSG00000165502	676		0
RPL37	ENSG00000145592	7573		0
RPL37A	ENSG00000197756	2992		0
RPL38	ENSG00000172809	335		0
RPL39	ENSG00000198918	389		0
RPL39L	ENSG00000163923	653		0
RPL3L	ENSG00000140986	2145		0
RPL4	ENSG00000174444	2741		0
RPL41	ENSG00000229117	652		0
RPL5	ENSG00000122406	1028		0
RPL6	ENSG00000089009	912		0
RPL7	ENSG00000147604	837		0
RPL7A	ENSG00000148303	887		0
RPL7L1	ENSG00000146223	4477		0
RPL8	ENSG00000161016	966	ENSG00000283764	1
RPL9	ENSG00000163682	724		0
RPLP0	ENSG00000089157	1105		0
RPLP1	ENSG00000137818	1163		0
RPLP2	ENSG00000177600	461		0
RPN1	ENSG00000163902	2284		0
RPN2	ENSG00000118705	2227		0
RPP14	ENSG00000163684	3250	ENSG00000255154	3127
RPP21	ENSG00000241370	526	ENSG00000248167	452
RPP25	ENSG00000178718	2355		0
RPP25L	ENSG00000164967	872		0
RPP30	ENSG00000148688	2331		0
RPP38	ENSG00000152464	1362		0
RPP40	ENSG00000124787	1474		0
RPRD1A	ENSG00000141425	4421		0
RPRD1B	ENSG00000101413	3672		0
RPRD2	ENSG00000163125	4613		0
RPRM	ENSG00000177519	1425		0
RPRML	ENSG00000179673	1093		0
RPS10	ENSG00000124614	588	ENSG00000270800	496
RPS10-NUDT3	ENSG00000270800	877	ENSG00000124614	473
RPS11	ENSG00000142534	554		0
RPS12	ENSG00000112306	503		0
RPS13	ENSG00000110700	527		0
RPS14	ENSG00000164587	1592		0
RPS15	ENSG00000115268	500		0
RPS15A	ENSG00000134419	2203	ENSG00000260342	218
RPS16	ENSG00000105193	561		0
RPS18	ENSG00000231500	548		0
RPS19	ENSG00000105372	2021	ENSG00000276926	1
RPS19BP1	ENSG00000187051	820		0
RPS2	ENSG00000140988	945		0
RPS20	ENSG00000008988	519		0
RPS21	ENSG00000171858	345		0
RPS23	ENSG00000186468	3215		0
RPS24	ENSG00000138326	511		0
RPS25	ENSG00000118181	483		0
RPS26	ENSG00000197728	1118		0
RPS27	ENSG00000177954	347		0
RPS27A	ENSG00000143947	499		0
RPS27L	ENSG00000185088	6110		0
RPS28	ENSG00000233927	1327		0
RPS29	ENSG00000213741	291		0
RPS3	ENSG00000149273	2059		0
RPS3A	ENSG00000145425	869		0
RPS4X	ENSG00000198034	1474		0
RPS4Y1	ENSG00000129824	1189	ENSG00000290840	140
RPS4Y2	ENSG00000280969	793		0
RPS5	ENSG00000083845	741		0
RPS6	ENSG00000137154	1369		0
RPS6KA1	ENSG00000117676	3187		0
RPS6KA2	ENSG00000071242	5824		0
RPS6KA3	ENSG00000177189	7918		0
RPS6KA4	ENSG00000162302	3120	ENSG00000221273	1
RPS6KA5	ENSG00000100784	26796		0
RPS6KA6	ENSG00000072133	2548		0
RPS6KB1	ENSG00000108443	5376	ENSG00000267318	149
RPS6KB2	ENSG00000175634	1727		0
RPS6KC1	ENSG00000136643	5491		0
RPS6KL1	ENSG00000198208	5196		0
RPS7	ENSG00000171863	731		0
RPS8	ENSG00000142937	778		0
RPSA	ENSG00000168028	1140		0
RPTN	ENSG00000215853	3569		0
RPTOR	ENSG00000141564	6409		0
RPUSD1	ENSG00000007376	1922		0
RPUSD2	ENSG00000166133	2359		0
RPUSD3	ENSG00000156990	1217		0
RPUSD4	ENSG00000165526	2468		0
RQCD1	ENSG00000144580	3820		0
RRAD	ENSG00000166592	1460		0
RRAGA	ENSG00000155876	1557		0
RRAGB	ENSG00000083750	1490		0
RRAGC	ENSG00000116954	2681	ENSG00000273637	1183
RRAGD	ENSG00000025039	4901		0
RRAS	ENSG00000126458	986		0
RRAS2	ENSG00000133818	1516		0
RRBP1	ENSG00000125844	3752		0
RREB1	ENSG00000124782	8625		0
RRH	ENSG00000180245	1456		0
RRM1	ENSG00000167325	3077		0
RRM2	ENSG00000171848	3258		0
RRM2B	ENSG00000048392	4774		0
RRN3	ENSG00000085721	3706		0
RRNAD1	ENSG00000143303	2255		0
RRP1	ENSG00000160214	2958		0
RRP12	ENSG00000052749	4396		0
RRP15	ENSG00000067533	7765		0
RRP1B	ENSG00000160208	5078		0
RRP36	ENSG00000124541	1160		0
RRP7A	ENSG00000189306	3796		0
RRP8	ENSG00000132275	6557		0
RRP9	ENSG00000114767	1542		0
RRS1	ENSG00000179041	1707	ENSG00000285655	194
RS1	ENSG00000102104	2810		0
RSAD1	ENSG00000136444	2467		0
RSAD2	ENSG00000134321	3407		0
RSBN1	ENSG00000081019	6621		0
RSBN1L	ENSG00000187257	6406		0
RSC1A1	ENSG00000215695	1855	ENSG00000197312	1855
RSF1	ENSG00000048649	11242		0
RSG1	ENSG00000132881	1546		0
RSL1D1	ENSG00000171490	5440		0
RSL24D1	ENSG00000137876	1889		0
RSPH1	ENSG00000160188	1300		0
RSPH10B	ENSG00000155026	2921		0
RSPH10B2	ENSG00000169402	3105		0
RSPH14	ENSG00000100218	1188		0
RSPH3	ENSG00000130363	2176		0
RSPH4A	ENSG00000111834	2826		0
RSPH6A	ENSG00000104941	2442		0
RSPH9	ENSG00000172426	2535		0
RSPO2	ENSG00000147655	3084		0
RSPO3	ENSG00000146374	2630		0
RSPO4	ENSG00000101282	2707		0
RSPRY1	ENSG00000159579	3503		0
RSRC1	ENSG00000174891	1254		0
RSRC2	ENSG00000111011	3458		0
RSRP1	ENSG00000117616	1425		0
RSU1	ENSG00000148484	3689		0
RTBDN	ENSG00000132026	932		0
RTCA	ENSG00000137996	2526		0
RTCB	ENSG00000100220	2019		0
RTEL1	ENSG00000258366	4615	ENSG00000026036	3709
RTEL1-TNFRSF6B	ENSG00000026036	4639	ENSG00000258366	3900
RTF1	ENSG00000137815	5022		0
RTFDC1	ENSG00000022277	2176		0
RTKN	ENSG00000114993	1989		0
RTKN2	ENSG00000182010	6642		0
RTL1	ENSG00000254656	4194		0
RTN1	ENSG00000139970	1328		0
RTN2	ENSG00000125744	2055		0
RTN3	ENSG00000133318	2529		0
RTN4	ENSG00000115310	2240		0
RTN4IP1	ENSG00000130347	1683		0
RTN4R	ENSG00000040608	1944		0
RTN4RL1	ENSG00000185924	3614		0
RTN4RL2	ENSG00000186907	2204		0
RTP1	ENSG00000175077	2214		0
RTP2	ENSG00000198471	1346		0
RTP3	ENSG00000163825	836		0
RTP4	ENSG00000136514	1501		0
RTP5	ENSG00000188011	2296		0
RTTN	ENSG00000176225	7069		0
RUBCN	ENSG00000145016	2920		0
RUFY1	ENSG00000176783	2633		0
RUFY2	ENSG00000204130	4071		0
RUFY3	ENSG00000018189	3099		0
RUFY4	ENSG00000188282	2348		0
RUNDC1	ENSG00000198863	3828		0
RUNDC3A	ENSG00000108309	2005		0
RUNDC3B	ENSG00000105784	2065		0
RUNX1	ENSG00000159216	5967		0
RUNX1T1	ENSG00000079102	7170		0
RUNX2	ENSG00000124813	1763		0
RUNX3	ENSG00000020633	3862		0
RUSC1	ENSG00000160753	1893		0
RUSC2	ENSG00000198853	5156		0
RUVBL1	ENSG00000175792	1750		0
RUVBL2	ENSG00000183207	1545	ENSG00000273898	1
RWDD1	ENSG00000111832	5385		0
RWDD2A	ENSG00000013392	3745		0
RWDD2B	ENSG00000156253	3065		0
RWDD3	ENSG00000122481	1180	ENSG00000271092	488
RWDD4	ENSG00000182552	2601		0
RXFP1	ENSG00000171509	3686		0
RXFP2	ENSG00000133105	3320		0
RXFP3	ENSG00000182631	1852		0
RXFP4	ENSG00000173080	1241		0
RXRA	ENSG00000186350	1847		0
RXRB	ENSG00000204231	2885		0
RXRG	ENSG00000143171	1966		0
RYBP	ENSG00000163602	7215		0
RYR1	ENSG00000196218	15118		0
RYR2	ENSG00000198626	16563		0
RYR3	ENSG00000198838	15554		0
S100A1	ENSG00000160678	557		0
S100A10	ENSG00000197747	671		0
S100A11	ENSG00000163191	563		0
S100A12	ENSG00000163221	485		0
S100A13	ENSG00000189171	454	ENSG00000271853	202
S100A14	ENSG00000189334	1023		0
S100A16	ENSG00000188643	986		0
S100A2	ENSG00000196754	977		0
S100A3	ENSG00000188015	742		0
S100A4	ENSG00000196154	459		0
S100A5	ENSG00000196420	442		0
S100A6	ENSG00000197956	434		0
S100A7	ENSG00000143556	385		0
S100A7A	ENSG00000184330	4277		0
S100A7L2	ENSG00000197364	306		0
S100A8	ENSG00000143546	375		0
S100A9	ENSG00000163220	573		0
S100B	ENSG00000160307	752		0
S100G	ENSG00000169906	455		0
S100P	ENSG00000163993	470		0
S100PBP	ENSG00000116497	3162		0
S100Z	ENSG00000171643	619		0
S1PR1	ENSG00000170989	2778		0
S1PR2	ENSG00000267534	3583		0
S1PR3	ENSG00000213694	4185		0
S1PR4	ENSG00000125910	1564		0
S1PR5	ENSG00000180739	2338		0
SAA1	ENSG00000173432	518		0
SAA2	ENSG00000134339	551	ENSG00000255071	267
SAA2-SAA4	ENSG00000255071	743	ENSG00000148965	477
SAA4	ENSG00000148965	630	ENSG00000255071	476
SAAL1	ENSG00000166788	1573		0
SAC3D1	ENSG00000168061	1157		0
SACM1L	ENSG00000211456	3574		0
SACS	ENSG00000151835	15635		0
SAE1	ENSG00000142230	2050		0
SAFB	ENSG00000160633	3044		0
SAFB2	ENSG00000130254	3167		0
SAG	ENSG00000130561	1592		0
SAGE1	ENSG00000181433	2878		0
SALL1	ENSG00000103449	5134		0
SALL3	ENSG00000256463	5551		0
SALL4	ENSG00000101115	5208		0
SAMD1	ENSG00000141858	2153		0
SAMD10	ENSG00000130590	2178		0
SAMD11	ENSG00000187634	2439		0
SAMD12	ENSG00000177570	593		0
SAMD13	ENSG00000203943	1365	ENSG00000293445	309
SAMD14	ENSG00000167100	1855		0
SAMD15	ENSG00000100583	2318		0
SAMD3	ENSG00000164483	1955	ENSG00000227678	624
SAMD4A	ENSG00000020577	2972		0
SAMD4B	ENSG00000179134	3860		0
SAMD5	ENSG00000203727	6090		0
SAMD7	ENSG00000187033	2376		0
SAMD8	ENSG00000156671	6761		0
SAMD9	ENSG00000205413	6705		0
SAMD9L	ENSG00000177409	7133		0
SAMHD1	ENSG00000101347	4649		0
SAMM50	ENSG00000100347	1692		0
SAMSN1	ENSG00000155307	1860		0
SAP130	ENSG00000136715	3859		0
SAP18	ENSG00000150459	2299		0
SAP25	ENSG00000205307	837	ENSG00000274272	834
SAP30	ENSG00000164105	1097		0
SAP30BP	ENSG00000161526	2500		0
SAP30L	ENSG00000164576	6185		0
SAPCD1	ENSG00000255152	916	ENSG00000228727	916
SAPCD2	ENSG00000186193	3814		0
SAR1A	ENSG00000079332	5902		0
SAR1B	ENSG00000152700	6517		0
SARAF	ENSG00000133872	2012		0
SARDH	ENSG00000123453	3116		0
SARNP	ENSG00000205323	895	ENSG00000257390	834
SARS	ENSG00000031698	1852		0
SARS2	ENSG00000104835	1924	ENSG00000269547	1492
SART1	ENSG00000175467	3248		0
SART3	ENSG00000075856	3789		0
SASH1	ENSG00000111961	7460		0
SASH3	ENSG00000122122	2627	ENSG00000240143	118
SASS6	ENSG00000156876	3848	ENSG00000241073	292
SAT1	ENSG00000130066	1049	ENSG00000288706	90
SAT2	ENSG00000141504	912		0
SATB1	ENSG00000182568	7811		0
SATB2	ENSG00000119042	5568		0
SATL1	ENSG00000184788	2193		0
SAV1	ENSG00000151748	3039		0
SAXO1	ENSG00000155875	2100		0
SAXO2	ENSG00000188659	3124		0
SAYSD1	ENSG00000112167	2018		0
SBDS	ENSG00000126524	1613		0
SBF1	ENSG00000100241	8008		0
SBF2	ENSG00000133812	7438		0
SBK1	ENSG00000188322	4986		0
SBK2	ENSG00000187550	1050		0
SBNO1	ENSG00000139697	11121	ENSG00000284425	80
SBNO2	ENSG00000064932	4906		0
SBSN	ENSG00000189001	918		0
SBSPON	ENSG00000164764	3698		0
SC5D	ENSG00000109929	2138		0
SCAF1	ENSG00000126461	4222		0
SCAF11	ENSG00000139218	7543		0
SCAF4	ENSG00000156304	4194		0
SCAF8	ENSG00000213079	4966		0
SCAI	ENSG00000173611	12079		0
SCAMP2	ENSG00000140497	2453		0
SCAMP3	ENSG00000116521	1444		0
SCAMP5	ENSG00000198794	3379		0
SCAND1	ENSG00000171222	771		0
SCAP	ENSG00000114650	4223		0
SCAPER	ENSG00000140386	5028		0
SCARA3	ENSG00000168077	3509		0
SCARA5	ENSG00000168079	3971		0
SCARB1	ENSG00000073060	2612		0
SCARB2	ENSG00000138760	4694		0
SCARF1	ENSG00000074660	3428		0
SCCPDH	ENSG00000143653	2141		0
SCD	ENSG00000099194	5245		0
SCD5	ENSG00000145284	3040		0
SCEL	ENSG00000136155	2387		0
SCFD1	ENSG00000092108	2152		0
SCFD2	ENSG00000184178	3162		0
SCG2	ENSG00000171951	2434		0
SCG3	ENSG00000104112	3160		0
SCG5	ENSG00000166922	1198	ENSG00000288864	1129
SCGB1A1	ENSG00000149021	442		0
SCGB1C1	ENSG00000188076	432		0
SCGB1D1	ENSG00000168515	453		0
SCGB1D2	ENSG00000124935	451		0
SCGB1D4	ENSG00000197745	435		0
SCGB2A1	ENSG00000124939	516		0
SCGB2A2	ENSG00000110484	502		0
SCGB2B2	ENSG00000205209	2506		0
SCGB3A1	ENSG00000161055	478		0
SCGB3A2	ENSG00000164265	515		0
SCGN	ENSG00000079689	1448	ENSG00000290217	871
SCHIP1	ENSG00000151967	1645	ENSG00000283154	1290
SCIMP	ENSG00000161929	2384		0
SCIN	ENSG00000006747	9679	ENSG00000229233	432
SCLT1	ENSG00000151466	2987		0
SCLY	ENSG00000132330	2450	ENSG00000258984	214
SCMH1	ENSG00000010803	2899		0
SCML1	ENSG00000047634	2803		0
SCML2	ENSG00000102098	4162		0
SCML4	ENSG00000146285	1492		0
SCN10A	ENSG00000185313	6413		0
SCN11A	ENSG00000168356	6309		0
SCN1A	ENSG00000144285	8099		0
SCN1B	ENSG00000105711	1452		0
SCN2A	ENSG00000136531	8339		0
SCN2B	ENSG00000149575	4937		0
SCN3A	ENSG00000153253	9092		0
SCN3B	ENSG00000166257	5663		0
SCN4A	ENSG00000007314	7805		0
SCN4B	ENSG00000177098	4484		0
SCN5A	ENSG00000183873	8454		0
SCN7A	ENSG00000136546	7183		0
SCN9A	ENSG00000169432	9744		0
SCNM1	ENSG00000163156	1913		0
SCNN1A	ENSG00000111319	3135		0
SCNN1B	ENSG00000168447	2560		0
SCNN1D	ENSG00000162572	3044		0
SCNN1G	ENSG00000166828	3477		0
SCO1	ENSG00000133028	9577		0
SCO2	ENSG00000284194	984		0
SCOC	ENSG00000153130	1751		0
SCP2	ENSG00000116171	2759		0
SCP2D1	ENSG00000132631	596		0
SCPEP1	ENSG00000121064	1916		0
SCRG1	ENSG00000164106	4000		0
SCRIB	ENSG00000180900	5213	ENSG00000284224	19
SCRN1	ENSG00000136193	5251		0
SCRN2	ENSG00000141295	1489		0
SCRN3	ENSG00000144306	3038		0
SCRT2	ENSG00000215397	3200	ENSG00000270299	332
SCT	ENSG00000070031	367		0
SCTR	ENSG00000080293	1854		0
SCUBE1	ENSG00000159307	9793		0
SCUBE2	ENSG00000175356	3149		0
SCUBE3	ENSG00000146197	7357		0
SCX	ENSG00000260428	1000		0
SCYL1	ENSG00000142186	2636		0
SCYL2	ENSG00000136021	5771		0
SCYL3	ENSG00000000457	2755		0
SDAD1	ENSG00000198301	3003		0
SDC1	ENSG00000115884	3147		0
SDC2	ENSG00000169439	3297		0
SDC3	ENSG00000162512	1578		0
SDC4	ENSG00000124145	2613		0
SDCBP	ENSG00000137575	2073		0
SDCBP2	ENSG00000125775	1430	ENSG00000274322	190
SDCCAG3	ENSG00000165689	2315		0
SDCCAG8	ENSG00000054282	2567		0
SDE2	ENSG00000143751	3975		0
SDF2	ENSG00000132581	1300		0
SDF2L1	ENSG00000128228	824		0
SDF4	ENSG00000078808	1933		0
SDHA	ENSG00000073578	2311	ENSG00000286001	1892
SDHAF1	ENSG00000205138	1115		0
SDHAF2	ENSG00000167985	1186	ENSG00000256591	445
SDHAF3	ENSG00000196636	952		0
SDHAF4	ENSG00000154079	1183		0
SDHB	ENSG00000117118	1015		0
SDHC	ENSG00000288670	1807	ENSG00000143252	1308
SDHD	ENSG00000204370	1339	ENSG00000255292	319
SDK1	ENSG00000146555	10398		0
SDK2	ENSG00000069188	10723		0
SDPR	ENSG00000168497	3054		0
SDR16C5	ENSG00000170786	1334		0
SDR39U1	ENSG00000100445	1206		0
SDR42E1	ENSG00000184860	11548		0
SDR42E2	ENSG00000183921	2628		0
SDR9C7	ENSG00000170426	1766		0
SDS	ENSG00000135094	1605		0
SDSL	ENSG00000139410	1306		0
SEC11A	ENSG00000140612	1079		0
SEC11C	ENSG00000166562	791		0
SEC13	ENSG00000157020	1359		0
SEC14L1	ENSG00000129657	5062	ENSG00000234912	222
SEC14L3	ENSG00000100012	2054		0
SEC14L4	ENSG00000133488	2500		0
SEC14L5	ENSG00000103184	6445	ENSG00000267072	180
SEC14L6	ENSG00000214491	3392		0
SEC16A	ENSG00000148396	8793		0
SEC16B	ENSG00000120341	3986	ENSG00000254154	3954
SEC22A	ENSG00000121542	973		0
SEC22C	ENSG00000093183	1381		0
SEC23A	ENSG00000100934	3843		0
SEC23B	ENSG00000101310	2733		0
SEC23IP	ENSG00000107651	7148		0
SEC24A	ENSG00000113615	6300		0
SEC24B	ENSG00000138802	3778		0
SEC24C	ENSG00000176986	4434		0
SEC24D	ENSG00000150961	4018		0
SEC31A	ENSG00000138674	4147		0
SEC31B	ENSG00000075826	4607	ENSG00000255339	573
SEC61A1	ENSG00000058262	3567		0
SEC61A2	ENSG00000065665	1894		0
SEC61B	ENSG00000106803	546		0
SEC61G	ENSG00000132432	422		0
SEC62	ENSG00000008952	6526		0
SEC63	ENSG00000025796	6411		0
SECISBP2	ENSG00000187742	3463		0
SECISBP2L	ENSG00000138593	6780		0
SECTM1	ENSG00000141574	2003		0
SEH1L	ENSG00000085415	1851		0
SEL1L	ENSG00000071537	7918		0
SEL1L2	ENSG00000101251	2225		0
SEL1L3	ENSG00000091490	4514		0
SELE	ENSG00000007908	3858		0
SELENBP1	ENSG00000143416	1722		0
SELK	ENSG00000113811	1497		0
SELL	ENSG00000188404	2358		0
SELM	ENSG00000198832	659		0
SELO	ENSG00000073169	2283		0
SELP	ENSG00000174175	3143		0
SELPLG	ENSG00000110876	2192		0
SELT	ENSG00000198843	3436		0
SELV	ENSG00000186838	1667		0
SEMA3A	ENSG00000075213	8113		0
SEMA3C	ENSG00000075223	4874		0
SEMA3D	ENSG00000153993	6261		0
SEMA3E	ENSG00000170381	6477		0
SEMA3F	ENSG00000001617	3607		0
SEMA3G	ENSG00000010319	4900		0
SEMA4A	ENSG00000196189	3062		0
SEMA4B	ENSG00000185033	3653		0
SEMA4C	ENSG00000168758	3543		0
SEMA4D	ENSG00000187764	4301		0
SEMA4F	ENSG00000135622	4293		0
SEMA4G	ENSG00000095539	4095		0
SEMA5A	ENSG00000112902	11755		0
SEMA5B	ENSG00000082684	4445		0
SEMA6A	ENSG00000092421	6768		0
SEMA6B	ENSG00000167680	3862		0
SEMA6D	ENSG00000137872	3612		0
SEMA7A	ENSG00000138623	3376		0
SEMG1	ENSG00000124233	1622		0
SEMG2	ENSG00000124157	1978		0
SENP1	ENSG00000079387	4328		0
SENP2	ENSG00000163904	5596		0
SENP3-EIF4A1	ENSG00000277957	3519	ENSG00000161956	1512
SENP5	ENSG00000119231	6244		0
SENP6	ENSG00000112701	4273		0
SENP7	ENSG00000138468	4945		0
SENP8	ENSG00000166192	1386		0
SEP15	ENSG00000183291	1542		0
SEPHS1	ENSG00000086475	3265		0
SEPHS2	ENSG00000179918	1495		0
SEPN1	ENSG00000162430	4314	ENSG00000255054	123
SEPP1	ENSG00000250722	2056		0
SEPSECS	ENSG00000109618	5496		0
SEPT1	ENSG00000180096	1437	ENSG00000280137	103
SEPT10	ENSG00000186522	2720		0
SEPT11	ENSG00000138758	5544		0
SEPT12	ENSG00000140623	1294	ENSG00000285952	417
SEPT14	ENSG00000154997	3749		0
SEPT2	ENSG00000168385	3190		0
SEPT3	ENSG00000100167	2321		0
SEPT4	ENSG00000108387	1554		0
SEPT5	ENSG00000184702	2031	ENSG00000284874	1891
SEPT6	ENSG00000125354	1343		0
SEPT7	ENSG00000122545	4274		0
SEPT8	ENSG00000164402	1388		0
SEPT9	ENSG00000184640	3732		0
SEPW1	ENSG00000178980	757		0
SERAC1	ENSG00000122335	3936		0
SERBP1	ENSG00000142864	6663		0
SERF1A	ENSG00000172058	699		0
SERF1B	ENSG00000205572	317		0
SERF2	ENSG00000140264	1059		0
SERGEF	ENSG00000129158	1451	ENSG00000255448	403
SERHL2	ENSG00000183569	1337		0
SERINC1	ENSG00000111897	3123		0
SERINC2	ENSG00000168528	1900		0
SERINC3	ENSG00000132824	1580		0
SERINC4	ENSG00000184716	2629	ENSG00000262560	768
SERINC5	ENSG00000164300	6448		0
SERP1	ENSG00000120742	3022		0
SERP2	ENSG00000151778	785		0
SERPINA1	ENSG00000197249	2963		0
SERPINA10	ENSG00000140093	4970		0
SERPINA11	ENSG00000186910	1476		0
SERPINA12	ENSG00000165953	1302		0
SERPINA2	ENSG00000258597	928		0
SERPINA3	ENSG00000273259	1590	ENSG00000196136	1575
SERPINA4	ENSG00000100665	1661		0
SERPINA5	ENSG00000188488	1795	ENSG00000273259	79
SERPINA6	ENSG00000170099	1477		0
SERPINA7	ENSG00000123561	2324		0
SERPINA9	ENSG00000170054	1705		0
SERPINB1	ENSG00000021355	2476		0
SERPINB10	ENSG00000242550	2123	ENSG00000289724	263
SERPINB11	ENSG00000206072	1735		0
SERPINB12	ENSG00000166634	1219		0
SERPINB13	ENSG00000197641	3108		0
SERPINB2	ENSG00000197632	1906	ENSG00000289724	547
SERPINB3	ENSG00000057149	1707		0
SERPINB4	ENSG00000206073	1707		0
SERPINB5	ENSG00000206075	2586		0
SERPINB6	ENSG00000124570	1280		0
SERPINB7	ENSG00000166396	1896		0
SERPINB8	ENSG00000166401	3321		0
SERPINB9	ENSG00000170542	4114		0
SERPINC1	ENSG00000117601	1544		0
SERPIND1	ENSG00000099937	2203		0
SERPINE1	ENSG00000106366	3156		0
SERPINE2	ENSG00000135919	2160		0
SERPINE3	ENSG00000253309	1816		0
SERPINF1	ENSG00000132386	1438		0
SERPINF2	ENSG00000167711	2249		0
SERPING1	ENSG00000149131	1830		0
SERPINH1	ENSG00000149257	2058		0
SERPINI1	ENSG00000163536	1599		0
SERPINI2	ENSG00000114204	1444		0
SERTAD1	ENSG00000197019	2082		0
SERTAD2	ENSG00000179833	5549		0
SERTAD3	ENSG00000167565	1243		0
SERTAD4	ENSG00000082497	5220		0
SERTM1	ENSG00000180440	3099		0
SESN1	ENSG00000080546	3510		0
SESN2	ENSG00000130766	3454		0
SESN3	ENSG00000149212	9558		0
SESTD1	ENSG00000187231	10616		0
SET	ENSG00000119335	2916		0
SETBP1	ENSG00000152217	9900		0
SETD1A	ENSG00000099381	5991		0
SETD1B	ENSG00000139718	8187		0
SETD2	ENSG00000181555	8143		0
SETD3	ENSG00000183576	2856		0
SETD4	ENSG00000185917	2811		0
SETD5	ENSG00000168137	6828		0
SETD6	ENSG00000103037	2005		0
SETD7	ENSG00000145391	6808		0
SETD8	ENSG00000183955	2776		0
SETD9	ENSG00000155542	1283		0
SETDB1	ENSG00000143379	4366		0
SETDB2	ENSG00000136169	6104		0
SETMAR	ENSG00000170364	2076		0
SETSIP	ENSG00000230667	879		0
SETX	ENSG00000107290	11100		0
SEZ6	ENSG00000063015	4206		0
SEZ6L	ENSG00000100095	3249		0
SEZ6L2	ENSG00000174938	3173		0
SF1	ENSG00000168066	2645		0
SF3A1	ENSG00000099995	5090		0
SF3A2	ENSG00000104897	1619		0
SF3A3	ENSG00000183431	2774		0
SF3B1	ENSG00000115524	6463		0
SF3B2	ENSG00000087365	2875		0
SF3B3	ENSG00000189091	9692		0
SF3B4	ENSG00000143368	1544		0
SF3B5	ENSG00000169976	690		0
SF3B6	ENSG00000115128	651		0
SFI1	ENSG00000198089	4003		0
SFMBT1	ENSG00000163935	4548		0
SFMBT2	ENSG00000198879	7882		0
SFN	ENSG00000175793	1308		0
SFPQ	ENSG00000116560	3740		0
SFR1	ENSG00000156384	1430		0
SFRP1	ENSG00000104332	4464		0
SFRP2	ENSG00000145423	1996		0
SFRP4	ENSG00000106483	2868		0
SFRP5	ENSG00000120057	1836		0
SFSWAP	ENSG00000061936	3245		0
SFT2D1	ENSG00000198818	1033		0
SFT2D2	ENSG00000213064	11037		0
SFT2D3	ENSG00000173349	3736		0
SFTA2	ENSG00000196260	446		0
SFTA3	ENSG00000229415	1531	ENSG00000257520	685
SFTPA1	ENSG00000122852	2212		0
SFTPA2	ENSG00000185303	2189		0
SFTPB	ENSG00000168878	1748		0
SFTPC	ENSG00000168484	839		0
SFTPD	ENSG00000133661	1281		0
SFXN1	ENSG00000164466	4066		0
SFXN2	ENSG00000156398	6770		0
SFXN3	ENSG00000107819	3095		0
SFXN4	ENSG00000183605	1364		0
SFXN5	ENSG00000144040	4016		0
SGCA	ENSG00000108823	1429		0
SGCB	ENSG00000163069	4248		0
SGCD	ENSG00000170624	1199		0
SGCE	ENSG00000127990	1619		0
SGCG	ENSG00000102683	1594		0
SGCZ	ENSG00000185053	2235		0
SGF29	ENSG00000176476	1154		0
SGIP1	ENSG00000118473	7769		0
SGK1	ENSG00000118515	2232		0
SGK2	ENSG00000101049	1871	ENSG00000277611	365
SGK3	ENSG00000104205	2943	ENSG00000288602	2503
SGK494	ENSG00000167524	1234	ENSG00000258472	478
SGMS1	ENSG00000198964	3717		0
SGMS2	ENSG00000164023	5918		0
SGOL1	ENSG00000129810	899		0
SGOL2	ENSG00000163535	4164		0
SGPL1	ENSG00000166224	5746	ENSG00000289738	815
SGPP1	ENSG00000126821	3310		0
SGPP2	ENSG00000163082	3310		0
SGSH	ENSG00000181523	2705		0
SGSM1	ENSG00000167037	4153		0
SGSM2	ENSG00000141258	4864		0
SGSM3	ENSG00000100359	2970	ENSG00000284431	2658
SGTA	ENSG00000104969	2231		0
SGTB	ENSG00000197860	5448		0
SH2B1	ENSG00000178188	4904		0
SH2B3	ENSG00000111252	5407		0
SH2D1A	ENSG00000183918	2231		0
SH2D1B	ENSG00000198574	2521		0
SH2D2A	ENSG00000027869	1644		0
SH2D3A	ENSG00000125731	2144		0
SH2D3C	ENSG00000095370	3050		0
SH2D4A	ENSG00000104611	3276		0
SH2D4B	ENSG00000178217	3984		0
SH2D5	ENSG00000189410	1935		0
SH2D6	ENSG00000152292	624		0
SH2D7	ENSG00000183476	2204		0
SH3BGR	ENSG00000185437	1109	ENSG00000285815	939
SH3BGRL	ENSG00000131171	1764		0
SH3BGRL2	ENSG00000198478	4603		0
SH3BGRL3	ENSG00000142669	751		0
SH3BP1	ENSG00000100092	2658	ENSG00000285304	1745
SH3BP2	ENSG00000087266	2203		0
SH3BP4	ENSG00000130147	5150		0
SH3BP5	ENSG00000131370	2780		0
SH3BP5L	ENSG00000175137	3144		0
SH3D19	ENSG00000109686	4842		0
SH3D21	ENSG00000214193	2520		0
SH3GL1	ENSG00000141985	2516		0
SH3GL2	ENSG00000107295	2561		0
SH3GL3	ENSG00000140600	1693		0
SH3GLB1	ENSG00000097033	6371		0
SH3GLB2	ENSG00000148341	2982		0
SH3KBP1	ENSG00000147010	4728		0
SH3PXD2A	ENSG00000107957	11246		0
SH3PXD2B	ENSG00000174705	7777		0
SH3RF1	ENSG00000154447	5120		0
SH3RF2	ENSG00000156463	3004		0
SH3RF3	ENSG00000172985	5804		0
SH3TC1	ENSG00000125089	4227		0
SH3TC2	ENSG00000169247	3998		0
SH3YL1	ENSG00000035115	1687		0
SHANK1	ENSG00000161681	6644		0
SHANK3	ENSG00000251322	6990		0
SHARPIN	ENSG00000179526	1348		0
SHB	ENSG00000107338	2784	ENSG00000255872	1388
SHBG	ENSG00000129214	1261		0
SHC1	ENSG00000160691	2933		0
SHC2	ENSG00000129946	2488		0
SHC3	ENSG00000148082	9768		0
SHC4	ENSG00000185634	4552		0
SHCBP1	ENSG00000171241	3215		0
SHCBP1L	ENSG00000157060	2113		0
SHD	ENSG00000105251	1910		0
SHE	ENSG00000169291	6243		0
SHF	ENSG00000138606	1702	ENSG00000259932	350
SHFM1	ENSG00000127922	458		0
SHH	ENSG00000164690	4455		0
SHISA2	ENSG00000180730	2860		0
SHISA3	ENSG00000178343	1972		0
SHISA4	ENSG00000198892	1151		0
SHISA5	ENSG00000164054	1640		0
SHISA6	ENSG00000188803	7576		0
SHISA7	ENSG00000187902	6033		0
SHISA8	ENSG00000234965	1406		0
SHISA9	ENSG00000237515	6725		0
SHKBP1	ENSG00000160410	2341		0
SHMT1	ENSG00000176974	2464		0
SHMT2	ENSG00000182199	2153		0
SHOC2	ENSG00000108061	3884		0
SHOX	ENSG00000185960	3173		0
SHOX2	ENSG00000168779	1965		0
SHPK	ENSG00000197417	3767	ENSG00000262304	2718
SHPRH	ENSG00000146414	7171		0
SHQ1	ENSG00000144736	2845		0
SHROOM1	ENSG00000164403	3097		0
SHROOM2	ENSG00000146950	7448		0
SHROOM3	ENSG00000138771	10891		0
SHROOM4	ENSG00000158352	9557		0
SHTN1	ENSG00000187164	6553		0
SI	ENSG00000090402	6011		0
SIAE	ENSG00000110013	5441		0
SIAH1	ENSG00000196470	1900		0
SIAH2	ENSG00000181788	2310		0
SIAH3	ENSG00000215475	7058		0
SIDT1	ENSG00000072858	4818		0
SIDT2	ENSG00000149577	4396		0
SIGIRR	ENSG00000185187	1720		0
SIGLEC1	ENSG00000088827	6720		0
SIGLEC10	ENSG00000142512	2201		0
SIGLEC11	ENSG00000161640	3173	ENSG00000221125	212
SIGLEC12	ENSG00000254521	2122		0
SIGLEC14	ENSG00000254415	2036	ENSG00000105501	54
SIGLEC15	ENSG00000197046	1410		0
SIGLEC5	ENSG00000268500	2385	ENSG00000105501	153
SIGLEC6	ENSG00000105492	1720		0
SIGLEC7	ENSG00000168995	1754		0
SIGLEC8	ENSG00000105366	2949		0
SIGLEC9	ENSG00000129450	1691		0
SIGLECL1	ENSG00000179213	1517		0
SIGMAR1	ENSG00000147955	1656		0
SIK1	ENSG00000142178	4713		0
SIK2	ENSG00000170145	9620		0
SIK3	ENSG00000160584	6213		0
SIKE1	ENSG00000052723	2191		0
SIL1	ENSG00000120725	1889		0
SIM1	ENSG00000112246	8423		0
SIM2	ENSG00000159263	4443		0
SIMC1	ENSG00000170085	1999		0
SIN3A	ENSG00000169375	6723		0
SIN3B	ENSG00000127511	5037		0
SIPA1	ENSG00000213445	3417	ENSG00000173442	25
SIPA1L1	ENSG00000197555	7749		0
SIPA1L2	ENSG00000116991	6600		0
SIPA1L3	ENSG00000105738	7985		0
SIRPA	ENSG00000198053	3851		0
SIRPB1	ENSG00000101307	3242	ENSG00000260861	498
SIRPB2	ENSG00000196209	2643		0
SIRPD	ENSG00000125900	820	ENSG00000242324	422
SIRPG	ENSG00000089012	1716		0
SIRT1	ENSG00000096717	4095		0
SIRT2	ENSG00000068903	1862		0
SIRT3	ENSG00000142082	2455		0
SIRT4	ENSG00000089163	1217		0
SIRT5	ENSG00000124523	3923		0
SIRT6	ENSG00000077463	1600		0
SIRT7	ENSG00000187531	1725		0
SIT1	ENSG00000137078	1222		0
SIVA1	ENSG00000184990	752		0
SIX1	ENSG00000126778	3990		0
SIX2	ENSG00000170577	2184		0
SIX3	ENSG00000138083	2518		0
SIX4	ENSG00000100625	6274		0
SIX5	ENSG00000177045	3318		0
SIX6	ENSG00000184302	2592		0
SKA1	ENSG00000154839	2849		0
SKA2	ENSG00000182628	2716		0
SKA3	ENSG00000165480	2869		0
SKAP1	ENSG00000141293	1532		0
SKAP2	ENSG00000005020	3839		0
SKI	ENSG00000157933	5614		0
SKIDA1	ENSG00000180592	6599		0
SKIL	ENSG00000136603	3058		0
SKIV2L	ENSG00000204351	3795		0
SKIV2L2	ENSG00000039123	3961		0
SKOR1	ENSG00000188779	2670	ENSG00000259410	66
SKOR2	ENSG00000215474	850		0
SKP1	ENSG00000113558	9386	ENSG00000272772	1137
SKP2	ENSG00000145604	3715		0
SLA	ENSG00000155926	2995		0
SLA2	ENSG00000101082	2737		0
SLAIN1	ENSG00000139737	2014		0
SLAIN2	ENSG00000109171	6081		0
SLAMF1	ENSG00000117090	3749		0
SLAMF6	ENSG00000162739	2730		0
SLAMF7	ENSG00000026751	2690		0
SLAMF8	ENSG00000158714	2873		0
SLAMF9	ENSG00000162723	1139		0
SLBP	ENSG00000163950	1742		0
SLC10A1	ENSG00000100652	2002		0
SLC10A2	ENSG00000125255	3350		0
SLC10A3	ENSG00000126903	2095		0
SLC10A4	ENSG00000145248	1790		0
SLC10A5	ENSG00000253598	1428		0
SLC10A6	ENSG00000145283	1502		0
SLC10A7	ENSG00000120519	2799		0
SLC11A1	ENSG00000018280	3608		0
SLC11A2	ENSG00000110911	4132		0
SLC12A1	ENSG00000074803	4706		0
SLC12A2	ENSG00000064651	6874		0
SLC12A3	ENSG00000070915	5540		0
SLC12A4	ENSG00000124067	4708	ENSG00000213398	173
SLC12A5	ENSG00000124140	6026		0
SLC12A6	ENSG00000140199	7068		0
SLC12A7	ENSG00000113504	5272		0
SLC12A8	ENSG00000221955	3436		0
SLC12A9	ENSG00000146828	3274		0
SLC13A1	ENSG00000081800	3798		0
SLC13A2	ENSG00000007216	2360		0
SLC13A3	ENSG00000158296	4018		0
SLC13A4	ENSG00000164707	2898		0
SLC13A5	ENSG00000141485	3231		0
SLC14A1	ENSG00000141469	3917		0
SLC14A2	ENSG00000132874	3253		0
SLC15A1	ENSG00000088386	3106		0
SLC15A2	ENSG00000163406	5361		0
SLC15A3	ENSG00000110446	2115		0
SLC15A4	ENSG00000139370	2751		0
SLC15A5	ENSG00000188991	2923		0
SLC16A1	ENSG00000155380	3753		0
SLC16A10	ENSG00000112394	2509		0
SLC16A11	ENSG00000174326	1549		0
SLC16A12	ENSG00000152779	4617		0
SLC16A13	ENSG00000174327	1745		0
SLC16A14	ENSG00000163053	4315		0
SLC16A2	ENSG00000147100	4128		0
SLC16A3	ENSG00000141526	1946	ENSG00000284574	1
SLC16A4	ENSG00000168679	2567		0
SLC16A5	ENSG00000170190	1849		0
SLC16A6	ENSG00000108932	3680		0
SLC16A7	ENSG00000118596	2252		0
SLC16A8	ENSG00000100156	1875		0
SLC16A9	ENSG00000165449	3574		0
SLC17A1	ENSG00000124568	1819		0
SLC17A2	ENSG00000112337	2270		0
SLC17A3	ENSG00000124564	1544		0
SLC17A4	ENSG00000146039	3573		0
SLC17A5	ENSG00000119899	3292		0
SLC17A6	ENSG00000091664	3665		0
SLC17A7	ENSG00000104888	2949		0
SLC17A8	ENSG00000179520	3980		0
SLC17A9	ENSG00000101194	3518		0
SLC18A1	ENSG00000036565	2683		0
SLC18A2	ENSG00000165646	3831		0
SLC18A3	ENSG00000187714	2411		0
SLC18B1	ENSG00000146409	2368		0
SLC19A1	ENSG00000173638	3781		0
SLC19A2	ENSG00000117479	3612		0
SLC19A3	ENSG00000135917	3106		0
SLC1A1	ENSG00000106688	3698		0
SLC1A2	ENSG00000110436	11697		0
SLC1A3	ENSG00000079215	3919		0
SLC1A4	ENSG00000115902	4562		0
SLC1A5	ENSG00000105281	2882		0
SLC1A6	ENSG00000105143	1719		0
SLC1A7	ENSG00000162383	2637		0
SLC20A1	ENSG00000144136	3297		0
SLC20A2	ENSG00000168575	3551		0
SLC22A1	ENSG00000175003	1922		0
SLC22A10	ENSG00000184999	2027		0
SLC22A11	ENSG00000168065	3545		0
SLC22A12	ENSG00000197891	2792		0
SLC22A13	ENSG00000172940	2555		0
SLC22A14	ENSG00000144671	1828		0
SLC22A15	ENSG00000163393	4705		0
SLC22A16	ENSG00000004809	1959		0
SLC22A17	ENSG00000092096	2372		0
SLC22A18	ENSG00000110628	1456		0
SLC22A18AS	ENSG00000254827	1139		0
SLC22A2	ENSG00000112499	2403		0
SLC22A23	ENSG00000137266	5659		0
SLC22A24	ENSG00000197658	2101		0
SLC22A25	ENSG00000196600	1693		0
SLC22A3	ENSG00000146477	3234		0
SLC22A31	ENSG00000259803	1555		0
SLC22A4	ENSG00000197208	2186		0
SLC22A5	ENSG00000197375	3236		0
SLC22A6	ENSG00000197901	2127		0
SLC22A7	ENSG00000137204	2556		0
SLC22A8	ENSG00000149452	2178		0
SLC22A9	ENSG00000149742	2344		0
SLC23A1	ENSG00000170482	2291		0
SLC23A2	ENSG00000089057	6942		0
SLC23A3	ENSG00000213901	2011	ENSG00000280537	1193
SLC24A1	ENSG00000074621	5762		0
SLC24A2	ENSG00000155886	10746		0
SLC24A3	ENSG00000185052	3919		0
SLC24A4	ENSG00000140090	9949		0
SLC24A5	ENSG00000188467	1879		0
SLC25A1	ENSG00000100075	1548		0
SLC25A10	ENSG00000183048	1886	ENSG00000262660	1221
SLC25A11	ENSG00000108528	1692		0
SLC25A12	ENSG00000115840	2972		0
SLC25A13	ENSG00000004864	3136		0
SLC25A14	ENSG00000102078	1368		0
SLC25A15	ENSG00000102743	1472		0
SLC25A16	ENSG00000122912	6530		0
SLC25A17	ENSG00000100372	2226		0
SLC25A18	ENSG00000182902	2185		0
SLC25A19	ENSG00000125454	1587		0
SLC25A2	ENSG00000120329	1411		0
SLC25A20	ENSG00000178537	1769		0
SLC25A21	ENSG00000183032	2526		0
SLC25A22	ENSG00000177542	2575		0
SLC25A23	ENSG00000125648	3425		0
SLC25A24	ENSG00000085491	4249		0
SLC25A25	ENSG00000148339	3052		0
SLC25A26	ENSG00000144741	2035		0
SLC25A27	ENSG00000153291	2926		0
SLC25A28	ENSG00000155287	1451		0
SLC25A29	ENSG00000197119	2291	ENSG00000259052	99
SLC25A3	ENSG00000075415	1492		0
SLC25A30	ENSG00000174032	3663		0
SLC25A31	ENSG00000151475	1812		0
SLC25A32	ENSG00000164933	2888	ENSG00000285982	2547
SLC25A33	ENSG00000171612	3849		0
SLC25A34	ENSG00000162461	2983		0
SLC25A35	ENSG00000125434	1858		0
SLC25A36	ENSG00000114120	4633		0
SLC25A37	ENSG00000147454	4672		0
SLC25A38	ENSG00000144659	2101		0
SLC25A39	ENSG00000013306	1557		0
SLC25A4	ENSG00000151729	4415		0
SLC25A40	ENSG00000075303	4045		0
SLC25A41	ENSG00000181240	1533		0
SLC25A42	ENSG00000181035	3121		0
SLC25A43	ENSG00000077713	2507		0
SLC25A44	ENSG00000160785	3467		0
SLC25A45	ENSG00000162241	2100		0
SLC25A46	ENSG00000164209	2372		0
SLC25A47	ENSG00000140107	1736		0
SLC25A48	ENSG00000145832	1078		0
SLC25A5	ENSG00000005022	1230		0
SLC25A51	ENSG00000122696	989		0
SLC25A52	ENSG00000141437	1297		0
SLC25A6	ENSG00000169100	1451		0
SLC26A1	ENSG00000145217	3413		0
SLC26A10	ENSG00000293429	1693	ENSG00000135502	1541
SLC26A11	ENSG00000181045	2886		0
SLC26A2	ENSG00000155850	8054		0
SLC26A3	ENSG00000091138	2864		0
SLC26A4	ENSG00000091137	4737		0
SLC26A5	ENSG00000170615	2689		0
SLC26A6	ENSG00000225697	2590		0
SLC26A7	ENSG00000147606	2743	ENSG00000214954	116
SLC26A8	ENSG00000112053	3437		0
SLC26A9	ENSG00000174502	4791		0
SLC27A1	ENSG00000130304	3514		0
SLC27A2	ENSG00000140284	2384		0
SLC27A3	ENSG00000143554	2295		0
SLC27A4	ENSG00000167114	3029		0
SLC27A5	ENSG00000083807	2289		0
SLC27A6	ENSG00000113396	2859		0
SLC28A1	ENSG00000156222	2768		0
SLC28A2	ENSG00000137860	4370		0
SLC28A3	ENSG00000197506	4887		0
SLC29A1	ENSG00000112759	2036		0
SLC29A2	ENSG00000174669	2455		0
SLC29A3	ENSG00000198246	2256		0
SLC29A4	ENSG00000164638	5672		0
SLC2A1	ENSG00000117394	3363	ENSG00000283973	109
SLC2A10	ENSG00000197496	4227		0
SLC2A11	ENSG00000133460	2930	ENSG00000251357	431
SLC2A12	ENSG00000146411	4457		0
SLC2A13	ENSG00000151229	6999		0
SLC2A14	ENSG00000173262	3278		0
SLC2A2	ENSG00000163581	3181		0
SLC2A3	ENSG00000059804	3827		0
SLC2A4	ENSG00000181856	3375		0
SLC2A4RG	ENSG00000125520	1732	ENSG00000273047	22
SLC2A5	ENSG00000142583	4085		0
SLC2A6	ENSG00000160326	2491		0
SLC2A7	ENSG00000197241	1540		0
SLC2A8	ENSG00000136856	2145		0
SLC2A9	ENSG00000109667	1850		0
SLC30A1	ENSG00000170385	5474		0
SLC30A10	ENSG00000196660	1871		0
SLC30A2	ENSG00000158014	2480		0
SLC30A3	ENSG00000115194	2049		0
SLC30A4	ENSG00000104154	7106		0
SLC30A5	ENSG00000145740	3992		0
SLC30A6	ENSG00000152683	5089		0
SLC30A7	ENSG00000162695	7885		0
SLC30A8	ENSG00000164756	2521		0
SLC30A9	ENSG00000014824	6160		0
SLC31A1	ENSG00000136868	4745		0
SLC31A2	ENSG00000136867	1720		0
SLC32A1	ENSG00000101438	2550		0
SLC33A1	ENSG00000169359	9217	ENSG00000284952	2059
SLC34A1	ENSG00000131183	2574		0
SLC34A2	ENSG00000157765	4115		0
SLC34A3	ENSG00000198569	2015		0
SLC35A1	ENSG00000164414	1852	ENSG00000213204	178
SLC35A2	ENSG00000102100	1456		0
SLC35A3	ENSG00000117620	2140	ENSG00000283761	916
SLC35A4	ENSG00000176087	2666		0
SLC35A5	ENSG00000138459	4364		0
SLC35B1	ENSG00000121073	1615		0
SLC35B2	ENSG00000157593	2018	ENSG00000284427	80
SLC35B3	ENSG00000124786	1826		0
SLC35B4	ENSG00000205060	6676		0
SLC35C1	ENSG00000181830	3428		0
SLC35C2	ENSG00000080189	2222		0
SLC35D1	ENSG00000116704	6144		0
SLC35D2	ENSG00000130958	1609	ENSG00000285269	860
SLC35D3	ENSG00000182747	2322		0
SLC35E2	ENSG00000290854	1075	ENSG00000215790	732
SLC35E3	ENSG00000175782	17721		0
SLC35E4	ENSG00000100036	2585		0
SLC35F1	ENSG00000196376	4848		0
SLC35F2	ENSG00000110660	2769		0
SLC35F3	ENSG00000183780	2887		0
SLC35F4	ENSG00000151812	1909		0
SLC35F5	ENSG00000115084	4232		0
SLC35F6	ENSG00000213699	3899		0
SLC35G1	ENSG00000176273	3486		0
SLC35G2	ENSG00000168917	1949		0
SLC35G3	ENSG00000164729	1874		0
SLC35G5	ENSG00000177710	1197		0
SLC35G6	ENSG00000259224	1583		0
SLC36A1	ENSG00000123643	1872		0
SLC36A2	ENSG00000186335	3391		0
SLC36A3	ENSG00000186334	2457		0
SLC36A4	ENSG00000180773	6009		0
SLC37A1	ENSG00000160190	2846		0
SLC37A2	ENSG00000134955	2640		0
SLC37A3	ENSG00000157800	3330		0
SLC37A4	ENSG00000137700	2102		0
SLC38A1	ENSG00000111371	8066		0
SLC38A10	ENSG00000157637	2411		0
SLC38A11	ENSG00000169507	3738		0
SLC38A2	ENSG00000134294	4795		0
SLC38A3	ENSG00000188338	2953		0
SLC38A4	ENSG00000139209	3791		0
SLC38A6	ENSG00000139974	1605	ENSG00000258892	78
SLC38A7	ENSG00000103042	4011		0
SLC38A8	ENSG00000166558	1309		0
SLC38A9	ENSG00000177058	2522		0
SLC39A1	ENSG00000143570	1995	ENSG00000285779	1954
SLC39A10	ENSG00000196950	5166		0
SLC39A11	ENSG00000133195	2732		0
SLC39A12	ENSG00000148482	2722		0
SLC39A13	ENSG00000165915	2270		0
SLC39A14	ENSG00000104635	4442		0
SLC39A2	ENSG00000165794	1376		0
SLC39A3	ENSG00000141873	1367	ENSG00000267001	436
SLC39A4	ENSG00000147804	2123		0
SLC39A5	ENSG00000139540	1969		0
SLC39A6	ENSG00000141424	3544	ENSG00000288917	205
SLC39A7	ENSG00000112473	2111		0
SLC39A8	ENSG00000138821	3014		0
SLC39A9	ENSG00000029364	3560		0
SLC3A1	ENSG00000138079	2969	ENSG00000285542	1761
SLC3A2	ENSG00000168003	1756		0
SLC40A1	ENSG00000138449	3330		0
SLC41A1	ENSG00000133065	4995		0
SLC41A2	ENSG00000136052	4450		0
SLC41A3	ENSG00000114544	1850		0
SLC43A1	ENSG00000149150	2514		0
SLC43A2	ENSG00000167703	8133		0
SLC43A3	ENSG00000134802	2559	ENSG00000254979	303
SLC44A1	ENSG00000070214	10482		0
SLC44A2	ENSG00000129353	3374		0
SLC44A3	ENSG00000143036	2381		0
SLC44A4	ENSG00000204385	2585		0
SLC44A5	ENSG00000137968	2161		0
SLC45A1	ENSG00000162426	2400		0
SLC45A2	ENSG00000164175	1728		0
SLC45A3	ENSG00000158715	3341		0
SLC45A4	ENSG00000022567	3152		0
SLC46A2	ENSG00000119457	2465		0
SLC46A3	ENSG00000139508	3173		0
SLC47A1	ENSG00000142494	3280		0
SLC47A2	ENSG00000180638	2099		0
SLC48A1	ENSG00000211584	2978		0
SLC4A1	ENSG00000004939	4954		0
SLC4A10	ENSG00000144290	5488		0
SLC4A11	ENSG00000088836	2950		0
SLC4A1AP	ENSG00000163798	2541		0
SLC4A2	ENSG00000164889	3945	ENSG00000288608	51
SLC4A3	ENSG00000114923	4092		0
SLC4A4	ENSG00000080493	5324		0
SLC4A5	ENSG00000188687	6170	ENSG00000264324	3667
SLC4A7	ENSG00000033867	7653		0
SLC4A8	ENSG00000050438	11764		0
SLC4A9	ENSG00000113073	3276		0
SLC50A1	ENSG00000169241	1298		0
SLC51A	ENSG00000163959	1430		0
SLC51B	ENSG00000186198	923		0
SLC52A1	ENSG00000132517	2375		0
SLC52A2	ENSG00000185803	1703		0
SLC52A3	ENSG00000101276	2593		0
SLC5A1	ENSG00000100170	4832		0
SLC5A10	ENSG00000154025	2070		0
SLC5A11	ENSG00000158865	2402		0
SLC5A12	ENSG00000148942	6249		0
SLC5A2	ENSG00000140675	2266		0
SLC5A3	ENSG00000198743	11566	ENSG00000243927	168
SLC5A4	ENSG00000100191	2031		0
SLC5A5	ENSG00000105641	3577		0
SLC5A6	ENSG00000138074	3213		0
SLC5A7	ENSG00000115665	2032		0
SLC5A8	ENSG00000256870	4009		0
SLC5A9	ENSG00000117834	3162		0
SLC6A1	ENSG00000157103	4478		0
SLC6A11	ENSG00000132164	4249		0
SLC6A12	ENSG00000111181	2889		0
SLC6A13	ENSG00000010379	2186		0
SLC6A15	ENSG00000072041	4799		0
SLC6A16	ENSG00000063127	2904		0
SLC6A17	ENSG00000197106	6419		0
SLC6A18	ENSG00000164363	2095		0
SLC6A19	ENSG00000174358	5168		0
SLC6A2	ENSG00000103546	2087		0
SLC6A20	ENSG00000163817	5424		0
SLC6A3	ENSG00000142319	3932		0
SLC6A4	ENSG00000108576	6238		0
SLC6A5	ENSG00000165970	6876		0
SLC6A7	ENSG00000011083	3625		0
SLC6A8	ENSG00000130821	3759		0
SLC6A9	ENSG00000196517	3130		0
SLC7A1	ENSG00000139514	7343		0
SLC7A10	ENSG00000130876	1946		0
SLC7A11	ENSG00000151012	9645		0
SLC7A13	ENSG00000164893	1867		0
SLC7A14	ENSG00000013293	10104		0
SLC7A2	ENSG00000003989	7615		0
SLC7A3	ENSG00000165349	2237		0
SLC7A4	ENSG00000099960	2304	ENSG00000291240	1791
SLC7A5	ENSG00000103257	4537		0
SLC7A6	ENSG00000103064	6252		0
SLC7A6OS	ENSG00000103061	4190		0
SLC7A7	ENSG00000155465	2082		0
SLC7A8	ENSG00000092068	4216	ENSG00000288931	277
SLC7A9	ENSG00000021488	1741		0
SLC8A1	ENSG00000183023	3166		0
SLC8A2	ENSG00000118160	4959		0
SLC8A3	ENSG00000100678	5132		0
SLC8B1	ENSG00000089060	3278		0
SLC9A1	ENSG00000090020	4517		0
SLC9A2	ENSG00000115616	5411		0
SLC9A3	ENSG00000066230	2585		0
SLC9A3R1	ENSG00000109062	1970	ENSG00000284186	49
SLC9A3R2	ENSG00000065054	2160		0
SLC9A4	ENSG00000180251	4139		0
SLC9A5	ENSG00000135740	3707		0
SLC9A6	ENSG00000198689	4586		0
SLC9A7	ENSG00000065923	3831		0
SLC9A8	ENSG00000197818	6095		0
SLC9A9	ENSG00000181804	3564		0
SLC9B1	ENSG00000164037	1845		0
SLC9B2	ENSG00000164038	1779		0
SLC9C1	ENSG00000172139	4119		0
SLC9C2	ENSG00000162753	4407	ENSG00000285777	129
SLCO1A2	ENSG00000084453	7023		0
SLCO1B1	ENSG00000134538	2230	ENSG00000257062	36
SLCO1B3	ENSG00000111700	2806	ENSG00000257046	1930
SLCO1B7	ENSG00000205754	1924	ENSG00000257046	382
SLCO1C1	ENSG00000139155	3366		0
SLCO2A1	ENSG00000174640	4067		0
SLCO2B1	ENSG00000137491	4374		0
SLCO3A1	ENSG00000176463	5102		0
SLCO4A1	ENSG00000101187	2716		0
SLCO4C1	ENSG00000173930	5069		0
SLCO5A1	ENSG00000137571	8991		0
SLCO6A1	ENSG00000205359	2675		0
SLF1	ENSG00000133302	5583		0
SLF2	ENSG00000119906	6892		0
SLFN11	ENSG00000172716	4910		0
SLFN12	ENSG00000172123	2126		0
SLFN12L	ENSG00000205045	2988		0
SLFN13	ENSG00000154760	8398		0
SLFN14	ENSG00000236320	2890		0
SLFN5	ENSG00000166750	10555		0
SLFNL1	ENSG00000171790	1944		0
SLIRP	ENSG00000119705	376		0
SLIT1	ENSG00000187122	7925	ENSG00000269891	216
SLIT2	ENSG00000145147	6391		0
SLIT3	ENSG00000184347	9706		0
SLITRK1	ENSG00000178235	4746		0
SLITRK2	ENSG00000185985	4209		0
SLITRK3	ENSG00000121871	4555		0
SLITRK5	ENSG00000165300	4236		0
SLITRK6	ENSG00000184564	4249		0
SLK	ENSG00000065613	7767		0
SLMAP	ENSG00000163681	5354		0
SLN	ENSG00000170290	722		0
SLPI	ENSG00000124107	596		0
SLTM	ENSG00000137776	4142		0
SLU7	ENSG00000164609	3480		0
SLURP1	ENSG00000126233	527		0
SLX1A	ENSG00000132207	1092	ENSG00000213599	611
SLX1B	ENSG00000181625	1133	ENSG00000260280	612
SLX4	ENSG00000188827	7307		0
SLX4IP	ENSG00000149346	6056		0
SMAD1	ENSG00000170365	1905		0
SMAD2	ENSG00000175387	34526		0
SMAD3	ENSG00000166949	6222		0
SMAD4	ENSG00000141646	8361	ENSG00000267699	814
SMAD6	ENSG00000137834	3827		0
SMAD7	ENSG00000101665	3087		0
SMAD9	ENSG00000120693	5447		0
SMAGP	ENSG00000170545	1875		0
SMAP1	ENSG00000112305	2296		0
SMARCA1	ENSG00000102038	3948		0
SMARCA2	ENSG00000080503	5694		0
SMARCA4	ENSG00000127616	4943		0
SMARCA5	ENSG00000153147	7684		0
SMARCAD1	ENSG00000163104	4913		0
SMARCAL1	ENSG00000138375	3201		0
SMARCB1	ENSG00000099956	1691		0
SMARCC1	ENSG00000173473	6352		0
SMARCC2	ENSG00000139613	4012		0
SMARCD1	ENSG00000066117	3283		0
SMARCD2	ENSG00000108604	2462		0
SMARCD3	ENSG00000082014	1715		0
SMARCE1	ENSG00000073584	5150	ENSG00000264058	974
SMC1A	ENSG00000072501	9710		0
SMC1B	ENSG00000077935	4201		0
SMC2	ENSG00000136824	5918		0
SMC3	ENSG00000108055	4110		0
SMC4	ENSG00000113810	5116		0
SMC5	ENSG00000198887	5949		0
SMC6	ENSG00000163029	3334		0
SMCHD1	ENSG00000101596	8822		0
SMCO1	ENSG00000214097	1790		0
SMCO2	ENSG00000165935	1106		0
SMCO3	ENSG00000179256	2104		0
SMCO4	ENSG00000166002	871		0
SMCP	ENSG00000163206	770		0
SMCR8	ENSG00000176994	8280		0
SMDT1	ENSG00000183172	1562		0
SMG5	ENSG00000198952	4559		0
SMG6	ENSG00000070366	5960		0
SMG7	ENSG00000116698	5789		0
SMG8	ENSG00000167447	3221	ENSG00000265303	422
SMG9	ENSG00000105771	5483		0
SMIM1	ENSG00000235169	468		0
SMIM10	ENSG00000184785	1483		0
SMIM10L1	ENSG00000256537	4796		0
SMIM10L2A	ENSG00000178947	5229		0
SMIM10L2B	ENSG00000196972	2697		0
SMIM11A	ENSG00000205670	840		0
SMIM12	ENSG00000163866	3388		0
SMIM13	ENSG00000224531	4689		0
SMIM14	ENSG00000163683	6252		0
SMIM15	ENSG00000188725	2884		0
SMIM17	ENSG00000268182	1062		0
SMIM18	ENSG00000253457	906		0
SMIM19	ENSG00000176209	2913		0
SMIM2	ENSG00000139656	823		0
SMIM20	ENSG00000250317	919		0
SMIM21	ENSG00000206026	1834		0
SMIM22	ENSG00000267795	547		0
SMIM23	ENSG00000185662	435		0
SMIM24	ENSG00000095932	1312		0
SMIM3	ENSG00000256235	1521		0
SMIM4	ENSG00000168273	1769		0
SMIM5	ENSG00000204323	1546		0
SMIM6	ENSG00000259120	858		0
SMIM7	ENSG00000214046	1360	ENSG00000268790	115
SMIM8	ENSG00000111850	1868		0
SMIM9	ENSG00000203870	904		0
SMKR1	ENSG00000240204	969		0
SMLR1	ENSG00000256162	2512		0
SMN1	ENSG00000172062	1479		0
SMN2	ENSG00000205571	1479		0
SMNDC1	ENSG00000119953	4310		0
SMO	ENSG00000128602	3739		0
SMOC1	ENSG00000198732	3668		0
SMOC2	ENSG00000112562	3082		0
SMOX	ENSG00000088826	2164		0
SMPD1	ENSG00000166311	2190		0
SMPD2	ENSG00000135587	1646		0
SMPD3	ENSG00000103056	5271		0
SMPD4	ENSG00000136699	3749		0
SMPDL3A	ENSG00000172594	1763		0
SMPDL3B	ENSG00000130768	1866		0
SMPX	ENSG00000091482	885		0
SMR3A	ENSG00000109208	666		0
SMR3B	ENSG00000171201	365		0
SMS	ENSG00000102172	1701		0
SMTN	ENSG00000183963	2991		0
SMTNL1	ENSG00000214872	1647		0
SMTNL2	ENSG00000188176	1819		0
SMU1	ENSG00000122692	7121		0
SMUG1	ENSG00000123415	1689		0
SMURF1	ENSG00000198742	5579		0
SMURF2	ENSG00000108854	2919		0
SMYD1	ENSG00000115593	4385		0
SMYD2	ENSG00000143499	1672		0
SMYD3	ENSG00000185420	1543		0
SMYD4	ENSG00000186532	4384		0
SMYD5	ENSG00000135632	2554		0
SNAI1	ENSG00000124216	1687		0
SNAI2	ENSG00000019549	2089		0
SNAI3	ENSG00000185669	1726		0
SNAP23	ENSG00000092531	2310		0
SNAP25	ENSG00000132639	1933		0
SNAP29	ENSG00000099940	4259		0
SNAP47	ENSG00000143740	1923		0
SNAP91	ENSG00000065609	4422		0
SNAPC1	ENSG00000023608	2593	ENSG00000258964	565
SNAPC2	ENSG00000104976	1520		0
SNAPC3	ENSG00000164975	3000		0
SNAPC4	ENSG00000165684	4651		0
SNAPC5	ENSG00000261351	584	ENSG00000174446	338
SNAPIN	ENSG00000143553	981		0
SNCA	ENSG00000145335	2977		0
SNCAIP	ENSG00000064692	3577		0
SNCB	ENSG00000074317	1227		0
SNCG	ENSG00000173267	700		0
SND1	ENSG00000197157	3448		0
SNED1	ENSG00000162804	8175		0
SNF8	ENSG00000159210	2044		0
SNIP1	ENSG00000163877	4554		0
SNN	ENSG00000184602	3264		0
SNPH	ENSG00000101298	4996		0
SNRK	ENSG00000163788	2883		0
SNRNP200	ENSG00000144028	7163		0
SNRNP25	ENSG00000161981	1086		0
SNRNP27	ENSG00000124380	1406		0
SNRNP35	ENSG00000184209	1477		0
SNRNP40	ENSG00000060688	1597		0
SNRNP48	ENSG00000168566	4174		0
SNRNP70	ENSG00000104852	1546		0
SNRPA	ENSG00000077312	1277		0
SNRPA1	ENSG00000131876	1052		0
SNRPB	ENSG00000125835	936	ENSG00000256566	152
SNRPB2	ENSG00000125870	1523		0
SNRPC	ENSG00000124562	743		0
SNRPD1	ENSG00000167088	4858		0
SNRPD2	ENSG00000125743	515		0
SNRPD3	ENSG00000100028	1267	ENSG00000286070	504
SNRPE	ENSG00000182004	943		0
SNRPF	ENSG00000139343	452		0
SNRPG	ENSG00000143977	594		0
SNRPN	ENSG00000128739	1251	ENSG00000214265	247
SNTA1	ENSG00000101400	2211		0
SNTB1	ENSG00000172164	4941		0
SNTB2	ENSG00000168807	9754	ENSG00000260914	93
SNTG1	ENSG00000147481	1656		0
SNTG2	ENSG00000172554	1889		0
SNTN	ENSG00000188817	1083		0
SNU13	ENSG00000100138	1458		0
SNUPN	ENSG00000169371	1420	ENSG00000260269	471
SNURF	ENSG00000273173	649	ENSG00000128739	323
SNW1	ENSG00000100603	2129		0
SNX1	ENSG00000028528	1972		0
SNX10	ENSG00000086300	2567		0
SNX11	ENSG00000002919	2465		0
SNX12	ENSG00000147164	2286		0
SNX13	ENSG00000071189	6357		0
SNX14	ENSG00000135317	3450	ENSG00000271793	3170
SNX15	ENSG00000273003	1938	ENSG00000110025	1908
SNX16	ENSG00000104497	3106		0
SNX17	ENSG00000115234	1950		0
SNX18	ENSG00000178996	5219		0
SNX19	ENSG00000120451	6506		0
SNX2	ENSG00000205302	2044		0
SNX20	ENSG00000167208	2860		0
SNX21	ENSG00000124104	1608		0
SNX22	ENSG00000157734	3600		0
SNX24	ENSG00000064652	1987		0
SNX25	ENSG00000109762	3087		0
SNX27	ENSG00000143376	6410		0
SNX29	ENSG00000048471	8170		0
SNX3	ENSG00000112335	1535		0
SNX30	ENSG00000148158	7623		0
SNX31	ENSG00000174226	2450		0
SNX32	ENSG00000172803	1681		0
SNX33	ENSG00000173548	8002		0
SNX4	ENSG00000114520	2507		0
SNX5	ENSG00000089006	2267		0
SNX6	ENSG00000129515	1967		0
SNX7	ENSG00000162627	1735		0
SNX8	ENSG00000106266	4704		0
SNX9	ENSG00000130340	4199		0
SOAT1	ENSG00000057252	6836		0
SOAT2	ENSG00000167780	2042		0
SOBP	ENSG00000112320	5086		0
SOCS1	ENSG00000185338	1213		0
SOCS2	ENSG00000120833	2377		0
SOCS3	ENSG00000184557	2734		0
SOCS4	ENSG00000180008	6773		0
SOCS5	ENSG00000171150	4611	ENSG00000222005	161
SOCS6	ENSG00000170677	5703		0
SOCS7	ENSG00000274211	7858		0
SOD1	ENSG00000142168	895		0
SOD2	ENSG00000291237	14167		0
SOD3	ENSG00000109610	1416		0
SOGA1	ENSG00000149639	3405		0
SOGA3	ENSG00000214338	3852	ENSG00000255330	3556
SOHLH1	ENSG00000165643	1368		0
SOHLH2	ENSG00000120669	2125	ENSG00000250709	1470
SORBS1	ENSG00000095637	5920		0
SORBS2	ENSG00000154556	2691		0
SORBS3	ENSG00000120896	3227		0
SORCS1	ENSG00000108018	7272		0
SORCS2	ENSG00000184985	6152		0
SORCS3	ENSG00000156395	5568		0
SORD	ENSG00000140263	4818		0
SORL1	ENSG00000137642	10793		0
SORT1	ENSG00000134243	6990		0
SOS1	ENSG00000115904	8365		0
SOS2	ENSG00000100485	5488		0
SOST	ENSG00000167941	2293		0
SOSTDC1	ENSG00000171243	1758		0
SOWAHA	ENSG00000198944	3201		0
SOWAHB	ENSG00000186212	3218		0
SOWAHC	ENSG00000198142	4627		0
SOWAHD	ENSG00000187808	1553		0
SOX1	ENSG00000182968	2843		0
SOX10	ENSG00000100146	2867		0
SOX11	ENSG00000176887	8720		0
SOX12	ENSG00000177732	4673		0
SOX13	ENSG00000143842	3588		0
SOX14	ENSG00000168875	2020		0
SOX15	ENSG00000129194	1051		0
SOX17	ENSG00000164736	2342		0
SOX18	ENSG00000203883	1862		0
SOX2	ENSG00000181449	2512		0
SOX21	ENSG00000125285	2778		0
SOX3	ENSG00000134595	2084		0
SOX30	ENSG00000039600	3265		0
SOX4	ENSG00000124766	4869		0
SOX5	ENSG00000134532	6969		0
SOX6	ENSG00000110693	8791	ENSG00000284094	89
SOX7	ENSG00000171056	3215	ENSG00000258724	1268
SOX8	ENSG00000005513	3050		0
SOX9	ENSG00000125398	3931		0
SP1	ENSG00000185591	2847		0
SP100	ENSG00000067066	2927		0
SP110	ENSG00000135899	2427		0
SP140	ENSG00000079263	3241		0
SP140L	ENSG00000185404	2656		0
SP2	ENSG00000167182	3026		0
SP3	ENSG00000172845	6031		0
SP4	ENSG00000105866	6077		0
SP5	ENSG00000204335	2034		0
SP6	ENSG00000189120	3579		0
SP7	ENSG00000170374	3123		0
SP8	ENSG00000164651	1619		0
SP9	ENSG00000217236	2546		0
SPA17	ENSG00000064199	747		0
SPACA1	ENSG00000118434	1447		0
SPACA3	ENSG00000141316	818		0
SPACA4	ENSG00000177202	973		0
SPACA5	ENSG00000171489	567		0
SPACA5B	ENSG00000171478	596		0
SPACA7	ENSG00000153498	759		0
SPAG1	ENSG00000104450	3664		0
SPAG11A	ENSG00000178287	253		0
SPAG11B	ENSG00000164871	253		0
SPAG16	ENSG00000144451	2102		0
SPAG17	ENSG00000155761	6925		0
SPAG4	ENSG00000061656	1454		0
SPAG5	ENSG00000076382	3786	ENSG00000258472	485
SPAG6	ENSG00000077327	2568		0
SPAG7	ENSG00000091640	1004		0
SPAG8	ENSG00000137098	1378		0
SPAG9	ENSG00000008294	4762		0
SPAM1	ENSG00000106304	1843		0
SPANXA1	ENSG00000198021	276	ENSG00000196406	111
SPANXA2	ENSG00000203926	408		0
SPANXD	ENSG00000196406	682		0
SPANXN1	ENSG00000203923	601		0
SPANXN3	ENSG00000189252	590		0
SPANXN4	ENSG00000189326	421		0
SPANXN5	ENSG00000204363	642		0
SPARC	ENSG00000113140	3451		0
SPARCL1	ENSG00000152583	2778		0
SPAST	ENSG00000021574	5213		0
SPATA12	ENSG00000186451	2190		0
SPATA13	ENSG00000182957	6663	ENSG00000273167	1639
SPATA16	ENSG00000144962	2074		0
SPATA17	ENSG00000162814	5798		0
SPATA18	ENSG00000163071	4397		0
SPATA19	ENSG00000166118	861		0
SPATA2	ENSG00000158480	4022		0
SPATA20	ENSG00000006282	2634		0
SPATA21	ENSG00000187144	2015		0
SPATA22	ENSG00000141255	1358	ENSG00000280268	321
SPATA25	ENSG00000149634	742		0
SPATA2L	ENSG00000158792	2321		0
SPATA3	ENSG00000173699	873		0
SPATA31A1	ENSG00000204849	4256		0
SPATA31D1	ENSG00000214929	4830		0
SPATA31D3	ENSG00000186788	4089	ENSG00000214929	832
SPATA31D4	ENSG00000189357	4788		0
SPATA31E1	ENSG00000177992	4427		0
SPATA32	ENSG00000184361	1266		0
SPATA33	ENSG00000167523	1347		0
SPATA4	ENSG00000150628	1084		0
SPATA45	ENSG00000185523	506		0
SPATA5	ENSG00000145375	8116		0
SPATA5L1	ENSG00000171763	2561		0
SPATA6	ENSG00000132122	4972		0
SPATA6L	ENSG00000106686	1260		0
SPATA7	ENSG00000042317	1996		0
SPATA8	ENSG00000185594	1083		0
SPATA9	ENSG00000145757	1096		0
SPATC1L	ENSG00000160284	2304		0
SPATS1	ENSG00000249481	1108	ENSG00000272442	867
SPATS2	ENSG00000123352	3237		0
SPATS2L	ENSG00000196141	2248		0
SPC24	ENSG00000161888	2290		0
SPC25	ENSG00000152253	1340		0
SPCS1	ENSG00000114902	804		0
SPCS2	ENSG00000118363	2689		0
SPCS3	ENSG00000129128	4569		0
SPDEF	ENSG00000124664	1895		0
SPDL1	ENSG00000040275	2529		0
SPDYA	ENSG00000163806	1743		0
SPDYC	ENSG00000204710	912		0
SPDYE1	ENSG00000136206	2472		0
SPDYE16	ENSG00000185040	820		0
SPDYE2	ENSG00000205238	1743		0
SPDYE2B	ENSG00000173678	1743		0
SPDYE3	ENSG00000214300	3185		0
SPDYE4	ENSG00000183318	911		0
SPDYE5	ENSG00000170092	1698		0
SPECC1	ENSG00000128487	3364		0
SPECC1L	ENSG00000100014	6659	ENSG00000258555	3598
SPECC1L-ADORA2A	ENSG00000128271	2380	ENSG00000258555	2380
SPEF1	ENSG00000101222	1580		0
SPEF2	ENSG00000152582	5662		0
SPEM1	ENSG00000181323	983	ENSG00000262880	215
SPEN	ENSG00000065526	12229		0
SPERT	ENSG00000174015	1604		0
SPESP1	ENSG00000258484	1406	ENSG00000290203	193
SPG11	ENSG00000104133	7772		0
SPG20	ENSG00000133104	4789		0
SPG21	ENSG00000090487	1799		0
SPG7	ENSG00000197912	3076		0
SPHAR	ENSG00000168118	649		0
SPHK1	ENSG00000176170	1776		0
SPHK2	ENSG00000063176	2748		0
SPHKAP	ENSG00000153820	6805		0
SPI1	ENSG00000066336	1374		0
SPIB	ENSG00000269404	3791	ENSG00000142539	839
SPIC	ENSG00000166211	1133		0
SPICE1	ENSG00000163611	5417	ENSG00000285943	2751
SPIDR	ENSG00000164808	3625		0
SPIN1	ENSG00000106723	4459		0
SPIN2A	ENSG00000147059	953		0
SPIN2B	ENSG00000186787	1150		0
SPIN3	ENSG00000204271	1101		0
SPIN4	ENSG00000186767	4105		0
SPINK1	ENSG00000164266	413		0
SPINK13	ENSG00000214510	619		0
SPINK14	ENSG00000196800	295		0
SPINK2	ENSG00000128040	573		0
SPINK4	ENSG00000122711	399		0
SPINK5	ENSG00000133710	3536		0
SPINK6	ENSG00000178172	484		0
SPINK7	ENSG00000145879	554		0
SPINK8	ENSG00000229453	444		0
SPINK9	ENSG00000204909	453		0
SPINT1	ENSG00000166145	2978		0
SPINT2	ENSG00000167642	1687	ENSG00000267748	225
SPINT3	ENSG00000101446	474		0
SPINT4	ENSG00000149651	513		0
SPIRE1	ENSG00000134278	5534		0
SPIRE2	ENSG00000204991	3236		0
SPN	ENSG00000197471	1833		0
SPNS1	ENSG00000169682	2205	ENSG00000261067	2098
SPNS2	ENSG00000183018	3404		0
SPNS3	ENSG00000182557	1877		0
SPO11	ENSG00000054796	1789		0
SPOCD1	ENSG00000134668	3932		0
SPOCK1	ENSG00000152377	4824		0
SPOCK2	ENSG00000107742	5224		0
SPOCK3	ENSG00000196104	2882		0
SPON2	ENSG00000159674	1575		0
SPOP	ENSG00000121067	2850		0
SPOPL	ENSG00000144228	6026	ENSG00000241772	137
SPP1	ENSG00000118785	1519		0
SPP2	ENSG00000072080	838		0
SPPL2A	ENSG00000138600	7270		0
SPPL2C	ENSG00000185294	2187		0
SPPL3	ENSG00000157837	4135		0
SPR	ENSG00000116096	1432		0
SPRED1	ENSG00000166068	7270		0
SPRED2	ENSG00000198369	1740		0
SPRED3	ENSG00000188766	1240		0
SPRN	ENSG00000203772	3129		0
SPRR1A	ENSG00000169474	271		0
SPRR1B	ENSG00000169469	619		0
SPRR2A	ENSG00000241794	677		0
SPRR2B	ENSG00000196805	615		0
SPRR2D	ENSG00000163216	675		0
SPRR2E	ENSG00000203785	678		0
SPRR2F	ENSG00000244094	674		0
SPRR2G	ENSG00000159516	568		0
SPRR3	ENSG00000163209	899		0
SPRR4	ENSG00000184148	734		0
SPRTN	ENSG00000010072	3223		0
SPRY1	ENSG00000164056	2603		0
SPRY2	ENSG00000136158	1781		0
SPRY3	ENSG00000168939	8869		0
SPRY4	ENSG00000187678	2361		0
SPRYD3	ENSG00000167778	2902		0
SPRYD4	ENSG00000176422	10768		0
SPRYD7	ENSG00000123178	3054		0
SPSB1	ENSG00000171621	3106		0
SPSB2	ENSG00000111671	1174		0
SPSB3	ENSG00000162032	1535		0
SPSB4	ENSG00000175093	2909		0
SPTA1	ENSG00000163554	8000		0
SPTAN1	ENSG00000197694	7860		0
SPTB	ENSG00000070182	10153	ENSG00000284269	2
SPTBN1	ENSG00000115306	8440		0
SPTBN2	ENSG00000173898	8129		0
SPTBN4	ENSG00000160460	8605		0
SPTBN5	ENSG00000137877	11699		0
SPTLC1	ENSG00000090054	1895		0
SPTLC2	ENSG00000100596	8034		0
SPTLC3	ENSG00000172296	6170		0
SPTSSA	ENSG00000165389	2662		0
SPTSSB	ENSG00000196542	1734		0
SPTY2D1	ENSG00000179119	5601		0
SPTY2D1-AS1	ENSG00000247595	371		0
SPX	ENSG00000134548	2270		0
SPZ1	ENSG00000164299	1841		0
SQLE	ENSG00000104549	2962		0
SQRDL	ENSG00000137767	1620	ENSG00000260170	881
SQSTM1	ENSG00000161011	2840		0
SRA1	ENSG00000213523	1328	ENSG00000113108	43
SRBD1	ENSG00000068784	3667		0
SRC	ENSG00000197122	4631		0
SRCAP	ENSG00000080603	11724	ENSG00000282034	10136
SRCIN1	ENSG00000277363	7043		0
SRD5A1	ENSG00000145545	7035		0
SRD5A3	ENSG00000128039	4057	ENSG00000288695	815
SREBF1	ENSG00000072310	4163		0
SREBF2	ENSG00000198911	5237		0
SREK1	ENSG00000153914	6699		0
SREK1IP1	ENSG00000153006	6872		0
SRF	ENSG00000112658	4202		0
SRFBP1	ENSG00000151304	2841		0
SRGAP1	ENSG00000196935	22920		0
SRGAP3	ENSG00000196220	8656		0
SRGN	ENSG00000122862	1203		0
SRI	ENSG00000075142	1970		0
SRL	ENSG00000185739	4214		0
SRM	ENSG00000116649	1260		0
SRMS	ENSG00000125508	1517		0
SRP14	ENSG00000140319	1071		0
SRP19	ENSG00000153037	2776	ENSG00000258864	439
SRP54	ENSG00000100883	2187		0
SRP72	ENSG00000174780	3281		0
SRP9	ENSG00000143742	1479		0
SRPK1	ENSG00000096063	4348		0
SRPK2	ENSG00000135250	3491		0
SRPK3	ENSG00000184343	1958		0
SRPR	ENSG00000182934	2986		0
SRPRB	ENSG00000144867	2576	ENSG00000091513	113
SRPX	ENSG00000101955	1846		0
SRPX2	ENSG00000102359	2139		0
SRR	ENSG00000167720	2482		0
SRRD	ENSG00000100104	4020		0
SRRM1	ENSG00000133226	3721		0
SRRM2	ENSG00000167978	9044		0
SRRM4	ENSG00000139767	8431		0
SRRM5	ENSG00000226763	2410	ENSG00000124444	228
SRSF1	ENSG00000136450	1414	ENSG00000266086	1340
SRSF10	ENSG00000188529	1632		0
SRSF11	ENSG00000116754	3728		0
SRSF12	ENSG00000154548	3589		0
SRSF2	ENSG00000161547	1888	ENSG00000283805	15
SRSF3	ENSG00000112081	4223		0
SRSF4	ENSG00000116350	2300		0
SRSF5	ENSG00000100650	1495		0
SRSF6	ENSG00000124193	4322	ENSG00000288000	654
SRSF7	ENSG00000115875	2356		0
SRSF9	ENSG00000111786	1152		0
SRXN1	ENSG00000271303	2528	ENSG00000270299	2292
SRY	ENSG00000184895	828		0
SS18	ENSG00000141380	3402		0
SS18L1	ENSG00000184402	4494		0
SS18L2	ENSG00000008324	877		0
SSB	ENSG00000138385	1650		0
SSBP1	ENSG00000106028	650		0
SSBP2	ENSG00000145687	8625		0
SSBP3	ENSG00000157216	2053		0
SSBP4	ENSG00000130511	1725		0
SSC4D	ENSG00000146700	2798		0
SSC5D	ENSG00000179954	4846		0
SSFA2	ENSG00000138434	4966		0
SSH1	ENSG00000084112	13034	ENSG00000273499	81
SSH2	ENSG00000141298	9327		0
SSH3	ENSG00000172830	2781		0
SSMEM1	ENSG00000165120	1159		0
SSNA1	ENSG00000176101	863		0
SSPN	ENSG00000123096	2711		0
SSR1	ENSG00000124783	9661		0
SSR2	ENSG00000163479	1108		0
SSR3	ENSG00000114850	3650		0
SSR4	ENSG00000180879	602		0
SSRP1	ENSG00000149136	2816		0
SSSCA1	ENSG00000173465	651		0
SST	ENSG00000157005	607		0
SSTR1	ENSG00000139874	4296		0
SSTR2	ENSG00000180616	7684	ENSG00000264860	278
SSTR4	ENSG00000132671	1428		0
SSTR5	ENSG00000162009	1301		0
SSU72	ENSG00000160075	1284		0
SSUH2	ENSG00000125046	1569		0
SSX1	ENSG00000126752	1223		0
SSX2	ENSG00000241476	1281		0
SSX2IP	ENSG00000117155	5752		0
SSX3	ENSG00000165584	1233		0
SSX4	ENSG00000268009	1209		0
SSX4B	ENSG00000269791	1217		0
SSX5	ENSG00000165583	1261		0
SSX7	ENSG00000187754	1312		0
ST13	ENSG00000100380	3212		0
ST14	ENSG00000149418	3305		0
ST18	ENSG00000147488	6156		0
ST20	ENSG00000180953	278	ENSG00000288592	95
ST20-MTHFS	ENSG00000259332	859	ENSG00000136371	511
ST3GAL1	ENSG00000008513	6660		0
ST3GAL2	ENSG00000157350	7768		0
ST3GAL3	ENSG00000126091	2244	ENSG00000284989	1951
ST3GAL4	ENSG00000110080	1764		0
ST3GAL5	ENSG00000115525	2343		0
ST3GAL6	ENSG00000064225	1608		0
ST5	ENSG00000166444	4183		0
ST6GAL1	ENSG00000073849	4604		0
ST6GAL2	ENSG00000144057	6725		0
ST6GALNAC1	ENSG00000070526	2489		0
ST6GALNAC2	ENSG00000070731	1903		0
ST6GALNAC3	ENSG00000184005	6834		0
ST6GALNAC4	ENSG00000136840	1691		0
ST6GALNAC5	ENSG00000117069	3712		0
ST6GALNAC6	ENSG00000160408	2280	ENSG00000257524	963
ST7	ENSG00000004866	1951	ENSG00000288635	242
ST7L	ENSG00000007341	1657		0
ST8SIA1	ENSG00000111728	9707	ENSG00000212172	161
ST8SIA2	ENSG00000140557	5655		0
ST8SIA3	ENSG00000177511	10087		0
ST8SIA4	ENSG00000113532	6304		0
ST8SIA5	ENSG00000101638	2601		0
ST8SIA6	ENSG00000148488	2277		0
STAB1	ENSG00000010327	7928		0
STAB2	ENSG00000136011	8243		0
STAC	ENSG00000144681	3067		0
STAC2	ENSG00000141750	3357		0
STAC3	ENSG00000185482	1645	ENSG00000258830	230
STAG1	ENSG00000118007	6052		0
STAG2	ENSG00000101972	5924		0
STAG3	ENSG00000066923	4108	ENSG00000292277	460
STAM	ENSG00000136738	2946		0
STAM2	ENSG00000115145	5472		0
STAMBP	ENSG00000124356	6232		0
STAMBPL1	ENSG00000138134	2021		0
STAP1	ENSG00000035720	1512		0
STAP2	ENSG00000178078	1370		0
STAR	ENSG00000147465	1617		0
STARD10	ENSG00000214530	1514	ENSG00000285693	34
STARD13	ENSG00000133121	5915		0
STARD3	ENSG00000131748	2053		0
STARD3NL	ENSG00000010270	1703		0
STARD4	ENSG00000164211	4606		0
STARD5	ENSG00000172345	4871	ENSG00000271725	61
STARD6	ENSG00000174448	1018		0
STARD7	ENSG00000084090	3368		0
STARD8	ENSG00000130052	4842		0
STARD9	ENSG00000159433	15568		0
STAT1	ENSG00000115415	4116		0
STAT2	ENSG00000170581	3260		0
STAT3	ENSG00000168610	4921		0
STAT4	ENSG00000138378	2512		0
STAT5A	ENSG00000126561	3770		0
STAT5B	ENSG00000173757	5079		0
STAT6	ENSG00000166888	3963		0
STATH	ENSG00000126549	562		0
STAU1	ENSG00000124214	3651		0
STAU2	ENSG00000040341	2969	ENSG00000258677	302
STBD1	ENSG00000118804	2244	ENSG00000272414	1977
STC1	ENSG00000159167	3868		0
STC2	ENSG00000113739	4254		0
STEAP1	ENSG00000164647	1219		0
STEAP1B	ENSG00000105889	1193		0
STEAP2	ENSG00000157214	6819		0
STEAP3	ENSG00000115107	3844		0
STEAP4	ENSG00000127954	9988		0
STH	ENSG00000256762	445		0
STIL	ENSG00000123473	5016		0
STIM1	ENSG00000167323	4038	ENSG00000284525	80
STIM2	ENSG00000109689	5004		0
STIP1	ENSG00000168439	2140		0
STK10	ENSG00000072786	5892		0
STK11	ENSG00000118046	2608		0
STK11IP	ENSG00000144589	3602		0
STK16	ENSG00000115661	2844		0
STK17A	ENSG00000164543	3325		0
STK17B	ENSG00000081320	5270		0
STK19	ENSG00000204344	1211		0
STK24	ENSG00000102572	2269		0
STK25	ENSG00000115694	4512		0
STK26	ENSG00000134602	3251		0
STK3	ENSG00000104375	2826		0
STK31	ENSG00000196335	3274		0
STK32A	ENSG00000169302	5330		0
STK32B	ENSG00000152953	3535		0
STK32C	ENSG00000165752	2086		0
STK33	ENSG00000130413	2346		0
STK35	ENSG00000125834	6469		0
STK36	ENSG00000163482	4873		0
STK38	ENSG00000112079	3576		0
STK38L	ENSG00000211455	4957		0
STK39	ENSG00000198648	3272		0
STK4	ENSG00000101109	6304		0
STK40	ENSG00000196182	3605		0
STMN1	ENSG00000117632	1443	ENSG00000283938	67
STMN2	ENSG00000104435	1903		0
STMN3	ENSG00000197457	2248		0
STMN4	ENSG00000015592	1246		0
STMND1	ENSG00000230873	1323		0
STOM	ENSG00000148175	3011		0
STOML1	ENSG00000067221	6280		0
STOML2	ENSG00000165283	1253		0
STOML3	ENSG00000133115	1886		0
STON1	ENSG00000243244	5512	ENSG00000068781	2180
STON1-GTF2A1L	ENSG00000068781	3757	ENSG00000243244	2180
STON2	ENSG00000140022	2811		0
STOX1	ENSG00000165730	3378		0
STOX2	ENSG00000173320	10459		0
STPG1	ENSG00000001460	2545		0
STPG2	ENSG00000163116	1653		0
STRA13	ENSG00000169689	765		0
STRA6	ENSG00000137868	2708		0
STRA8	ENSG00000146857	934		0
STRADA	ENSG00000266173	2134	ENSG00000125695	1951
STRADB	ENSG00000082146	2222		0
STRAP	ENSG00000023734	1867		0
STRBP	ENSG00000165209	3338		0
STRC	ENSG00000242866	5515	ENSG00000284772	1407
STRIP1	ENSG00000143093	3257		0
STRIP2	ENSG00000128578	5116		0
STRN	ENSG00000115808	8169		0
STRN3	ENSG00000196792	3943		0
STRN4	ENSG00000090372	3176		0
STS	ENSG00000101846	6121		0
STT3A	ENSG00000134910	4501		0
STT3B	ENSG00000163527	4107		0
STUB1	ENSG00000103266	1338		0
STX10	ENSG00000104915	1137		0
STX11	ENSG00000135604	1927		0
STX12	ENSG00000117758	3034		0
STX16	ENSG00000124222	4937	ENSG00000254995	1446
STX16-NPEPL1	ENSG00000254995	3433	ENSG00000215440	1506
STX17	ENSG00000136874	2692		0
STX18	ENSG00000168818	2138		0
STX19	ENSG00000178750	1146		0
STX1A	ENSG00000106089	2091		0
STX1B	ENSG00000099365	4664		0
STX2	ENSG00000111450	2152		0
STX3	ENSG00000166900	2982		0
STX4	ENSG00000103496	1410		0
STX5	ENSG00000162236	1758		0
STX6	ENSG00000135823	4810	ENSG00000243155	365
STX7	ENSG00000079950	15791		0
STX8	ENSG00000170310	830		0
STXBP1	ENSG00000136854	3749		0
STXBP2	ENSG00000076944	1877	ENSG00000268400	1625
STXBP3	ENSG00000116266	2476		0
STXBP4	ENSG00000166263	15590		0
STXBP5	ENSG00000164506	9175		0
STXBP5L	ENSG00000145087	9291		0
STXBP6	ENSG00000168952	3906		0
STYK1	ENSG00000060140	2756		0
STYX	ENSG00000198252	4556		0
STYXL1	ENSG00000127952	1408		0
SUB1	ENSG00000113387	624		0
SUCLA2	ENSG00000136143	2111		0
SUCLG1	ENSG00000163541	1270		0
SUCLG2	ENSG00000172340	2350		0
SUCNR1	ENSG00000198829	4181		0
SUCO	ENSG00000094975	5557		0
SUDS3	ENSG00000111707	4722		0
SUFU	ENSG00000107882	5002		0
SUGCT	ENSG00000175600	1485		0
SUGP1	ENSG00000105705	2089		0
SUGP2	ENSG00000064607	6171		0
SUGT1	ENSG00000165416	14132		0
SULF1	ENSG00000137573	5383		0
SULF2	ENSG00000196562	3669		0
SULT1A1	ENSG00000196502	1455	ENSG00000293550	1186
SULT1A2	ENSG00000197165	1031	ENSG00000288656	489
SULT1A3	ENSG00000261052	1073	ENSG00000213599	1000
SULT1A4	ENSG00000213648	1356	ENSG00000260280	1280
SULT1B1	ENSG00000173597	7018		0
SULT1C2	ENSG00000198203	2539		0
SULT1C3	ENSG00000196228	622		0
SULT1C4	ENSG00000198075	1861		0
SULT1E1	ENSG00000109193	1773	ENSG00000284695	503
SULT2A1	ENSG00000105398	1904		0
SULT2B1	ENSG00000088002	1196		0
SULT4A1	ENSG00000130540	2468		0
SULT6B1	ENSG00000138068	1027		0
SUMF1	ENSG00000144455	2147		0
SUMF2	ENSG00000129103	1990		0
SUMO1	ENSG00000116030	1523		0
SUMO2	ENSG00000188612	3166		0
SUMO3	ENSG00000184900	1740		0
SUMO4	ENSG00000177688	1017		0
SUN1	ENSG00000164828	3753		0
SUN2	ENSG00000100242	3724		0
SUN3	ENSG00000164744	1416		0
SUN5	ENSG00000167098	1252		0
SUOX	ENSG00000139531	2210		0
SUPT16H	ENSG00000092201	4433		0
SUPT20H	ENSG00000102710	2816		0
SUPT3H	ENSG00000196284	2092		0
SUPT4H1	ENSG00000213246	1488	ENSG00000285897	1325
SUPT5H	ENSG00000196235	3678		0
SUPT6H	ENSG00000109111	6404		0
SUPT7L	ENSG00000119760	4294		0
SUPV3L1	ENSG00000156502	2477		0
SURF1	ENSG00000148290	1090		0
SURF2	ENSG00000148291	832		0
SURF4	ENSG00000148248	2930		0
SUSD1	ENSG00000106868	3014		0
SUSD2	ENSG00000099994	3172		0
SUSD3	ENSG00000157303	1191		0
SUSD4	ENSG00000143502	2872		0
SUSD5	ENSG00000173705	4602		0
SUSD6	ENSG00000100647	5388		0
SUV39H1	ENSG00000101945	2732		0
SUV39H2	ENSG00000152455	1234		0
SUV420H1	ENSG00000110066	5718		0
SUV420H2	ENSG00000133247	2285		0
SUZ12	ENSG00000178691	4485		0
SV2A	ENSG00000159164	4378		0
SV2B	ENSG00000185518	11280		0
SV2C	ENSG00000122012	10824		0
SVBP	ENSG00000177868	599		0
SVEP1	ENSG00000165124	12195		0
SVIL	ENSG00000197321	7586		0
SVIP	ENSG00000198168	4478		0
SVOPL	ENSG00000157703	1524		0
SWAP70	ENSG00000133789	4882		0
SWI5	ENSG00000175854	730		0
SWSAP1	ENSG00000173928	903		0
SWT1	ENSG00000116668	2916		0
SYAP1	ENSG00000169895	6130		0
SYBU	ENSG00000147642	2871		0
SYCE1	ENSG00000171772	845		0
SYCE1L	ENSG00000205078	847	ENSG00000103111	117
SYCE2	ENSG00000161860	1231		0
SYCE3	ENSG00000217442	448		0
SYCN	ENSG00000179751	571		0
SYCP1	ENSG00000198765	3462		0
SYCP2	ENSG00000196074	5541		0
SYCP2L	ENSG00000153157	2909	ENSG00000272162	1357
SYCP3	ENSG00000139351	1069		0
SYDE1	ENSG00000105137	3251		0
SYDE2	ENSG00000097096	5466		0
SYF2	ENSG00000117614	1346		0
SYK	ENSG00000165025	4973		0
SYMPK	ENSG00000125755	4053		0
SYN1	ENSG00000008056	3206	ENSG00000283743	928
SYN3	ENSG00000185666	3127		0
SYNC	ENSG00000162520	3050		0
SYNCRIP	ENSG00000135316	2625	ENSG00000271793	1841
SYNDIG1	ENSG00000101463	2092		0
SYNDIG1L	ENSG00000183379	2601		0
SYNE2	ENSG00000054654	21821		0
SYNE3	ENSG00000176438	3275		0
SYNE4	ENSG00000181392	1355	ENSG00000248101	54
SYNGAP1	ENSG00000197283	6011	ENSG00000213588	2712
SYNGR1	ENSG00000100321	4379		0
SYNGR2	ENSG00000108639	1495		0
SYNGR3	ENSG00000127561	2026		0
SYNGR4	ENSG00000105467	1001		0
SYNJ1	ENSG00000159082	4818		0
SYNJ2	ENSG00000078269	7379		0
SYNJ2BP	ENSG00000213463	7012	ENSG00000258644	379
SYNJ2BP-COX16	ENSG00000258644	929	ENSG00000133983	522
SYNPO	ENSG00000171992	5359		0
SYNPO2	ENSG00000172403	7282		0
SYNPO2L	ENSG00000166317	4873		0
SYNPR	ENSG00000163630	2524		0
SYNRG	ENSG00000275066	8141		0
SYP	ENSG00000102003	2421		0
SYPL1	ENSG00000008282	2029		0
SYPL2	ENSG00000143028	3622		0
SYS1	ENSG00000204070	721	ENSG00000254806	234
SYT1	ENSG00000067715	2753		0
SYT10	ENSG00000110975	4461		0
SYT11	ENSG00000132718	5182		0
SYT12	ENSG00000173227	3395		0
SYT13	ENSG00000019505	5143		0
SYT14	ENSG00000143469	2967		0
SYT16	ENSG00000139973	13925	ENSG00000289503	828
SYT17	ENSG00000103528	3080	ENSG00000261427	167
SYT2	ENSG00000143858	7598		0
SYT3	ENSG00000213023	2296		0
SYT4	ENSG00000132872	3936		0
SYT5	ENSG00000129990	3641		0
SYT6	ENSG00000134207	1658		0
SYT7	ENSG00000011347	4783		0
SYT8	ENSG00000149043	1267		0
SYT9	ENSG00000170743	3956		0
SYTL1	ENSG00000142765	1901		0
SYTL2	ENSG00000137501	4277		0
SYTL3	ENSG00000164674	2647		0
SYTL4	ENSG00000102362	3880		0
SYTL5	ENSG00000147041	4635		0
SYVN1	ENSG00000162298	3035		0
SZRD1	ENSG00000055070	3477		0
SZT2	ENSG00000198198	12282	ENSG00000274975	1
T	ENSG00000164458	2144		0
TAAR1	ENSG00000146399	1021		0
TAAR2	ENSG00000146378	996		0
TAAR5	ENSG00000135569	1015		0
TAAR6	ENSG00000146383	1038		0
TAAR8	ENSG00000146385	1030		0
TAAR9	ENSG00000237110	1048		0
TAB1	ENSG00000100324	3198		0
TAB2	ENSG00000055208	4059		0
TAB3	ENSG00000157625	6506		0
TAC1	ENSG00000006128	1061		0
TAC3	ENSG00000166863	804		0
TAC4	ENSG00000176358	658		0
TACC1	ENSG00000147526	7770		0
TACC2	ENSG00000138162	9674		0
TACC3	ENSG00000013810	2782		0
TACO1	ENSG00000136463	1446	ENSG00000288894	959
TACR1	ENSG00000115353	4779		0
TACR2	ENSG00000075073	2084		0
TACR3	ENSG00000169836	5190		0
TACSTD2	ENSG00000184292	1820		0
TADA1	ENSG00000152382	2096		0
TADA2A	ENSG00000276234	4236		0
TADA2B	ENSG00000173011	4351		0
TADA3	ENSG00000171148	1974		0
TAF1	ENSG00000147133	5640		0
TAF10	ENSG00000166337	765	ENSG00000285338	465
TAF11	ENSG00000064995	1534		0
TAF12	ENSG00000120656	1334		0
TAF13	ENSG00000197780	813		0
TAF15	ENSG00000270647	2162		0
TAF1A	ENSG00000143498	1600		0
TAF1B	ENSG00000115750	2267		0
TAF1C	ENSG00000103168	3801		0
TAF1D	ENSG00000166012	1632		0
TAF1L	ENSG00000122728	6216		0
TAF2	ENSG00000064313	5027		0
TAF3	ENSG00000165632	4871		0
TAF4	ENSG00000130699	4628		0
TAF4B	ENSG00000141384	4751		0
TAF5	ENSG00000148835	3259		0
TAF5L	ENSG00000135801	2933		0
TAF6	ENSG00000106290	2424		0
TAF6L	ENSG00000162227	2023		0
TAF7	ENSG00000178913	2295		0
TAF7L	ENSG00000102387	2069		0
TAF8	ENSG00000137413	6678		0
TAF9	ENSG00000273841	1105	ENSG00000085231	93
TAF9B	ENSG00000187325	2657		0
TAGAP	ENSG00000164691	3713	ENSG00000226032	301
TAGLN	ENSG00000149591	879		0
TAGLN2	ENSG00000158710	1375		0
TAGLN3	ENSG00000144834	1043		0
TAL1	ENSG00000162367	4582		0
TAL2	ENSG00000186051	656		0
TALDO1	ENSG00000177156	1199		0
TAMM41	ENSG00000144559	1213		0
TANC1	ENSG00000115183	7471	ENSG00000275141	1
TANC2	ENSG00000170921	11722		0
TANGO2	ENSG00000183597	2271		0
TANGO6	ENSG00000103047	4817		0
TANK	ENSG00000136560	1996		0
TAOK1	ENSG00000160551	12407	ENSG00000284162	69
TAOK2	ENSG00000149930	4937		0
TAOK3	ENSG00000135090	4086		0
TAP1	ENSG00000168394	2685		0
TAP2	ENSG00000204267	5643	ENSG00000250264	2064
TAPBP	ENSG00000231925	1372		0
TAPBPL	ENSG00000139192	1740		0
TAPT1	ENSG00000169762	4521		0
TARBP1	ENSG00000059588	5130		0
TARBP2	ENSG00000139546	1510		0
TARDBP	ENSG00000120948	4185		0
TARM1	ENSG00000248385	898		0
TARS	ENSG00000113407	2439		0
TARS2	ENSG00000143374	2727	ENSG00000283933	1
TARSL2	ENSG00000185418	3480		0
TAS1R1	ENSG00000173662	2764		0
TAS1R2	ENSG00000179002	2520		0
TAS1R3	ENSG00000169962	3434		0
TAS2R1	ENSG00000169777	1356		0
TAS2R10	ENSG00000121318	1043		0
TAS2R13	ENSG00000212128	1637		0
TAS2R14	ENSG00000212127	1854		0
TAS2R16	ENSG00000128519	997		0
TAS2R19	ENSG00000212124	1002		0
TAS2R20	ENSG00000255837	1382		0
TAS2R3	ENSG00000127362	1101		0
TAS2R30	ENSG00000256188	1687		0
TAS2R31	ENSG00000256436	1021		0
TAS2R38	ENSG00000257138	1143		0
TAS2R39	ENSG00000236398	1017		0
TAS2R4	ENSG00000127364	2379		0
TAS2R40	ENSG00000221937	1043		0
TAS2R41	ENSG00000221855	924		0
TAS2R43	ENSG00000255374	1027		0
TAS2R46	ENSG00000226761	930		0
TAS2R5	ENSG00000127366	1151		0
TAS2R50	ENSG00000212126	1000		0
TAS2R60	ENSG00000185899	957		0
TAS2R7	ENSG00000121377	1096		0
TAS2R8	ENSG00000121314	1236		0
TAS2R9	ENSG00000121381	1033		0
TASP1	ENSG00000089123	2342		0
TAT	ENSG00000198650	3945		0
TATDN1	ENSG00000147687	1019		0
TATDN2	ENSG00000157014	4906	ENSG00000272410	2124
TATDN3	ENSG00000203705	2323		0
TAX1BP1	ENSG00000106052	2893		0
TAX1BP3	ENSG00000213977	1274	ENSG00000257950	1021
TBATA	ENSG00000166220	1560		0
TBC1D1	ENSG00000065882	5701		0
TBC1D10A	ENSG00000099992	1972	ENSG00000248751	751
TBC1D10B	ENSG00000169221	3350		0
TBC1D10C	ENSG00000175463	1660		0
TBC1D12	ENSG00000108239	5235		0
TBC1D13	ENSG00000107021	3855		0
TBC1D14	ENSG00000132405	4821		0
TBC1D15	ENSG00000121749	2489		0
TBC1D16	ENSG00000167291	10936		0
TBC1D17	ENSG00000104946	2089	ENSG00000284394	1
TBC1D19	ENSG00000109680	2095		0
TBC1D2	ENSG00000095383	3265		0
TBC1D20	ENSG00000125875	4446		0
TBC1D21	ENSG00000167139	1208		0
TBC1D22A	ENSG00000054611	3758		0
TBC1D22B	ENSG00000065491	3462		0
TBC1D23	ENSG00000036054	3644		0
TBC1D24	ENSG00000162065	6575	ENSG00000260272	1081
TBC1D25	ENSG00000068354	3785	ENSG00000286268	265
TBC1D26	ENSG00000214946	752	ENSG00000255104	576
TBC1D28	ENSG00000189375	2364	ENSG00000287058	124
TBC1D29	ENSG00000290404	3018	ENSG00000266733	480
TBC1D2B	ENSG00000167202	6074		0
TBC1D30	ENSG00000111490	2519	ENSG00000288591	2132
TBC1D31	ENSG00000156787	3475		0
TBC1D32	ENSG00000146350	3825		0
TBC1D3H	ENSG00000274226	2065		0
TBC1D3K	ENSG00000273513	2116		0
TBC1D4	ENSG00000136111	6365		0
TBC1D5	ENSG00000131374	6283		0
TBC1D7	ENSG00000145979	1117		0
TBC1D8	ENSG00000204634	3629		0
TBC1D8B	ENSG00000133138	5718		0
TBC1D9	ENSG00000109436	5289		0
TBCA	ENSG00000171530	661		0
TBCB	ENSG00000105254	987	ENSG00000279504	162
TBCC	ENSG00000124659	1599		0
TBCCD1	ENSG00000113838	2622		0
TBCD	ENSG00000141556	7159		0
TBCE	ENSG00000285053	1950	ENSG00000284770	1897
TBCEL	ENSG00000154114	1345	ENSG00000285509	908
TBCK	ENSG00000145348	7682		0
TBK1	ENSG00000183735	3016	ENSG00000288665	72
TBKBP1	ENSG00000198933	3306		0
TBL1X	ENSG00000101849	5283		0
TBL1XR1	ENSG00000177565	7810		0
TBL1Y	ENSG00000092377	2301		0
TBL2	ENSG00000106638	2950		0
TBL3	ENSG00000183751	6783		0
TBP	ENSG00000112592	1857		0
TBPL1	ENSG00000028839	1064	ENSG00000288529	7
TBPL2	ENSG00000182521	1368	ENSG00000239199	504
TBR1	ENSG00000136535	3806	ENSG00000251621	226
TBRG1	ENSG00000154144	4005		0
TBRG4	ENSG00000136270	2226		0
TBX1	ENSG00000184058	1922		0
TBX10	ENSG00000167800	1548		0
TBX15	ENSG00000092607	3289		0
TBX18	ENSG00000112837	6246		0
TBX19	ENSG00000143178	2823		0
TBX2	ENSG00000121068	3340		0
TBX20	ENSG00000164532	1824		0
TBX21	ENSG00000073861	2573		0
TBX22	ENSG00000122145	2356		0
TBX3	ENSG00000135111	4148		0
TBX4	ENSG00000121075	2429		0
TBX5	ENSG00000089225	3197		0
TBX6	ENSG00000149922	1803		0
TBXA2R	ENSG00000006638	2607		0
TBXAS1	ENSG00000059377	1876		0
TC2N	ENSG00000165929	5147		0
TCAF1	ENSG00000198420	5733		0
TCAF2	ENSG00000170379	5513		0
TCAIM	ENSG00000179152	1643		0
TCAP	ENSG00000173991	960	ENSG00000131748	16
TCEA1	ENSG00000187735	2777		0
TCEA2	ENSG00000171703	1181		0
TCEA3	ENSG00000204219	1560		0
TCEAL1	ENSG00000172465	631		0
TCEAL2	ENSG00000184905	1101		0
TCEAL3	ENSG00000196507	956		0
TCEAL4	ENSG00000133142	1053		0
TCEAL5	ENSG00000204065	1046		0
TCEAL6	ENSG00000204071	992		0
TCEAL7	ENSG00000182916	1134		0
TCEAL8	ENSG00000180964	1101		0
TCEANC	ENSG00000176896	1147		0
TCEANC2	ENSG00000116205	10429		0
TCEB1	ENSG00000154582	1900		0
TCEB2	ENSG00000103363	974		0
TCEB3	ENSG00000011007	2672		0
TCEB3B	ENSG00000206181	3051		0
TCEB3C	ENSG00000288631	1641		0
TCEB3CL2	ENSG00000288616	1641		0
TCERG1	ENSG00000113649	4633		0
TCERG1L	ENSG00000176769	2618		0
TCF12	ENSG00000140262	4766		0
TCF15	ENSG00000125878	1006		0
TCF19	ENSG00000137310	3243		0
TCF20	ENSG00000100207	7309		0
TCF21	ENSG00000118526	1256		0
TCF23	ENSG00000163792	4882		0
TCF24	ENSG00000261787	2450		0
TCF25	ENSG00000141002	2229	ENSG00000267048	165
TCF3	ENSG00000071564	4449		0
TCF7	ENSG00000081059	3046		0
TCF7L1	ENSG00000152284	2968		0
TCF7L2	ENSG00000148737	3803		0
TCFL5	ENSG00000101190	2457		0
TCHH	ENSG00000159450	6900		0
TCHHL1	ENSG00000182898	3604		0
TCHP	ENSG00000139437	3091		0
TCIRG1	ENSG00000110719	2668	ENSG00000255031	156
TCL1A	ENSG00000100721	1322		0
TCL1B	ENSG00000213231	1142	ENSG00000259084	940
TCN1	ENSG00000134827	1486		0
TCN2	ENSG00000185339	2192		0
TCOF1	ENSG00000070814	4793		0
TCP1	ENSG00000120438	2352		0
TCP10	ENSG00000290751	957	ENSG00000203690	762
TCP10L	ENSG00000242220	2686	ENSG00000265590	2438
TCP10L2	ENSG00000166984	870		0
TCP11	ENSG00000124678	1673		0
TCP11L1	ENSG00000176148	2649		0
TCP11L2	ENSG00000166046	2208		0
TCP11X2	ENSG00000215029	1725	ENSG00000284800	485
TCTA	ENSG00000145022	1929		0
TCTE1	ENSG00000146221	3068		0
TCTE3	ENSG00000184786	770		0
TCTEX1D1	ENSG00000152760	2002		0
TCTEX1D2	ENSG00000213123	625	ENSG00000272741	387
TCTEX1D4	ENSG00000188396	764		0
TCTN1	ENSG00000204852	1886		0
TCTN2	ENSG00000168778	2908		0
TCTN3	ENSG00000119977	2518		0
TDG	ENSG00000139372	3183	ENSG00000288744	168
TDGF1	ENSG00000241186	1956	ENSG00000283877	45
TDO2	ENSG00000151790	1700		0
TDP1	ENSG00000042088	2069		0
TDP2	ENSG00000111802	1935		0
TDRD1	ENSG00000095627	4428		0
TDRD10	ENSG00000163239	2331		0
TDRD12	ENSG00000173809	3796		0
TDRD15	ENSG00000218819	6084		0
TDRD3	ENSG00000083544	2456		0
TDRD5	ENSG00000162782	3287		0
TDRD6	ENSG00000180113	6818		0
TDRD7	ENSG00000196116	3688		0
TDRD9	ENSG00000156414	4783		0
TDRKH	ENSG00000182134	1874		0
TDRP	ENSG00000180190	3088		0
TEAD1	ENSG00000187079	2545		0
TEAD2	ENSG00000074219	2124		0
TEAD3	ENSG00000007866	2983		0
TEAD4	ENSG00000197905	1691		0
TEC	ENSG00000135605	3661		0
TECPR1	ENSG00000205356	6545		0
TECPR2	ENSG00000196663	8683	ENSG00000212330	104
TECR	ENSG00000099797	1137	ENSG00000283822	82
TECRL	ENSG00000205678	3561		0
TECTA	ENSG00000109927	7353	ENSG00000285509	524
TECTB	ENSG00000119913	2714		0
TEDDM1	ENSG00000203730	2500		0
TEF	ENSG00000167074	4381		0
TEFM	ENSG00000172171	1306		0
TEK	ENSG00000120156	4683		0
TEKT1	ENSG00000167858	3389		0
TEKT2	ENSG00000092850	1490		0
TEKT3	ENSG00000125409	1740		0
TEKT4	ENSG00000163060	1500		0
TEKT5	ENSG00000153060	1597		0
TELO2	ENSG00000100726	3312		0
TEN1	ENSG00000257949	974	ENSG00000261408	765
TEN1-CDK3	ENSG00000250506	1570	ENSG00000261408	1494
TENM1	ENSG00000009694	12875		0
TENM2	ENSG00000145934	8551		0
TENM3	ENSG00000218336	10897		0
TENM4	ENSG00000149256	14001		0
TEP1	ENSG00000129566	10695		0
TEPP	ENSG00000159648	889		0
TERF1	ENSG00000147601	1677		0
TERF2	ENSG00000132604	2977	ENSG00000260371	98
TERF2IP	ENSG00000166848	2119		0
TERT	ENSG00000164362	4018		0
TES	ENSG00000135269	2736		0
TESC	ENSG00000088992	989		0
TESK1	ENSG00000107140	2440	ENSG00000263892	1
TESK2	ENSG00000070759	3071	ENSG00000288208	930
TESPA1	ENSG00000135426	2011		0
TET1	ENSG00000138336	9289		0
TET2	ENSG00000168769	3692		0
TET3	ENSG00000187605	11389		0
TEX10	ENSG00000136891	3074		0
TEX101	ENSG00000131126	989		0
TEX11	ENSG00000120498	2896		0
TEX12	ENSG00000150783	779	ENSG00000255292	164
TEX13B	ENSG00000170925	1248		0
TEX14	ENSG00000121101	4774	ENSG00000266826	85
TEX15	ENSG00000133863	10187		0
TEX19	ENSG00000182459	1935		0
TEX2	ENSG00000136478	5211		0
TEX22	ENSG00000226174	2572		0
TEX26	ENSG00000175664	1477		0
TEX261	ENSG00000144043	3365	ENSG00000258881	663
TEX264	ENSG00000164081	1319		0
TEX29	ENSG00000153495	710		0
TEX30	ENSG00000151287	1141		0
TEX33	ENSG00000185264	986		0
TEX35	ENSG00000240021	991		0
TEX36	ENSG00000175018	922		0
TEX37	ENSG00000172073	796		0
TEX38	ENSG00000186118	840		0
TEX40	ENSG00000219435	706	ENSG00000257069	705
TEX43	ENSG00000196900	462		0
TEX9	ENSG00000151575	1230		0
TF	ENSG00000091513	2531	ENSG00000291042	191
TFAM	ENSG00000108064	5025		0
TFAP2A	ENSG00000137203	1803		0
TFAP2B	ENSG00000008196	5625		0
TFAP2C	ENSG00000087510	2862		0
TFAP2D	ENSG00000008197	1712		0
TFAP2E	ENSG00000116819	2190		0
TFAP4	ENSG00000090447	2163		0
TFB1M	ENSG00000029639	1425		0
TFB2M	ENSG00000162851	1784		0
TFCP2	ENSG00000135457	3547		0
TFCP2L1	ENSG00000115112	9287		0
TFDP1	ENSG00000198176	2636		0
TFDP2	ENSG00000114126	2271		0
TFDP3	ENSG00000183434	1681		0
TFE3	ENSG00000068323	3287		0
TFEB	ENSG00000112561	2074		0
TFEC	ENSG00000105967	6624		0
TFF1	ENSG00000160182	492		0
TFF2	ENSG00000160181	603		0
TFF3	ENSG00000160180	867		0
TFG	ENSG00000114354	1642		0
TFIP11	ENSG00000100109	3382		0
TFPI	ENSG00000003436	3623		0
TFPI2	ENSG00000105825	2207		0
TFPT	ENSG00000105619	1180		0
TFR2	ENSG00000106327	2884		0
TFRC	ENSG00000072274	5012		0
TG	ENSG00000042832	8451		0
TGDS	ENSG00000088451	1797		0
TGFA	ENSG00000163235	4117		0
TGFB1	ENSG00000105329	2769		0
TGFB1I1	ENSG00000140682	1755		0
TGFB2	ENSG00000092969	4970	ENSG00000281453	1371
TGFB3	ENSG00000119699	2523		0
TGFBI	ENSG00000120708	2711		0
TGFBR1	ENSG00000106799	6492		0
TGFBR2	ENSG00000163513	4522		0
TGFBR3	ENSG00000069702	6338		0
TGFBR3L	ENSG00000260001	1261		0
TGFBRAP1	ENSG00000135966	5569		0
TGIF1	ENSG00000177426	1608		0
TGIF2	ENSG00000118707	3323	ENSG00000259399	226
TGIF2-C20orf24	ENSG00000259399	918	ENSG00000101084	609
TGIF2LX	ENSG00000153779	880		0
TGIF2LY	ENSG00000176679	879		0
TGM1	ENSG00000092295	2744		0
TGM2	ENSG00000198959	4969		0
TGM3	ENSG00000125780	2642	ENSG00000286022	2553
TGM4	ENSG00000163810	3389		0
TGM5	ENSG00000104055	2768		0
TGM6	ENSG00000166948	2293		0
TGM7	ENSG00000159495	2314		0
TGOLN2	ENSG00000152291	6050		0
TGS1	ENSG00000137574	3478		0
TH	ENSG00000180176	1827		0
THADA	ENSG00000115970	6091		0
THAP1	ENSG00000131931	2161		0
THAP10	ENSG00000129028	2047		0
THAP11	ENSG00000168286	1876		0
THAP2	ENSG00000173451	4427	ENSG00000258064	195
THAP3	ENSG00000041988	466		0
THAP4	ENSG00000176946	2076		0
THAP5	ENSG00000177683	3290		0
THAP6	ENSG00000174796	3549		0
THAP7	ENSG00000184436	1214		0
THAP8	ENSG00000161277	1349		0
THAP9	ENSG00000168152	3809		0
THBD	ENSG00000178726	4040		0
THBS1	ENSG00000137801	7776		0
THBS2	ENSG00000186340	5701		0
THBS3	ENSG00000169231	3145		0
THBS4	ENSG00000113296	3222		0
THEG	ENSG00000105549	1234		0
THEGL	ENSG00000249693	1651		0
THEM4	ENSG00000159445	2081		0
THEM5	ENSG00000196407	985		0
THEM6	ENSG00000130193	2239		0
THEMIS	ENSG00000172673	3837		0
THEMIS2	ENSG00000130775	2688		0
THG1L	ENSG00000113272	2884		0
THNSL1	ENSG00000185875	3692	ENSG00000285859	167
THNSL2	ENSG00000144115	1970		0
THOC1	ENSG00000079134	2088		0
THOC2	ENSG00000125676	5600		0
THOC3	ENSG00000051596	1585		0
THOC5	ENSG00000100296	4728		0
THOC6	ENSG00000131652	1411		0
THOC7	ENSG00000163634	892		0
THOP1	ENSG00000172009	4761		0
THPO	ENSG00000090534	1855		0
THRA	ENSG00000126351	4829		0
THRAP3	ENSG00000054118	4405		0
THRB	ENSG00000151090	7508		0
THRSP	ENSG00000151365	1174		0
THSD1	ENSG00000136114	2963		0
THSD4	ENSG00000187720	9145		0
THSD7A	ENSG00000005108	10655		0
THSD7B	ENSG00000144229	6111		0
THTPA	ENSG00000259431	1516	ENSG00000157306	880
THUMPD1	ENSG00000066654	3857		0
THUMPD2	ENSG00000138050	1962		0
THUMPD3	ENSG00000134077	2665		0
THY1	ENSG00000154096	2601		0
THYN1	ENSG00000151500	891		0
TIA1	ENSG00000116001	4601		0
TIAF1	ENSG00000196535	1395		0
TIAL1	ENSG00000151923	1402		0
TIAM1	ENSG00000156299	7094		0
TIAM2	ENSG00000146426	5916	ENSG00000213079	714
TICAM1	ENSG00000127666	2676		0
TICAM2	ENSG00000243414	3050	ENSG00000251201	2549
TICRR	ENSG00000140534	6776		0
TIE1	ENSG00000066056	3883		0
TIFA	ENSG00000145365	4158		0
TIFAB	ENSG00000255833	5867	ENSG00000251380	3132
TIGAR	ENSG00000078237	2774	ENSG00000285901	1551
TIGD1	ENSG00000221944	2591	ENSG00000284407	100
TIGD2	ENSG00000180346	3184		0
TIGD3	ENSG00000173825	2013		0
TIGD4	ENSG00000169989	2438		0
TIGD5	ENSG00000179886	5391		0
TIGD6	ENSG00000164296	3493		0
TIGD7	ENSG00000140993	3398		0
TIGIT	ENSG00000181847	2926		0
TIMD4	ENSG00000145850	1330		0
TIMELESS	ENSG00000111602	5122		0
TIMM10	ENSG00000134809	668		0
TIMM10B	ENSG00000132286	2786	ENSG00000283977	396
TIMM13	ENSG00000099800	1664		0
TIMM17A	ENSG00000134375	1647		0
TIMM17B	ENSG00000126768	818		0
TIMM21	ENSG00000075336	3083		0
TIMM22	ENSG00000177370	3182		0
TIMM44	ENSG00000104980	1822		0
TIMM50	ENSG00000105197	1186		0
TIMM8A	ENSG00000126953	1210		0
TIMM8B	ENSG00000150779	780		0
TIMM9	ENSG00000100575	1252		0
TIMMDC1	ENSG00000113845	2379		0
TIMP1	ENSG00000102265	769		0
TIMP2	ENSG00000035862	3652		0
TIMP3	ENSG00000100234	4597		0
TIMP4	ENSG00000157150	1194		0
TINAG	ENSG00000137251	1745		0
TINAGL1	ENSG00000142910	2188	ENSG00000284543	93
TINF2	ENSG00000092330	1801		0
TIPARP	ENSG00000163659	2023		0
TIPIN	ENSG00000075131	1714		0
TIPRL	ENSG00000143155	2998		0
TIRAP	ENSG00000150455	2189		0
TISP43	ENSG00000183292	451	ENSG00000290614	272
TJAP1	ENSG00000137221	2669		0
TJP1	ENSG00000104067	7131		0
TJP2	ENSG00000119139	4347	ENSG00000285130	4326
TJP3	ENSG00000105289	3075		0
TK1	ENSG00000167900	1431		0
TK2	ENSG00000166548	4824	ENSG00000260851	148
TKFC	ENSG00000149476	4678		0
TKT	ENSG00000163931	2996		0
TKTL1	ENSG00000007350	2518		0
TKTL2	ENSG00000151005	2652		0
TLCD1	ENSG00000160606	1017		0
TLCD2	ENSG00000185561	5884		0
TLDC1	ENSG00000140950	4948		0
TLDC2	ENSG00000101342	2076		0
TLE1	ENSG00000196781	3893		0
TLE2	ENSG00000065717	2699		0
TLE3	ENSG00000140332	5736		0
TLE4	ENSG00000106829	3503		0
TLE6	ENSG00000104953	1875		0
TLK1	ENSG00000198586	5663		0
TLK2	ENSG00000146872	3450		0
TLL1	ENSG00000038295	6709		0
TLL2	ENSG00000095587	6754		0
TLN1	ENSG00000137076	8623	ENSG00000284195	8
TLN2	ENSG00000171914	11762		0
TLR1	ENSG00000174125	2850		0
TLR10	ENSG00000174123	3959		0
TLR2	ENSG00000137462	2808		0
TLR3	ENSG00000164342	6011		0
TLR4	ENSG00000136869	4813	ENSG00000285082	330
TLR5	ENSG00000187554	4065		0
TLR6	ENSG00000174130	5881		0
TLR7	ENSG00000196664	4993		0
TLR8	ENSG00000101916	3231		0
TLR9	ENSG00000239732	3352	ENSG00000173366	3232
TLX1	ENSG00000107807	2111		0
TLX2	ENSG00000115297	2137		0
TLX3	ENSG00000164438	1494		0
TM2D1	ENSG00000162604	969		0
TM2D2	ENSG00000169490	3239		0
TM2D3	ENSG00000184277	1381		0
TM4SF1	ENSG00000169908	1555		0
TM4SF18	ENSG00000163762	3727		0
TM4SF19	ENSG00000145107	1023	ENSG00000273331	814
TM4SF19-TCTEX1D2	ENSG00000273331	964	ENSG00000145107	815
TM4SF20	ENSG00000168955	2297		0
TM4SF4	ENSG00000169903	1378		0
TM4SF5	ENSG00000142484	709		0
TM6SF1	ENSG00000136404	1836		0
TM6SF2	ENSG00000213996	1505	ENSG00000267629	873
TM7SF2	ENSG00000149809	1578	ENSG00000149823	10
TM7SF3	ENSG00000064115	2700		0
TM9SF1	ENSG00000100926	2200	ENSG00000254692	2096
TM9SF2	ENSG00000125304	3375		0
TM9SF3	ENSG00000077147	6100		0
TM9SF4	ENSG00000101337	3768		0
TMA16	ENSG00000198498	1749		0
TMA7	ENSG00000232112	561		0
TMBIM1	ENSG00000135926	2292	ENSG00000284173	2
TMBIM4	ENSG00000155957	2876	ENSG00000228144	664
TMBIM6	ENSG00000139644	2836		0
TMC1	ENSG00000165091	3202		0
TMC2	ENSG00000149488	3170		0
TMC3	ENSG00000188869	4642		0
TMC5	ENSG00000103534	3120	ENSG00000222750	138
TMC6	ENSG00000141524	5269		0
TMC7	ENSG00000170537	3640		0
TMC8	ENSG00000167895	4412		0
TMCC1	ENSG00000172765	5992		0
TMCC2	ENSG00000133069	3739		0
TMCC3	ENSG00000057704	5873	ENSG00000283818	122
TMCO1	ENSG00000143183	1912		0
TMCO2	ENSG00000188800	696		0
TMCO3	ENSG00000150403	3024		0
TMCO4	ENSG00000162542	2946		0
TMCO5A	ENSG00000166069	1157		0
TMCO6	ENSG00000113119	1863		0
TMED1	ENSG00000099203	1263		0
TMED10	ENSG00000170348	4109		0
TMED2	ENSG00000086598	2539		0
TMED3	ENSG00000166557	1418		0
TMED4	ENSG00000158604	2294		0
TMED5	ENSG00000117500	5789		0
TMED6	ENSG00000157315	913	ENSG00000259900	466
TMED7	ENSG00000134970	3621	ENSG00000251201	935
TMED7-TICAM2	ENSG00000251201	3491	ENSG00000243414	2557
TMED8	ENSG00000100580	7761		0
TMED9	ENSG00000184840	1428		0
TMEFF1	ENSG00000241697	2575	ENSG00000251349	1983
TMEFF2	ENSG00000144339	1829		0
TMEM100	ENSG00000166292	1747		0
TMEM101	ENSG00000091947	1525		0
TMEM102	ENSG00000181284	1974	ENSG00000286007	318
TMEM104	ENSG00000109066	4703		0
TMEM105	ENSG00000185332	3321		0
TMEM106A	ENSG00000184988	1415		0
TMEM106B	ENSG00000106460	2073		0
TMEM106C	ENSG00000134291	811		0
TMEM107	ENSG00000179029	748		0
TMEM108	ENSG00000144868	3727		0
TMEM109	ENSG00000110108	2129		0
TMEM11	ENSG00000178307	958		0
TMEM110	ENSG00000213533	4722	ENSG00000248592	991
TMEM110-MUSTN1	ENSG00000248592	1405	ENSG00000213533	978
TMEM115	ENSG00000126062	2107		0
TMEM116	ENSG00000198270	1430		0
TMEM117	ENSG00000139173	2759		0
TMEM119	ENSG00000183160	2662		0
TMEM120A	ENSG00000189077	1393		0
TMEM120B	ENSG00000188735	7462		0
TMEM121	ENSG00000184986	1529		0
TMEM123	ENSG00000152558	3301		0
TMEM125	ENSG00000179178	1787		0
TMEM126A	ENSG00000171202	739		0
TMEM126B	ENSG00000171204	981		0
TMEM127	ENSG00000135956	6267		0
TMEM128	ENSG00000132406	1222		0
TMEM129	ENSG00000168936	2803		0
TMEM130	ENSG00000166448	2991		0
TMEM131	ENSG00000075568	6641		0
TMEM132A	ENSG00000006118	3478		0
TMEM132B	ENSG00000139364	10844		0
TMEM132C	ENSG00000181234	4944		0
TMEM132D	ENSG00000151952	5776		0
TMEM132E	ENSG00000181291	4380		0
TMEM133	ENSG00000165895	1954		0
TMEM134	ENSG00000172663	3534		0
TMEM135	ENSG00000166575	2434		0
TMEM136	ENSG00000181264	3973		0
TMEM138	ENSG00000149483	1475		0
TMEM139	ENSG00000178826	1135		0
TMEM140	ENSG00000146859	1997		0
TMEM141	ENSG00000244187	769	ENSG00000272896	238
TMEM143	ENSG00000161558	2263		0
TMEM144	ENSG00000164124	3205		0
TMEM145	ENSG00000167619	1769		0
TMEM147	ENSG00000105677	868		0
TMEM14A	ENSG00000096092	988		0
TMEM14B	ENSG00000137210	929	ENSG00000272162	232
TMEM14C	ENSG00000111843	1008		0
TMEM14EP	ENSG00000293032	379	ENSG00000221962	378
TMEM150A	ENSG00000168890	1519		0
TMEM150B	ENSG00000180061	943		0
TMEM150C	ENSG00000249242	3095	ENSG00000293008	129
TMEM151A	ENSG00000179292	2538		0
TMEM151B	ENSG00000178233	4896	ENSG00000272442	313
TMEM154	ENSG00000170006	10531		0
TMEM155	ENSG00000164112	1945		0
TMEM156	ENSG00000121895	1923		0
TMEM158	ENSG00000249992	1813		0
TMEM159	ENSG00000011638	1717		0
TMEM160	ENSG00000130748	655		0
TMEM161A	ENSG00000064545	1806		0
TMEM161B	ENSG00000164180	2592		0
TMEM163	ENSG00000152128	1892		0
TMEM164	ENSG00000157600	5548		0
TMEM165	ENSG00000134851	1928		0
TMEM167A	ENSG00000174695	4528		0
TMEM167B	ENSG00000215717	2769		0
TMEM168	ENSG00000146802	7272		0
TMEM169	ENSG00000163449	3321		0
TMEM17	ENSG00000186889	1652		0
TMEM170A	ENSG00000166822	1064	ENSG00000261717	333
TMEM170B	ENSG00000205269	8363		0
TMEM171	ENSG00000157111	1244		0
TMEM173	ENSG00000184584	1740		0
TMEM174	ENSG00000164325	1760		0
TMEM175	ENSG00000127419	1787		0
TMEM176A	ENSG00000002933	1024		0
TMEM176B	ENSG00000106565	1103		0
TMEM177	ENSG00000144120	1312		0
TMEM178A	ENSG00000152154	1663		0
TMEM178B	ENSG00000261115	10559		0
TMEM179	ENSG00000258986	1220		0
TMEM179B	ENSG00000185475	1019	ENSG00000284535	1
TMEM18	ENSG00000151353	2730		0
TMEM180	ENSG00000138111	2852		0
TMEM181	ENSG00000146433	4960		0
TMEM182	ENSG00000170417	3575		0
TMEM183A	ENSG00000163444	3020		0
TMEM184A	ENSG00000164855	6051		0
TMEM184B	ENSG00000198792	3587		0
TMEM184C	ENSG00000164168	4164		0
TMEM185B	ENSG00000226479	2124		0
TMEM186	ENSG00000184857	1439		0
TMEM187	ENSG00000177854	1452		0
TMEM189	ENSG00000240849	7703	ENSG00000124208	691
TMEM189-UBE2V1	ENSG00000124208	2757	ENSG00000244687	2066
TMEM19	ENSG00000139291	5657	ENSG00000258064	576
TMEM190	ENSG00000160472	594		0
TMEM191B	ENSG00000278558	1220		0
TMEM192	ENSG00000170088	9953		0
TMEM196	ENSG00000173452	3976		0
TMEM198	ENSG00000188760	2046		0
TMEM199	ENSG00000244045	3082	ENSG00000258924	555
TMEM2	ENSG00000135048	6152		0
TMEM200A	ENSG00000164484	3229		0
TMEM200B	ENSG00000253304	2468		0
TMEM200C	ENSG00000206432	10537		0
TMEM201	ENSG00000188807	3777		0
TMEM202	ENSG00000187806	980		0
TMEM203	ENSG00000187713	1557		0
TMEM204	ENSG00000131634	1566		0
TMEM205	ENSG00000105518	759		0
TMEM206	ENSG00000065600	2467		0
TMEM207	ENSG00000198398	1448		0
TMEM208	ENSG00000168701	776		0
TMEM209	ENSG00000146842	3454		0
TMEM210	ENSG00000185863	521	ENSG00000261793	76
TMEM211	ENSG00000206069	866		0
TMEM212	ENSG00000186329	1881		0
TMEM213	ENSG00000214128	4125		0
TMEM214	ENSG00000119777	2978		0
TMEM215	ENSG00000188133	3540		0
TMEM216	ENSG00000187049	1053		0
TMEM217	ENSG00000172738	1461	ENSG00000286105	845
TMEM218	ENSG00000150433	1650		0
TMEM219	ENSG00000149932	890		0
TMEM220	ENSG00000187824	2813		0
TMEM221	ENSG00000188051	1930	ENSG00000269035	403
TMEM222	ENSG00000186501	1595		0
TMEM223	ENSG00000168569	1273		0
TMEM225	ENSG00000204300	1108		0
TMEM229A	ENSG00000234224	2103		0
TMEM229B	ENSG00000198133	3846		0
TMEM230	ENSG00000089063	1319		0
TMEM231	ENSG00000205084	4245	ENSG00000259992	582
TMEM232	ENSG00000186952	2502		0
TMEM233	ENSG00000224982	2766		0
TMEM234	ENSG00000160055	1079		0
TMEM235	ENSG00000204278	2259		0
TMEM236	ENSG00000148483	5465		0
TMEM237	ENSG00000155755	1736		0
TMEM238	ENSG00000233493	695		0
TMEM239	ENSG00000198326	540	ENSG00000241690	488
TMEM240	ENSG00000205090	719		0
TMEM241	ENSG00000134490	2935		0
TMEM242	ENSG00000215712	3962		0
TMEM243	ENSG00000135185	1062		0
TMEM244	ENSG00000203756	545		0
TMEM245	ENSG00000106771	7981		0
TMEM246	ENSG00000165152	4169		0
TMEM247	ENSG00000284701	680	ENSG00000284608	181
TMEM248	ENSG00000106609	4229		0
TMEM249	ENSG00000261587	901	ENSG00000271698	901
TMEM25	ENSG00000149582	2404		0
TMEM251	ENSG00000153485	827	ENSG00000259066	263
TMEM252	ENSG00000181778	1245		0
TMEM253	ENSG00000232070	1265		0
TMEM254	ENSG00000133678	2037		0
TMEM255A	ENSG00000125355	3322		0
TMEM255B	ENSG00000184497	6101	ENSG00000233695	62
TMEM256	ENSG00000205544	446	ENSG00000262481	211
TMEM256-PLSCR3	ENSG00000262481	1683	ENSG00000187838	1644
TMEM257	ENSG00000185985	2442		0
TMEM258	ENSG00000134825	565	ENSG00000284108	7
TMEM259	ENSG00000182087	2579		0
TMEM26	ENSG00000196932	5083		0
TMEM260	ENSG00000070269	4259		0
TMEM261	ENSG00000137038	2456		0
TMEM262	ENSG00000187066	490		0
TMEM263	ENSG00000151135	3160		0
TMEM265	ENSG00000282034	996	ENSG00000281991	734
TMEM266	ENSG00000169758	2372		0
TMEM27	ENSG00000147003	1352	ENSG00000285602	454
TMEM30A	ENSG00000112697	4418		0
TMEM30B	ENSG00000182107	3969		0
TMEM30C	ENSG00000235156	167	ENSG00000293379	166
TMEM31	ENSG00000179363	728		0
TMEM33	ENSG00000109133	7173		0
TMEM35	ENSG00000126950	2036		0
TMEM37	ENSG00000171227	1673		0
TMEM38A	ENSG00000072954	2631		0
TMEM38B	ENSG00000095209	3526		0
TMEM39A	ENSG00000176142	4303		0
TMEM39B	ENSG00000121775	1776		0
TMEM40	ENSG00000088726	2025		0
TMEM41A	ENSG00000163900	2805		0
TMEM41B	ENSG00000166471	1442		0
TMEM42	ENSG00000169964	977	ENSG00000284498	94
TMEM43	ENSG00000170876	3229	ENSG00000268279	236
TMEM44	ENSG00000145014	1479		0
TMEM45A	ENSG00000181458	1567		0
TMEM45B	ENSG00000151715	2205		0
TMEM47	ENSG00000147027	4040		0
TMEM5	ENSG00000118600	1812		0
TMEM50A	ENSG00000183726	2266		0
TMEM50B	ENSG00000142188	2332		0
TMEM51	ENSG00000171729	1689		0
TMEM52	ENSG00000178821	929		0
TMEM52B	ENSG00000165685	2712		0
TMEM53	ENSG00000126106	2236		0
TMEM54	ENSG00000121900	999		0
TMEM55A	ENSG00000155099	2759		0
TMEM55B	ENSG00000165782	1784		0
TMEM56	ENSG00000152078	6805	ENSG00000271092	484
TMEM56-RWDD3	ENSG00000271092	1491	ENSG00000122481	488
TMEM57	ENSG00000204178	3918		0
TMEM59	ENSG00000116209	6457		0
TMEM59L	ENSG00000105696	1621		0
TMEM60	ENSG00000135211	877		0
TMEM61	ENSG00000143001	1093		0
TMEM62	ENSG00000137842	2707		0
TMEM63A	ENSG00000196187	4098	ENSG00000242861	43
TMEM63B	ENSG00000137216	3159		0
TMEM63C	ENSG00000165548	5335	ENSG00000259164	363
TMEM64	ENSG00000180694	4992		0
TMEM65	ENSG00000164983	9029		0
TMEM67	ENSG00000164953	4614		0
TMEM68	ENSG00000167904	2463		0
TMEM69	ENSG00000159596	1465		0
TMEM70	ENSG00000175606	2019	ENSG00000244295	343
TMEM71	ENSG00000165071	1994		0
TMEM74	ENSG00000164841	1721		0
TMEM74B	ENSG00000125895	1368		0
TMEM78	ENSG00000177800	2175		0
TMEM79	ENSG00000163472	2073		0
TMEM80	ENSG00000177042	706		0
TMEM81	ENSG00000174529	1332		0
TMEM82	ENSG00000162460	1443		0
TMEM86A	ENSG00000151117	3596		0
TMEM86B	ENSG00000276570	1168	ENSG00000180089	1137
TMEM87A	ENSG00000103978	2880		0
TMEM87B	ENSG00000153214	5162		0
TMEM88	ENSG00000167874	874		0
TMEM88B	ENSG00000205116	493		0
TMEM89	ENSG00000183396	576		0
TMEM8A	ENSG00000129925	3672		0
TMEM8B	ENSG00000137103	3443		0
TMEM8C	ENSG00000187616	818		0
TMEM9	ENSG00000116857	1510		0
TMEM91	ENSG00000142046	1080	ENSG00000255730	337
TMEM92	ENSG00000167105	2684		0
TMEM94	ENSG00000177728	5042	ENSG00000284595	1
TMEM95	ENSG00000182896	1146		0
TMEM97	ENSG00000109084	2463		0
TMEM98	ENSG00000006042	1440		0
TMEM99	ENSG00000167920	2059		0
TMEM9B	ENSG00000175348	1753		0
TMF1	ENSG00000144747	6849		0
TMIE	ENSG00000181585	1765		0
TMIGD1	ENSG00000182271	1202		0
TMIGD2	ENSG00000167664	1209		0
TMIGD3	ENSG00000121933	1517	ENSG00000282608	484
TMLHE	ENSG00000185973	2833		0
TMOD1	ENSG00000136842	3171		0
TMOD2	ENSG00000128872	9150		0
TMOD3	ENSG00000138594	8232		0
TMOD4	ENSG00000163157	1232		0
TMPO	ENSG00000120802	804		0
TMPPE	ENSG00000188167	3963		0
TMPRSS11A	ENSG00000187054	2399		0
TMPRSS11B	ENSG00000185873	2645		0
TMPRSS11D	ENSG00000153802	2787		0
TMPRSS11E	ENSG00000087128	2122		0
TMPRSS11F	ENSG00000198092	2077		0
TMPRSS12	ENSG00000186452	1451		0
TMPRSS13	ENSG00000137747	1951		0
TMPRSS15	ENSG00000154646	3947		0
TMPRSS2	ENSG00000184012	3205		0
TMPRSS3	ENSG00000160183	2396		0
TMPRSS4	ENSG00000137648	3465		0
TMPRSS5	ENSG00000166682	2168		0
TMPRSS6	ENSG00000187045	3054		0
TMPRSS7	ENSG00000176040	2274		0
TMPRSS9	ENSG00000178297	3333		0
TMSB10	ENSG00000034510	461		0
TMSB15A	ENSG00000158164	634		0
TMSB15B	ENSG00000158427	652		0
TMSB4X	ENSG00000205542	622		0
TMSB4Y	ENSG00000154620	1337	ENSG00000290853	534
TMTC1	ENSG00000133687	8353		0
TMTC2	ENSG00000179104	5655		0
TMTC3	ENSG00000139324	7192		0
TMTC4	ENSG00000125247	3400		0
TMUB1	ENSG00000164897	1295		0
TMUB2	ENSG00000168591	1922		0
TMX1	ENSG00000139921	3916		0
TMX2	ENSG00000213593	1632	ENSG00000288534	263
TMX2-CTNND1	ENSG00000288534	586	ENSG00000198561	321
TMX3	ENSG00000166479	4737		0
TMX4	ENSG00000125827	6102		0
TNC	ENSG00000041982	7542		0
TNF	ENSG00000232810	1677		0
TNFAIP1	ENSG00000109079	3570		0
TNFAIP2	ENSG00000185215	4683		0
TNFAIP3	ENSG00000118503	4664		0
TNFAIP6	ENSG00000123610	1422		0
TNFAIP8	ENSG00000145779	579		0
TNFAIP8L1	ENSG00000185361	3815		0
TNFAIP8L2	ENSG00000163154	1158		0
TNFAIP8L3	ENSG00000183578	1987		0
TNFRSF10A	ENSG00000104689	2690		0
TNFRSF10B	ENSG00000120889	3998		0
TNFRSF10C	ENSG00000173535	1387	ENSG00000284948	485
TNFRSF10D	ENSG00000173530	3535		0
TNFRSF11A	ENSG00000141655	8144		0
TNFRSF11B	ENSG00000164761	2087		0
TNFRSF12A	ENSG00000006327	977		0
TNFRSF13B	ENSG00000240505	1358		0
TNFRSF13C	ENSG00000159958	3923	ENSG00000283829	76
TNFRSF14	ENSG00000157873	1702		0
TNFRSF17	ENSG00000048462	891		0
TNFRSF18	ENSG00000186891	851		0
TNFRSF19	ENSG00000127863	1279		0
TNFRSF1A	ENSG00000067182	2171		0
TNFRSF1B	ENSG00000028137	3676	ENSG00000283789	37
TNFRSF21	ENSG00000146072	3595		0
TNFRSF25	ENSG00000215788	1604		0
TNFRSF4	ENSG00000186827	1054		0
TNFRSF6B	ENSG00000243509	1125	ENSG00000026036	1032
TNFRSF8	ENSG00000120949	3687		0
TNFRSF9	ENSG00000049249	5850		0
TNFSF10	ENSG00000121858	1876		0
TNFSF11	ENSG00000120659	2200		0
TNFSF12	ENSG00000239697	1377	ENSG00000248871	553
TNFSF12-TNFSF13	ENSG00000248871	1816	ENSG00000161955	1263
TNFSF13	ENSG00000161955	1811	ENSG00000248871	1263
TNFSF13B	ENSG00000102524	2576		0
TNFSF14	ENSG00000125735	1184		0
TNFSF15	ENSG00000181634	6583		0
TNFSF18	ENSG00000120337	1987		0
TNFSF4	ENSG00000117586	3471		0
TNFSF8	ENSG00000106952	1907		0
TNFSF9	ENSG00000125657	1634		0
TNIK	ENSG00000154310	6968		0
TNIP1	ENSG00000145901	2712		0
TNIP2	ENSG00000168884	1935		0
TNIP3	ENSG00000050730	2397		0
TNK1	ENSG00000174292	2761		0
TNK2	ENSG00000061938	4019	ENSG00000289747	390
TNKS	ENSG00000173273	9621		0
TNKS1BP1	ENSG00000149115	5795		0
TNKS2	ENSG00000107854	6043		0
TNMD	ENSG00000000005	1205		0
TNN	ENSG00000120332	5009		0
TNNC1	ENSG00000114854	686		0
TNNC2	ENSG00000101470	681		0
TNNI1	ENSG00000159173	5398		0
TNNI2	ENSG00000130598	744		0
TNNI3	ENSG00000129991	841	ENSG00000267110	480
TNNI3K	ENSG00000116783	3002	ENSG00000259030	2468
TNNT1	ENSG00000105048	1016		0
TNNT2	ENSG00000118194	1093	ENSG00000286600	1059
TNNT3	ENSG00000130595	1065		0
TNP1	ENSG00000118245	407		0
TNP2	ENSG00000178279	619		0
TNPO1	ENSG00000083312	2960		0
TNPO2	ENSG00000105576	4740		0
TNPO3	ENSG00000064419	4148		0
TNR	ENSG00000116147	12774		0
TNRC18	ENSG00000182095	10551		0
TNRC6A	ENSG00000090905	8430		0
TNRC6B	ENSG00000100354	18279		0
TNRC6C	ENSG00000078687	8467		0
TNS1	ENSG00000079308	10002		0
TNS2	ENSG00000111077	4644	ENSG00000278108	1
TNS3	ENSG00000136205	7585		0
TNS4	ENSG00000131746	4061		0
TNXB	ENSG00000168477	13097	ENSG00000284829	31
TOB1	ENSG00000141232	2229		0
TOB2	ENSG00000183864	4337		0
TOE1	ENSG00000132773	1887		0
TOLLIP	ENSG00000078902	3617		0
TOM1	ENSG00000100284	2278		0
TOM1L1	ENSG00000141198	2168		0
TOM1L2	ENSG00000175662	2419		0
TOMM20	ENSG00000173726	3283		0
TOMM20L	ENSG00000196860	606		0
TOMM22	ENSG00000100216	2031		0
TOMM34	ENSG00000025772	1973		0
TOMM40	ENSG00000130204	1676		0
TOMM40L	ENSG00000158882	2651	ENSG00000284035	5
TOMM5	ENSG00000175768	706	ENSG00000255872	520
TOMM6	ENSG00000124593	598	ENSG00000214736	565
TOMM7	ENSG00000196683	434		0
TOMM70A	ENSG00000154174	4100		0
TONSL	ENSG00000160949	4499		0
TOP1	ENSG00000198900	3734		0
TOP1MT	ENSG00000184428	1942		0
TOP2A	ENSG00000131747	5695		0
TOP2B	ENSG00000077097	5390		0
TOP3A	ENSG00000177302	4104		0
TOP3B	ENSG00000100038	2834		0
TOPAZ1	ENSG00000173769	5334		0
TOPBP1	ENSG00000163781	5379		0
TOPORS	ENSG00000197579	4098	ENSG00000288684	315
TOR1A	ENSG00000136827	2077		0
TOR1AIP1	ENSG00000143337	3781		0
TOR1AIP2	ENSG00000169905	661		0
TOR1B	ENSG00000136816	2738		0
TOR2A	ENSG00000160404	1500		0
TOR3A	ENSG00000186283	2031		0
TOR4A	ENSG00000198113	4149		0
TOX	ENSG00000198846	4071		0
TOX2	ENSG00000124191	1881		0
TOX3	ENSG00000103460	3234		0
TP53	ENSG00000141510	2512		0
TP53AIP1	ENSG00000120471	750		0
TP53BP1	ENSG00000067369	6102		0
TP53BP2	ENSG00000143514	4627		0
TP53I11	ENSG00000175274	3306		0
TP53I13	ENSG00000167543	1473		0
TP53I3	ENSG00000115129	1255		0
TP53INP1	ENSG00000164938	5605		0
TP53INP2	ENSG00000078804	4127		0
TP53TG3	ENSG00000183632	1465		0
TP53TG3B	ENSG00000261509	1467		0
TP53TG3D	ENSG00000205456	1462		0
TP53TG3E	ENSG00000275034	1459		0
TP53TG5	ENSG00000124251	2307		0
TP63	ENSG00000073282	4485		0
TP73	ENSG00000078900	5189		0
TPBG	ENSG00000146242	2887		0
TPBGL	ENSG00000261594	2794		0
TPCN1	ENSG00000186815	5248	ENSG00000274822	1
TPCN2	ENSG00000162341	2896	ENSG00000287725	1529
TPD52	ENSG00000076554	2062	ENSG00000276418	877
TPD52L1	ENSG00000111907	2239		0
TPD52L2	ENSG00000101150	2291	ENSG00000290226	453
TPD52L3	ENSG00000170777	588		0
TPGS1	ENSG00000141933	1114		0
TPGS2	ENSG00000134779	3835		0
TPH1	ENSG00000129167	4789	ENSG00000255448	285
TPH2	ENSG00000139287	2360		0
TPI1	ENSG00000111669	1231		0
TPK1	ENSG00000196511	2439		0
TPM1	ENSG00000140416	1056		0
TPM2	ENSG00000198467	868		0
TPM3	ENSG00000143549	1413		0
TPM4	ENSG00000167460	1059		0
TPMT	ENSG00000137364	3181		0
TPO	ENSG00000115705	3138		0
TPP1	ENSG00000166340	3492	ENSG00000285338	665
TPP2	ENSG00000134900	3932		0
TPPP	ENSG00000171368	5979		0
TPPP2	ENSG00000179636	753		0
TPPP3	ENSG00000159713	1021		0
TPR	ENSG00000047410	9636	ENSG00000202025	104
TPRA1	ENSG00000163870	1592		0
TPRG1	ENSG00000188001	1078		0
TPRG1L	ENSG00000158109	2401		0
TPRKB	ENSG00000144034	664		0
TPRN	ENSG00000176058	2659		0
TPRX1	ENSG00000178928	1909		0
TPRXL	ENSG00000180438	651	ENSG00000292995	210
TPSAB1	ENSG00000172236	1166		0
TPSD1	ENSG00000095917	1500		0
TPSG1	ENSG00000116176	1108		0
TPST1	ENSG00000169902	1981		0
TPST2	ENSG00000128294	5653		0
TPT1	ENSG00000133112	4548	ENSG00000253051	134
TPTE2	ENSG00000132958	1561		0
TPX2	ENSG00000088325	3473		0
TRA2A	ENSG00000164548	1785		0
TRA2B	ENSG00000136527	2831		0
TRABD	ENSG00000170638	2273		0
TRABD2A	ENSG00000186854	1667		0
TRABD2B	ENSG00000269113	7034	ENSG00000223814	407
TRADD	ENSG00000102871	1483		0
TRAF1	ENSG00000056558	4351		0
TRAF2	ENSG00000127191	2265		0
TRAF3	ENSG00000131323	7641		0
TRAF3IP1	ENSG00000204104	4199		0
TRAF3IP2	ENSG00000056972	4761		0
TRAF3IP3	ENSG00000009790	2234		0
TRAF4	ENSG00000076604	2894		0
TRAF5	ENSG00000082512	3913		0
TRAF6	ENSG00000175104	4628		0
TRAF7	ENSG00000131653	3683		0
TRAFD1	ENSG00000135148	2633		0
TRAIP	ENSG00000183763	2023		0
TRAJ1	ENSG00000211888	62		0
TRAJ10	ENSG00000211879	64		0
TRAJ11	ENSG00000211878	60		0
TRAJ12	ENSG00000211877	60		0
TRAJ13	ENSG00000211876	63		0
TRAJ14	ENSG00000211875	52		0
TRAJ16	ENSG00000211873	60		0
TRAJ17	ENSG00000211872	63		0
TRAJ18	ENSG00000211871	66		0
TRAJ19	ENSG00000211870	60		0
TRAJ2	ENSG00000211887	66		0
TRAJ20	ENSG00000211869	57		0
TRAJ21	ENSG00000211868	55		0
TRAJ22	ENSG00000211867	63		0
TRAJ23	ENSG00000211866	63		0
TRAJ24	ENSG00000211865	63		0
TRAJ25	ENSG00000211864	60		0
TRAJ26	ENSG00000211863	60		0
TRAJ27	ENSG00000211862	59		0
TRAJ28	ENSG00000211861	66		0
TRAJ29	ENSG00000211860	60		0
TRAJ3	ENSG00000211886	62		0
TRAJ30	ENSG00000211859	57		0
TRAJ31	ENSG00000211858	57		0
TRAJ32	ENSG00000211857	66		0
TRAJ33	ENSG00000211856	57		0
TRAJ34	ENSG00000211855	58		0
TRAJ35	ENSG00000211854	59		0
TRAJ38	ENSG00000211851	62		0
TRAJ39	ENSG00000211850	63		0
TRAJ4	ENSG00000211885	63		0
TRAJ40	ENSG00000211849	61		0
TRAJ41	ENSG00000211848	62		0
TRAJ42	ENSG00000211847	66		0
TRAJ43	ENSG00000211846	54		0
TRAJ44	ENSG00000211845	63		0
TRAJ45	ENSG00000211844	66		0
TRAJ46	ENSG00000211843	63		0
TRAJ47	ENSG00000211842	57		0
TRAJ48	ENSG00000211841	63		0
TRAJ49	ENSG00000211840	56		0
TRAJ5	ENSG00000211884	60		0
TRAJ50	ENSG00000211839	60		0
TRAJ52	ENSG00000211838	69		0
TRAJ53	ENSG00000211837	66		0
TRAJ54	ENSG00000211836	60		0
TRAJ56	ENSG00000211835	62		0
TRAJ57	ENSG00000211834	63		0
TRAJ58	ENSG00000211833	63		0
TRAJ59	ENSG00000211832	54		0
TRAJ6	ENSG00000211883	62		0
TRAJ61	ENSG00000211831	60		0
TRAJ7	ENSG00000211882	59		0
TRAJ9	ENSG00000211880	61		0
TRAK1	ENSG00000182606	5006		0
TRAK2	ENSG00000115993	6389		0
TRAM1	ENSG00000067167	2786		0
TRAM1L1	ENSG00000174599	2023		0
TRAM2	ENSG00000065308	6902		0
TRANK1	ENSG00000168016	10479		0
TRAP1	ENSG00000126602	2223		0
TRAPPC1	ENSG00000170043	703	ENSG00000262730	96
TRAPPC10	ENSG00000160218	6977		0
TRAPPC11	ENSG00000168538	4523		0
TRAPPC12	ENSG00000171853	2462		0
TRAPPC13	ENSG00000113597	1435	ENSG00000253251	74
TRAPPC2	ENSG00000196459	2700		0
TRAPPC2L	ENSG00000167515	2163		0
TRAPPC2P1	ENSG00000256060	692	ENSG00000152433	153
TRAPPC3	ENSG00000054116	1265		0
TRAPPC3L	ENSG00000173626	1114		0
TRAPPC4	ENSG00000196655	1425	ENSG00000283704	27
TRAPPC5	ENSG00000181029	5499	ENSG00000269711	613
TRAPPC6A	ENSG00000007255	758		0
TRAPPC6B	ENSG00000182400	3240		0
TRAPPC8	ENSG00000153339	6202		0
TRAPPC9	ENSG00000167632	4280	ENSG00000289741	144
TRAT1	ENSG00000163519	1831		0
TRAV1-1	ENSG00000255569	392		0
TRAV1-2	ENSG00000256553	402		0
TRAV10	ENSG00000211784	379		0
TRAV12-1	ENSG00000211785	340		0
TRAV12-2	ENSG00000211789	445		0
TRAV12-3	ENSG00000211794	399		0
TRAV13-1	ENSG00000211788	360		0
TRAV13-2	ENSG00000211791	410		0
TRAV16	ENSG00000211796	329		0
TRAV17	ENSG00000211797	484		0
TRAV18	ENSG00000211798	440		0
TRAV19	ENSG00000211799	467		0
TRAV2	ENSG00000211776	348		0
TRAV20	ENSG00000211800	406		0
TRAV21	ENSG00000211801	343		0
TRAV22	ENSG00000211802	464		0
TRAV23DV6	ENSG00000211803	409		0
TRAV24	ENSG00000211805	343		0
TRAV25	ENSG00000211806	403		0
TRAV26-1	ENSG00000211807	537		0
TRAV26-2	ENSG00000211812	327		0
TRAV27	ENSG00000211809	425		0
TRAV29DV5	ENSG00000211810	469		0
TRAV3	ENSG00000211777	519		0
TRAV30	ENSG00000259092	337		0
TRAV34	ENSG00000211813	349		0
TRAV36DV7	ENSG00000211815	356		0
TRAV38-1	ENSG00000211816	353		0
TRAV38-2DV8	ENSG00000211817	395		0
TRAV39	ENSG00000211818	331		0
TRAV4	ENSG00000211778	395		0
TRAV40	ENSG00000211819	317		0
TRAV41	ENSG00000211820	336		0
TRAV5	ENSG00000211779	352		0
TRAV6	ENSG00000211780	404		0
TRAV7	ENSG00000211781	337		0
TRAV8-1	ENSG00000211782	473		0
TRAV8-2	ENSG00000211786	566		0
TRAV8-3	ENSG00000211787	341		0
TRAV8-4	ENSG00000211790	469		0
TRAV8-7	ENSG00000211808	341		0
TRAV9-1	ENSG00000211783	338		0
TRBC2	ENSG00000211772	758		0
TRBJ2-1	ENSG00000211764	50		0
TRBJ2-2	ENSG00000211765	51		0
TRBJ2-2P	ENSG00000211766	46		0
TRBJ2-3	ENSG00000211767	49		0
TRBJ2-4	ENSG00000211768	50		0
TRBJ2-5	ENSG00000211769	48		0
TRBJ2-6	ENSG00000211770	53		0
TRBJ2-7	ENSG00000211771	47		0
TRBV19	ENSG00000211746	552		0
TRBV2	ENSG00000226660	421		0
TRBV20-1	ENSG00000211747	413		0
TRBV20OR9-2	ENSG00000205274	333		0
TRBV21OR9-2	ENSG00000183938	367		0
TRBV23-1	ENSG00000211749	347		0
TRBV23OR9-2	ENSG00000229063	335		0
TRBV24-1	ENSG00000211750	381		0
TRBV25-1	ENSG00000282499	381		0
TRBV27	ENSG00000211752	387		0
TRBV28	ENSG00000211753	364		0
TRBV29-1	ENSG00000232869	402		0
TRBV3-1	ENSG00000237702	391		0
TRBV30	ENSG00000237254	447		0
TRBV4-1	ENSG00000211710	373		0
TRBV4-2	ENSG00000211745	455		0
TRBV5-1	ENSG00000211734	652		0
TRBV6-1	ENSG00000211706	401		0
TRBV7-1	ENSG00000211707	380		0
TRDC	ENSG00000211829	720		0
TRDD2	ENSG00000237235	9		0
TRDD3	ENSG00000228985	13		0
TRDJ1	ENSG00000211825	51		0
TRDJ2	ENSG00000211827	54		0
TRDJ3	ENSG00000211828	59		0
TRDJ4	ENSG00000211826	48		0
TRDMT1	ENSG00000107614	3518		0
TRDN	ENSG00000186439	4627		0
TRDV2	ENSG00000211821	520		0
TRDV3	ENSG00000256590	425		0
TREM1	ENSG00000124731	1654		0
TREM2	ENSG00000095970	983		0
TREML1	ENSG00000161911	982		0
TREML2	ENSG00000112195	3258		0
TREML4	ENSG00000188056	2045		0
TRERF1	ENSG00000124496	7262		0
TREX1	ENSG00000164053	1428	ENSG00000213689	1051
TREX2	ENSG00000183479	825		0
TRGC1	ENSG00000211689	2730	ENSG00000289746	966
TRGC2	ENSG00000227191	628	ENSG00000211701	387
TRGJ1	ENSG00000211690	50		0
TRGJ2	ENSG00000211687	50		0
TRGJP	ENSG00000211691	61	ENSG00000289746	50
TRGJP1	ENSG00000211692	60		0
TRGJP2	ENSG00000211688	60		0
TRGV1	ENSG00000211701	465		0
TRGV10	ENSG00000211694	512		0
TRGV11	ENSG00000211693	463		0
TRGV2	ENSG00000233306	544		0
TRGV3	ENSG00000211699	537		0
TRGV4	ENSG00000211698	688		0
TRGV5	ENSG00000211697	541	ENSG00000228668	311
TRGV8	ENSG00000211696	468		0
TRGV9	ENSG00000211695	1735		0
TRH	ENSG00000170893	1560		0
TRHDE	ENSG00000072657	10734		0
TRHR	ENSG00000174417	1661		0
TRIAP1	ENSG00000170855	1151		0
TRIB1	ENSG00000173334	3596		0
TRIB2	ENSG00000071575	4344		0
TRIB3	ENSG00000101255	2356		0
TRIM10	ENSG00000204613	3547		0
TRIM11	ENSG00000154370	2710		0
TRIM13	ENSG00000204977	2585		0
TRIM14	ENSG00000106785	1380		0
TRIM15	ENSG00000204610	1881		0
TRIM16	ENSG00000221926	3200	ENSG00000251537	1327
TRIM16L	ENSG00000291110	1700	ENSG00000108448	1176
TRIM17	ENSG00000162931	1737		0
TRIM2	ENSG00000109654	3680	ENSG00000288637	2130
TRIM21	ENSG00000132109	1925		0
TRIM22	ENSG00000132274	2888		0
TRIM23	ENSG00000113595	3863		0
TRIM24	ENSG00000122779	8411		0
TRIM25	ENSG00000121060	5734	ENSG00000284542	86
TRIM26	ENSG00000234127	3250		0
TRIM27	ENSG00000204713	2963		0
TRIM28	ENSG00000130726	2960	ENSG00000275924	1
TRIM3	ENSG00000110171	2687		0
TRIM31	ENSG00000204616	2027		0
TRIM32	ENSG00000119401	3714		0
TRIM33	ENSG00000197323	8326		0
TRIM34	ENSG00000258588	2233	ENSG00000258659	2233
TRIM35	ENSG00000104228	4183		0
TRIM36	ENSG00000152503	3855		0
TRIM37	ENSG00000108395	3311		0
TRIM38	ENSG00000112343	9413		0
TRIM39	ENSG00000204599	3165	ENSG00000248167	1246
TRIM39-RPP21	ENSG00000248167	1698	ENSG00000204599	1247
TRIM4	ENSG00000146833	3305		0
TRIM40	ENSG00000204614	1635		0
TRIM41	ENSG00000146063	3637		0
TRIM42	ENSG00000155890	2514		0
TRIM43	ENSG00000144015	1683		0
TRIM44	ENSG00000166326	12965		0
TRIM45	ENSG00000134253	3515		0
TRIM46	ENSG00000163462	3061		0
TRIM47	ENSG00000132481	2263		0
TRIM48	ENSG00000150244	1441		0
TRIM49	ENSG00000168930	2163		0
TRIM49B	ENSG00000182053	1694		0
TRIM49C	ENSG00000204449	2163		0
TRIM49D2	ENSG00000233802	1651		0
TRIM5	ENSG00000132256	2992	ENSG00000239920	231
TRIM51	ENSG00000124900	1629		0
TRIM54	ENSG00000138100	1930		0
TRIM55	ENSG00000147573	2679		0
TRIM56	ENSG00000169871	10910		0
TRIM58	ENSG00000162722	3226		0
TRIM59	ENSG00000213186	3824	ENSG00000248710	1138
TRIM6	ENSG00000121236	3144	ENSG00000258588	968
TRIM6-TRIM34	ENSG00000258588	3391	ENSG00000258659	2233
TRIM60	ENSG00000176979	1842		0
TRIM61	ENSG00000183439	1128		0
TRIM62	ENSG00000116525	3438		0
TRIM63	ENSG00000158022	1768		0
TRIM64	ENSG00000204450	1536		0
TRIM64B	ENSG00000189253	1533		0
TRIM64C	ENSG00000214891	1353		0
TRIM65	ENSG00000141569	3384		0
TRIM66	ENSG00000166436	9818		0
TRIM67	ENSG00000119283	3937		0
TRIM68	ENSG00000167333	3324		0
TRIM69	ENSG00000185880	1735		0
TRIM7	ENSG00000146054	2840		0
TRIM71	ENSG00000206557	8684		0
TRIM72	ENSG00000177238	8402		0
TRIM74	ENSG00000155428	1350		0
TRIM77	ENSG00000214414	1353		0
TRIM8	ENSG00000171206	2743		0
TRIM9	ENSG00000100505	4324		0
TRIML1	ENSG00000184108	1775		0
TRIML2	ENSG00000179046	1637		0
TRIO	ENSG00000038382	11101		0
TRIOBP	ENSG00000100106	1002		0
TRIP10	ENSG00000125733	2035		0
TRIP11	ENSG00000100815	9996		0
TRIP12	ENSG00000153827	9875		0
TRIP13	ENSG00000071539	2431		0
TRIP4	ENSG00000103671	2013		0
TRIP6	ENSG00000087077	1693	ENSG00000283821	1
TRIQK	ENSG00000205133	1744		0
TRIT1	ENSG00000043514	2111		0
TRMO	ENSG00000136932	1577		0
TRMT1	ENSG00000104907	2040		0
TRMT10A	ENSG00000145331	3514		0
TRMT10B	ENSG00000165275	2282		0
TRMT10C	ENSG00000174173	1813		0
TRMT11	ENSG00000066651	1839		0
TRMT112	ENSG00000173113	582		0
TRMT12	ENSG00000183665	2207		0
TRMT13	ENSG00000122435	3128		0
TRMT1L	ENSG00000121486	4361		0
TRMT2A	ENSG00000099899	2886	ENSG00000243762	11
TRMT2B	ENSG00000188917	3064		0
TRMT44	ENSG00000155275	2800		0
TRMT5	ENSG00000126814	5295	ENSG00000258656	195
TRMT6	ENSG00000089195	2325		0
TRMT61A	ENSG00000166166	3217		0
TRMT61B	ENSG00000171103	1836		0
TRMU	ENSG00000100416	1651		0
TRNAU1AP	ENSG00000180098	1799		0
TRNP1	ENSG00000253368	1947		0
TRNT1	ENSG00000072756	2252		0
TRO	ENSG00000067445	4634		0
TROAP	ENSG00000135451	2528		0
TROVE2	ENSG00000116747	1953		0
TRPA1	ENSG00000104321	5191		0
TRPC1	ENSG00000144935	4325		0
TRPC3	ENSG00000138741	3261		0
TRPC4	ENSG00000133107	3407		0
TRPC4AP	ENSG00000100991	3162		0
TRPC5	ENSG00000072315	5840		0
TRPC6	ENSG00000137672	4612		0
TRPC7	ENSG00000069018	2988		0
TRPM1	ENSG00000134160	5683		0
TRPM2	ENSG00000142185	5419	ENSG00000266692	47
TRPM3	ENSG00000083067	12259		0
TRPM4	ENSG00000130529	4058		0
TRPM5	ENSG00000070985	3929		0
TRPM6	ENSG00000119121	8252		0
TRPM7	ENSG00000092439	10382	ENSG00000288645	390
TRPM8	ENSG00000144481	5622		0
TRPS1	ENSG00000104447	9964		0
TRPT1	ENSG00000149743	940		0
TRPV1	ENSG00000196689	3922	ENSG00000262304	1417
TRPV2	ENSG00000187688	2779	ENSG00000239203	145
TRPV3	ENSG00000167723	2584		0
TRPV4	ENSG00000111199	3179		0
TRPV5	ENSG00000127412	2890		0
TRPV6	ENSG00000165125	2906		0
TRRAP	ENSG00000196367	12547		0
TRUB1	ENSG00000165832	3406		0
TRUB2	ENSG00000167112	5425		0
TSACC	ENSG00000163467	515		0
TSC1	ENSG00000165699	8598		0
TSC2	ENSG00000103197	5636		0
TSC22D1	ENSG00000102804	2793		0
TSC22D2	ENSG00000196428	11074		0
TSC22D3	ENSG00000157514	1581		0
TSC22D4	ENSG00000166925	2318	ENSG00000289760	72
TSEN15	ENSG00000198860	1907		0
TSEN2	ENSG00000154743	2150		0
TSEN54	ENSG00000182173	1937		0
TSFM	ENSG00000123297	1994	ENSG00000257921	259
TSG101	ENSG00000074319	1534		0
TSGA10	ENSG00000135951	3878		0
TSGA10IP	ENSG00000175513	1890		0
TSGA13	ENSG00000213265	1446	ENSG00000158623	102
TSHB	ENSG00000134200	528		0
TSHR	ENSG00000165409	4304		0
TSHZ1	ENSG00000179981	4944		0
TSHZ2	ENSG00000182463	12188		0
TSHZ3	ENSG00000121297	5065		0
TSKS	ENSG00000126467	1854		0
TSKU	ENSG00000182704	2536		0
TSLP	ENSG00000145777	715		0
TSN	ENSG00000211460	3302		0
TSNARE1	ENSG00000171045	1905		0
TSNAX	ENSG00000116918	2634	ENSG00000270106	653
TSNAXIP1	ENSG00000102904	2241		0
TSPAN1	ENSG00000117472	1615		0
TSPAN11	ENSG00000110900	1058		0
TSPAN12	ENSG00000106025	2585		0
TSPAN13	ENSG00000106537	1873		0
TSPAN14	ENSG00000108219	5547		0
TSPAN15	ENSG00000099282	1696		0
TSPAN16	ENSG00000130167	996		0
TSPAN17	ENSG00000048140	2360		0
TSPAN18	ENSG00000157570	3317		0
TSPAN19	ENSG00000231738	998		0
TSPAN2	ENSG00000134198	3177		0
TSPAN31	ENSG00000135452	1691		0
TSPAN32	ENSG00000064201	1318		0
TSPAN33	ENSG00000158457	1864		0
TSPAN4	ENSG00000214063	1379		0
TSPAN5	ENSG00000168785	3347		0
TSPAN6	ENSG00000000003	2207		0
TSPAN7	ENSG00000156298	1737	ENSG00000250349	676
TSPAN8	ENSG00000127324	1061		0
TSPAN9	ENSG00000011105	4255		0
TSPEAR	ENSG00000175894	3958		0
TSPO	ENSG00000100300	836		0
TSPO2	ENSG00000112212	959		0
TSPY1	ENSG00000258992	1160		0
TSPY10	ENSG00000236424	1161		0
TSPY3	ENSG00000228927	1161		0
TSPY4	ENSG00000233803	1179		0
TSPY8	ENSG00000229549	1161		0
TSPY9P	ENSG00000238074	1161		0
TSPYL1	ENSG00000189241	3327		0
TSPYL2	ENSG00000184205	2815		0
TSPYL4	ENSG00000187189	4112		0
TSPYL5	ENSG00000180543	4441		0
TSPYL6	ENSG00000178021	3047		0
TSR1	ENSG00000167721	4139		0
TSR2	ENSG00000158526	1531		0
TSR3	ENSG00000007520	1210		0
TSSC1	ENSG00000032389	1657		0
TSSC4	ENSG00000184281	1472		0
TSSK1B	ENSG00000212122	2437		0
TSSK2	ENSG00000206203	1315		0
TSSK3	ENSG00000162526	1026		0
TSSK4	ENSG00000139908	1259		0
TSSK6	ENSG00000178093	1330		0
TST	ENSG00000128311	1125		0
TSTA3	ENSG00000104522	1278		0
TSTD1	ENSG00000215845	567	ENSG00000270149	65
TSTD2	ENSG00000136925	4114		0
TTBK1	ENSG00000146216	6932		0
TTBK2	ENSG00000128881	10906		0
TTC1	ENSG00000113312	1406		0
TTC12	ENSG00000149292	2256		0
TTC13	ENSG00000143643	3253		0
TTC14	ENSG00000163728	2848		0
TTC16	ENSG00000167094	2874		0
TTC17	ENSG00000052841	4468		0
TTC19	ENSG00000011295	2558		0
TTC21A	ENSG00000168026	3942	ENSG00000284158	1
TTC21B	ENSG00000123607	5415		0
TTC22	ENSG00000006555	1055		0
TTC23	ENSG00000103852	3849		0
TTC23L	ENSG00000205838	1353		0
TTC24	ENSG00000187862	2006		0
TTC26	ENSG00000105948	4299		0
TTC27	ENSG00000018699	2877		0
TTC28	ENSG00000100154	11770		0
TTC29	ENSG00000137473	1768		0
TTC3	ENSG00000182670	7713		0
TTC30A	ENSG00000197557	5744		0
TTC30B	ENSG00000196659	3799		0
TTC31	ENSG00000115282	2909		0
TTC32	ENSG00000183891	820		0
TTC33	ENSG00000113638	2599		0
TTC34	ENSG00000215912	6247		0
TTC36	ENSG00000172425	668	ENSG00000149582	6
TTC37	ENSG00000198677	5677		0
TTC38	ENSG00000075234	2566		0
TTC39A	ENSG00000085831	2592		0
TTC39B	ENSG00000155158	10339		0
TTC39C	ENSG00000168234	2038		0
TTC4	ENSG00000243725	2356	ENSG00000271723	1771
TTC5	ENSG00000136319	4737		0
TTC6	ENSG00000139865	5834		0
TTC7A	ENSG00000068724	5095		0
TTC7B	ENSG00000165914	19458		0
TTC8	ENSG00000165533	2153		0
TTC9	ENSG00000133985	5088		0
TTC9B	ENSG00000174521	828		0
TTC9C	ENSG00000162222	1081		0
TTF1	ENSG00000125482	3053		0
TTF2	ENSG00000116830	9439		0
TTI1	ENSG00000101407	3799		0
TTI2	ENSG00000129696	2131		0
TTK	ENSG00000112742	2966		0
TTL	ENSG00000114999	14267		0
TTLL1	ENSG00000100271	1609		0
TTLL10	ENSG00000162571	2265		0
TTLL11	ENSG00000175764	2953		0
TTLL12	ENSG00000100304	3385		0
TTLL2	ENSG00000120440	2075		0
TTLL3	ENSG00000214021	2493	ENSG00000250151	1943
TTLL4	ENSG00000135912	4968		0
TTLL5	ENSG00000119685	4684		0
TTLL6	ENSG00000170703	3552		0
TTLL7	ENSG00000137941	7977		0
TTLL9	ENSG00000131044	2626		0
TTN	ENSG00000155657	109224		0
TTPA	ENSG00000137561	2339		0
TTPAL	ENSG00000124120	6213		0
TTR	ENSG00000118271	616		0
TTYH1	ENSG00000167614	1871		0
TTYH2	ENSG00000141540	3433		0
TTYH3	ENSG00000136295	4805		0
TUB	ENSG00000166402	2020		0
TUBA1A	ENSG00000167552	1672		0
TUBA1B	ENSG00000123416	1627		0
TUBA1C	ENSG00000167553	2823		0
TUBA3C	ENSG00000198033	1521		0
TUBA3D	ENSG00000075886	1520		0
TUBA3E	ENSG00000152086	1518		0
TUBA4A	ENSG00000127824	2049		0
TUBA4B	ENSG00000243910	1380		0
TUBA8	ENSG00000183785	2002	ENSG00000288683	1931
TUBAL3	ENSG00000178462	1793		0
TUBB	ENSG00000196230	2515		0
TUBB1	ENSG00000101162	3321		0
TUBB2A	ENSG00000137267	1596		0
TUBB2B	ENSG00000137285	1922		0
TUBB3	ENSG00000258947	1706	ENSG00000198211	1584
TUBB4A	ENSG00000104833	2277		0
TUBB4B	ENSG00000188229	1563		0
TUBB6	ENSG00000176014	1879		0
TUBB8	ENSG00000261456	1498		0
TUBD1	ENSG00000108423	2489		0
TUBE1	ENSG00000074935	2112		0
TUBG1	ENSG00000131462	1604		0
TUBG2	ENSG00000037042	1762		0
TUBGCP2	ENSG00000130640	3879		0
TUBGCP3	ENSG00000126216	3879		0
TUBGCP4	ENSG00000137822	6799		0
TUBGCP6	ENSG00000128159	5607		0
TUFM	ENSG00000178952	2011	ENSG00000283845	59
TUFT1	ENSG00000143367	3107		0
TULP1	ENSG00000112041	2120		0
TULP2	ENSG00000104804	1752		0
TULP3	ENSG00000078246	3075		0
TULP4	ENSG00000130338	11296		0
TUSC1	ENSG00000198680	1472		0
TUSC2	ENSG00000114383	1669		0
TUSC3	ENSG00000104723	1499		0
TUSC5	ENSG00000184811	3588		0
TUT1	ENSG00000149016	2705	ENSG00000255508	1520
TVP23A	ENSG00000166676	749		0
TVP23B	ENSG00000171928	1876		0
TVP23C	ENSG00000175106	977	ENSG00000259024	575
TVP23C-CDRT4	ENSG00000259024	2833	ENSG00000239704	2259
TWF1	ENSG00000151239	2987		0
TWF2	ENSG00000247596	1614	ENSG00000173366	463
TWIST1	ENSG00000122691	1630		0
TWIST2	ENSG00000233608	649		0
TWISTNB	ENSG00000105849	3893		0
TWSG1	ENSG00000128791	3750		0
TXK	ENSG00000074966	2908		0
TXLNA	ENSG00000084652	4855		0
TXLNB	ENSG00000164440	4612	ENSG00000272446	96
TXLNG	ENSG00000086712	4362		0
TXN	ENSG00000136810	737		0
TXN2	ENSG00000100348	1336		0
TXNDC11	ENSG00000153066	3116		0
TXNDC12	ENSG00000117862	1416	ENSG00000285839	1141
TXNDC15	ENSG00000113621	2980		0
TXNDC16	ENSG00000087301	4557		0
TXNDC17	ENSG00000129235	1917		0
TXNDC2	ENSG00000168454	2795		0
TXNDC5	ENSG00000239264	2938	ENSG00000259040	2658
TXNDC8	ENSG00000204193	396		0
TXNDC9	ENSG00000115514	1508		0
TXNL1	ENSG00000091164	6840		0
TXNL4A	ENSG00000141759	3472		0
TXNL4B	ENSG00000140830	2521		0
TXNRD1	ENSG00000198431	3836		0
TXNRD2	ENSG00000184470	1941		0
TXNRD3	ENSG00000197763	2920		0
TYK2	ENSG00000105397	3885		0
TYMP	ENSG00000025708	1573		0
TYMS	ENSG00000176890	1613		0
TYR	ENSG00000077498	2062		0
TYRO3	ENSG00000092445	8029		0
TYROBP	ENSG00000011600	569		0
TYRP1	ENSG00000107165	2847		0
TYSND1	ENSG00000156521	3644		0
TYW1	ENSG00000198874	3330		0
TYW3	ENSG00000162623	3431		0
TYW5	ENSG00000162971	4062		0
U2AF1	ENSG00000160201	945		0
U2AF1L4	ENSG00000161265	764	ENSG00000267120	603
U2AF2	ENSG00000063244	1699		0
U2SURP	ENSG00000163714	7245	ENSG00000241570	22
U82695.5	ENSG00000214897	2123		0
UACA	ENSG00000137831	6904		0
UAP1	ENSG00000117143	2105		0
UAP1L1	ENSG00000197355	3349		0
UBA1	ENSG00000130985	3376		0
UBA2	ENSG00000126261	4005		0
UBA3	ENSG00000144744	2111		0
UBA5	ENSG00000081307	2842		0
UBA52	ENSG00000221983	447		0
UBA6	ENSG00000033178	9540		0
UBA7	ENSG00000182179	3297	ENSG00000283726	29
UBAC1	ENSG00000130560	1860		0
UBAC2	ENSG00000134882	1295		0
UBALD1	ENSG00000153443	1374		0
UBALD2	ENSG00000185262	1446		0
UBAP1	ENSG00000165006	2705		0
UBAP1L	ENSG00000246922	1695		0
UBAP2	ENSG00000137073	4275		0
UBAP2L	ENSG00000143569	3877		0
UBASH3A	ENSG00000160185	2505		0
UBASH3B	ENSG00000154127	6865		0
UBB	ENSG00000170315	933		0
UBC	ENSG00000150991	2193		0
UBD	ENSG00000213886	894		0
UBE2A	ENSG00000077721	1776		0
UBE2B	ENSG00000119048	2125		0
UBE2C	ENSG00000175063	777		0
UBE2D1	ENSG00000072401	2623		0
UBE2D2	ENSG00000131508	2529		0
UBE2D3	ENSG00000109332	1854		0
UBE2D4	ENSG00000078967	3975		0
UBE2E1	ENSG00000170142	1459		0
UBE2E2	ENSG00000182247	1005		0
UBE2E3	ENSG00000170035	1185		0
UBE2F	ENSG00000184182	1950	ENSG00000258984	536
UBE2F-SCLY	ENSG00000258984	951	ENSG00000184182	537
UBE2G1	ENSG00000132388	3974		0
UBE2G2	ENSG00000184787	3367		0
UBE2H	ENSG00000186591	5151		0
UBE2I	ENSG00000103275	2712		0
UBE2J1	ENSG00000198833	4164		0
UBE2J2	ENSG00000160087	1703		0
UBE2K	ENSG00000078140	5153		0
UBE2L3	ENSG00000185651	2861		0
UBE2L6	ENSG00000156587	1219		0
UBE2M	ENSG00000130725	1159		0
UBE2N	ENSG00000177889	4872		0
UBE2O	ENSG00000175931	5377		0
UBE2Q1	ENSG00000160714	3210		0
UBE2Q2	ENSG00000140367	2968		0
UBE2Q2L	ENSG00000290688	253	ENSG00000259511	245
UBE2QL1	ENSG00000215218	4081		0
UBE2R2	ENSG00000107341	4071		0
UBE2S	ENSG00000108106	2548		0
UBE2T	ENSG00000077152	878		0
UBE2U	ENSG00000177414	922		0
UBE2V1	ENSG00000244687	2110	ENSG00000124208	2066
UBE2V2	ENSG00000169139	4342		0
UBE2W	ENSG00000104343	2202	ENSG00000258677	445
UBE2Z	ENSG00000159202	3084		0
UBE3A	ENSG00000114062	4880		0
UBE3B	ENSG00000151148	5385		0
UBE3C	ENSG00000009335	5214		0
UBE3D	ENSG00000118420	1918		0
UBE4A	ENSG00000110344	6041		0
UBE4B	ENSG00000130939	4646		0
UBFD1	ENSG00000103353	4745		0
UBIAD1	ENSG00000120942	3647		0
UBL3	ENSG00000122042	4317		0
UBL4A	ENSG00000102178	2327		0
UBL4B	ENSG00000186150	1479		0
UBL5	ENSG00000198258	406		0
UBL7	ENSG00000138629	1351		0
UBLCP1	ENSG00000164332	2179		0
UBN1	ENSG00000118900	6253		0
UBN2	ENSG00000157741	14445		0
UBOX5	ENSG00000185019	4300	ENSG00000215251	100
UBP1	ENSG00000153560	4148		0
UBQLN1	ENSG00000135018	3868		0
UBQLN2	ENSG00000188021	4231		0
UBQLN3	ENSG00000175520	2379		0
UBQLN4	ENSG00000160803	3577		0
UBQLNL	ENSG00000175518	2307		0
UBR1	ENSG00000159459	7698		0
UBR2	ENSG00000024048	7759		0
UBR3	ENSG00000144357	8005		0
UBR4	ENSG00000127481	15892	ENSG00000272084	392
UBR5	ENSG00000104517	10157		0
UBR7	ENSG00000012963	3494	ENSG00000259066	291
UBTD1	ENSG00000165886	1647		0
UBTD2	ENSG00000168246	2988		0
UBTF	ENSG00000108312	4564		0
UBTFL1	ENSG00000255009	1182		0
UBXN1	ENSG00000162191	1134		0
UBXN10	ENSG00000162543	5560		0
UBXN11	ENSG00000158062	1659		0
UBXN2A	ENSG00000173960	1130		0
UBXN2B	ENSG00000215114	4971		0
UBXN4	ENSG00000144224	3770		0
UBXN6	ENSG00000167671	1915		0
UBXN7	ENSG00000163960	10521		0
UCHL1	ENSG00000154277	883		0
UCHL3	ENSG00000118939	844	ENSG00000261553	581
UCHL5	ENSG00000116750	5184		0
UCK1	ENSG00000130717	2162		0
UCK2	ENSG00000143179	1292	ENSG00000283936	56
UCKL1	ENSG00000198276	1587		0
UCMA	ENSG00000165623	827		0
UCN	ENSG00000163794	795		0
UCN2	ENSG00000145040	1482		0
UCN3	ENSG00000178473	1201		0
UCP1	ENSG00000109424	1463		0
UCP2	ENSG00000175567	1644		0
UCP3	ENSG00000175564	2274		0
UEVLD	ENSG00000151116	4156		0
UFC1	ENSG00000143222	888		0
UFD1L	ENSG00000070010	1791		0
UFL1	ENSG00000014123	4225		0
UFM1	ENSG00000120686	3139		0
UFSP1	ENSG00000176125	994		0
UFSP2	ENSG00000109775	1610		0
UGCG	ENSG00000148154	3959	ENSG00000266315	1
UGDH	ENSG00000109814	3037		0
UGGT1	ENSG00000136731	10651		0
UGGT2	ENSG00000102595	4832		0
UGP2	ENSG00000169764	2150		0
UGT1A1	ENSG00000241635	2360	ENSG00000167165	1478
UGT1A10	ENSG00000242515	2404	ENSG00000167165	1479
UGT1A3	ENSG00000288702	2365	ENSG00000167165	1478
UGT1A4	ENSG00000244474	2389	ENSG00000167165	1478
UGT1A5	ENSG00000288705	2346	ENSG00000167165	1478
UGT1A6	ENSG00000167165	2455	ENSG00000241119	1479
UGT1A7	ENSG00000244122	2334	ENSG00000167165	1478
UGT1A8	ENSG00000242366	2398	ENSG00000167165	1479
UGT1A9	ENSG00000241119	2371	ENSG00000167165	1479
UGT2A1	ENSG00000173610	2461	ENSG00000271271	1824
UGT2A2	ENSG00000271271	1677	ENSG00000173610	801
UGT2A3	ENSG00000135220	2965		0
UGT2B10	ENSG00000109181	1930		0
UGT2B11	ENSG00000213759	1698		0
UGT2B15	ENSG00000196620	1733	ENSG00000197888	115
UGT2B17	ENSG00000197888	2078		0
UGT2B28	ENSG00000135226	1834		0
UGT2B4	ENSG00000156096	2100		0
UGT2B7	ENSG00000171234	1888		0
UGT3A1	ENSG00000145626	4915		0
UGT3A2	ENSG00000168671	2342		0
UGT8	ENSG00000174607	3732		0
UHMK1	ENSG00000152332	8479		0
UHRF1BP1	ENSG00000065060	9567	ENSG00000252106	97
UHRF1BP1L	ENSG00000111647	5169		0
UHRF2	ENSG00000147854	3453		0
UIMC1	ENSG00000087206	2444		0
ULBP1	ENSG00000111981	3143		0
ULBP2	ENSG00000131015	1335		0
ULBP3	ENSG00000131019	989		0
ULK1	ENSG00000177169	5294		0
ULK2	ENSG00000083290	3909		0
ULK3	ENSG00000140474	2580		0
ULK4	ENSG00000168038	4287		0
UMOD	ENSG00000169344	2315		0
UMODL1	ENSG00000177398	4878		0
UMPS	ENSG00000114491	6652		0
UNC119	ENSG00000109103	1379		0
UNC119B	ENSG00000175970	4381	ENSG00000284143	74
UNC13A	ENSG00000130477	9830		0
UNC13B	ENSG00000198722	6301		0
UNC13C	ENSG00000137766	8138		0
UNC13D	ENSG00000092929	4080		0
UNC45A	ENSG00000140553	3252		0
UNC45B	ENSG00000141161	5668	ENSG00000266981	115
UNC50	ENSG00000115446	1133		0
UNC5A	ENSG00000113763	3730		0
UNC5B	ENSG00000107731	6841		0
UNC5C	ENSG00000182168	9642		0
UNC5CL	ENSG00000124602	3137		0
UNC5D	ENSG00000156687	3234		0
UNC79	ENSG00000133958	8096	ENSG00000277826	85
UNC80	ENSG00000144406	13435		0
UNC93A	ENSG00000112494	2111		0
UNCX	ENSG00000164853	2049		0
UNG	ENSG00000076248	2048		0
UNK	ENSG00000132478	3890		0
UNKL	ENSG00000059145	3431		0
UPB1	ENSG00000100024	2018		0
UPF1	ENSG00000005007	5321		0
UPF2	ENSG00000151461	5113		0
UPF3A	ENSG00000169062	2370		0
UPF3B	ENSG00000125351	2343		0
UPK1A	ENSG00000105668	1265		0
UPK1B	ENSG00000114638	2028	ENSG00000251012	33
UPK2	ENSG00000110375	917		0
UPK3A	ENSG00000100373	1052		0
UPK3B	ENSG00000243566	1104		0
UPK3BL	ENSG00000267368	1342	ENSG00000267645	1156
UPP1	ENSG00000183696	1600		0
UPP2	ENSG00000007001	2218		0
UPRT	ENSG00000094841	2187		0
UQCC1	ENSG00000101019	2267		0
UQCC2	ENSG00000137288	1284		0
UQCC3	ENSG00000204922	1818		0
UQCR10	ENSG00000184076	916		0
UQCR11	ENSG00000127540	1297	ENSG00000267059	235
UQCRB	ENSG00000156467	5487		0
UQCRC1	ENSG00000010256	1595		0
UQCRC2	ENSG00000140740	1914		0
UQCRFS1	ENSG00000169021	3086		0
UQCRH	ENSG00000173660	537		0
UQCRHL	ENSG00000233954	276		0
UQCRQ	ENSG00000164405	757		0
URAD	ENSG00000183463	928		0
URB1	ENSG00000142207	10818		0
URB2	ENSG00000135763	5600		0
URGCP	ENSG00000106608	3536	ENSG00000270617	161
URGCP-MRPS24	ENSG00000270617	795	ENSG00000062582	606
URI1	ENSG00000105176	3445		0
URM1	ENSG00000167118	2595		0
UROC1	ENSG00000159650	3150		0
UROD	ENSG00000126088	1193		0
UROS	ENSG00000188690	1305		0
USB1	ENSG00000103005	2248		0
USE1	ENSG00000053501	844		0
USF1	ENSG00000158773	1687		0
USF2	ENSG00000105698	1635		0
USF3	ENSG00000176542	13704		0
USH1C	ENSG00000006611	2701		0
USH2A	ENSG00000042781	18884		0
USHBP1	ENSG00000130307	3285	ENSG00000269095	294
USMG5	ENSG00000173915	584	ENSG00000283867	142
USP1	ENSG00000162607	3248		0
USP10	ENSG00000103194	2987		0
USP11	ENSG00000102226	3195		0
USP12	ENSG00000152484	4412		0
USP13	ENSG00000058056	8038	ENSG00000288698	2462
USP14	ENSG00000101557	4922		0
USP15	ENSG00000135655	14884	ENSG00000284360	96
USP16	ENSG00000156256	2924		0
USP17L1	ENSG00000230549	1593		0
USP17L10	ENSG00000231396	1593		0
USP17L11	ENSG00000233136	1593		0
USP17L12	ENSG00000227551	1593		0
USP17L13	ENSG00000232399	1593		0
USP17L15	ENSG00000223569	1618		0
USP17L17	ENSG00000249104	1593		0
USP17L18	ENSG00000250844	1593		0
USP17L19	ENSG00000248920	1593		0
USP17L2	ENSG00000223443	1683		0
USP17L20	ENSG00000250745	1593		0
USP17L21	ENSG00000249811	1593		0
USP17L22	ENSG00000248933	1593		0
USP17L23	ENSG00000250913	551		0
USP17L24	ENSG00000232264	1593		0
USP17L25	ENSG00000230430	1593		0
USP17L26	ENSG00000229579	1593		0
USP17L27	ENSG00000235780	1593		0
USP17L28	ENSG00000231051	1593		0
USP17L29	ENSG00000231637	1593		0
USP17L3	ENSG00000225327	1593		0
USP17L30	ENSG00000228856	1593		0
USP17L4	ENSG00000236125	1593		0
USP17L5	ENSG00000227140	1593		0
USP17L7	ENSG00000226430	1683		0
USP17L8	ENSG00000237038	1593		0
USP18	ENSG00000184979	1858		0
USP19	ENSG00000172046	3933		0
USP2	ENSG00000036672	3697		0
USP20	ENSG00000136878	4293	ENSG00000276124	1
USP21	ENSG00000143258	2306		0
USP22	ENSG00000124422	5189		0
USP24	ENSG00000162402	10549		0
USP25	ENSG00000155313	3974		0
USP26	ENSG00000134588	3643		0
USP28	ENSG00000048028	4668		0
USP29	ENSG00000131864	3706		0
USP3	ENSG00000140455	2334		0
USP30	ENSG00000135093	3740		0
USP31	ENSG00000103404	10699	ENSG00000260566	2768
USP32	ENSG00000170832	5171		0
USP33	ENSG00000077254	4327		0
USP34	ENSG00000115464	11357		0
USP35	ENSG00000118369	4204		0
USP36	ENSG00000055483	5793		0
USP37	ENSG00000135913	8022		0
USP38	ENSG00000170185	7010		0
USP39	ENSG00000168883	2018		0
USP4	ENSG00000114316	3109		0
USP40	ENSG00000085982	5593		0
USP41	ENSG00000161133	920	ENSG00000290950	673
USP42	ENSG00000106346	5090		0
USP43	ENSG00000154914	4166		0
USP44	ENSG00000136014	4008		0
USP45	ENSG00000123552	5825		0
USP46	ENSG00000109189	7921		0
USP47	ENSG00000170242	7226		0
USP48	ENSG00000090686	4139		0
USP49	ENSG00000164663	8806	ENSG00000288721	5388
USP5	ENSG00000111667	3081		0
USP50	ENSG00000170236	1353		0
USP51	ENSG00000247746	4407		0
USP53	ENSG00000145390	5859		0
USP54	ENSG00000166348	6163		0
USP6	ENSG00000129204	8465		0
USP6NL	ENSG00000148429	4414		0
USP7	ENSG00000187555	5409		0
USP8	ENSG00000138592	4220		0
USP9X	ENSG00000124486	12354		0
USP9Y	ENSG00000114374	10036		0
USPL1	ENSG00000132952	3677		0
UST	ENSG00000111962	4199		0
UTF1	ENSG00000171794	1158		0
UTP11L	ENSG00000183520	2016		0
UTP14A	ENSG00000156697	2489		0
UTP14C	ENSG00000253710	5530	ENSG00000253797	5529
UTP15	ENSG00000164338	3685		0
UTP18	ENSG00000011260	1876		0
UTP20	ENSG00000120800	9026		0
UTP23	ENSG00000147679	3672		0
UTP3	ENSG00000132467	2020		0
UTP6	ENSG00000108651	4330		0
UTRN	ENSG00000152818	12340		0
UTS2	ENSG00000049247	296		0
UTS2B	ENSG00000188958	2385		0
UTS2R	ENSG00000181408	1344		0
UTY	ENSG00000183878	5883		0
UVRAG	ENSG00000198382	4080		0
UVSSA	ENSG00000163945	2928		0
UXS1	ENSG00000115652	1840		0
UXT	ENSG00000126756	575		0
VAC14	ENSG00000103043	3096		0
VAMP1	ENSG00000139190	1114		0
VAMP2	ENSG00000220205	2126	ENSG00000263620	430
VAMP3	ENSG00000049245	2178		0
VAMP4	ENSG00000117533	4977		0
VAMP5	ENSG00000168899	660		0
VAMP7	ENSG00000124333	2594		0
VAMP8	ENSG00000118640	679		0
VANGL1	ENSG00000173218	8671		0
VANGL2	ENSG00000162738	5333		0
VAPA	ENSG00000101558	6801		0
VAPB	ENSG00000124164	7829		0
VARS	ENSG00000204394	4111		0
VARS2	ENSG00000288473	4074	ENSG00000137411	3575
VASH1	ENSG00000071246	5729	ENSG00000258610	721
VASH2	ENSG00000143494	3573		0
VASN	ENSG00000168140	2806		0
VASP	ENSG00000125753	2242		0
VAT1	ENSG00000108828	2699		0
VAT1L	ENSG00000171724	3791		0
VAV1	ENSG00000141968	2621		0
VAV2	ENSG00000160293	4691		0
VAV3	ENSG00000134215	4989		0
VAX1	ENSG00000148704	1723		0
VAX2	ENSG00000116035	1148		0
VBP1	ENSG00000155959	1592		0
VCAM1	ENSG00000162692	3084		0
VCAN	ENSG00000038427	12345		0
VCL	ENSG00000035403	5480		0
VCP	ENSG00000165280	3746	ENSG00000288699	471
VCPIP1	ENSG00000175073	9942		0
VCPKMT	ENSG00000100483	1757		0
VCX	ENSG00000182583	781		0
VCX2	ENSG00000177504	815		0
VCX3A	ENSG00000169059	995		0
VCX3B	ENSG00000205642	1171		0
VCY	ENSG00000129864	510		0
VCY1B	ENSG00000129862	540		0
VDAC1	ENSG00000213585	1712		0
VDAC2	ENSG00000165637	1365		0
VDAC3	ENSG00000078668	1356		0
VDR	ENSG00000111424	4616		0
VEGFA	ENSG00000112715	1576		0
VEGFB	ENSG00000173511	981		0
VENTX	ENSG00000151650	2459		0
VEPH1	ENSG00000197415	4191		0
VEZF1	ENSG00000136451	2322		0
VEZT	ENSG00000028203	4501		0
VGF	ENSG00000128564	2551		0
VGLL1	ENSG00000102243	1144		0
VGLL2	ENSG00000170162	2213		0
VGLL3	ENSG00000206538	10396		0
VGLL4	ENSG00000144560	1369		0
VHL	ENSG00000134086	2967		0
VHLL	ENSG00000189030	676		0
VIL1	ENSG00000127831	6500		0
VILL	ENSG00000136059	2787		0
VIM	ENSG00000026025	2129		0
VIMP	ENSG00000131871	611		0
VIP	ENSG00000146469	1580		0
VIPAS39	ENSG00000151445	2490		0
VIPR1	ENSG00000114812	2753		0
VIPR2	ENSG00000106018	3854		0
VIT	ENSG00000205221	2793		0
VKORC1	ENSG00000167397	840	ENSG00000255439	510
VKORC1L1	ENSG00000196715	5895		0
VLDLR	ENSG00000147852	9164		0
VMA21	ENSG00000160131	4715		0
VMAC	ENSG00000187650	2240	ENSG00000267314	225
VMO1	ENSG00000182853	698		0
VMP1	ENSG00000062716	2523		0
VN1R1	ENSG00000178201	2351	ENSG00000268163	148
VN1R2	ENSG00000196131	1311		0
VN1R4	ENSG00000228567	1048		0
VNN1	ENSG00000112299	3107		0
VNN2	ENSG00000112303	2014		0
VNN3	ENSG00000293493	1687	ENSG00000093134	1504
VOPP1	ENSG00000154978	2939		0
VPREB1	ENSG00000169575	644		0
VPREB3	ENSG00000128218	567		0
VPS13A	ENSG00000197969	15227		0
VPS13B	ENSG00000132549	13944		0
VPS13C	ENSG00000129003	13274		0
VPS16	ENSG00000215305	2708		0
VPS18	ENSG00000104142	3875		0
VPS25	ENSG00000131475	1088		0
VPS26A	ENSG00000122958	2676		0
VPS26B	ENSG00000151502	3661		0
VPS28	ENSG00000160948	948		0
VPS29	ENSG00000111237	1518		0
VPS33A	ENSG00000139719	4559	ENSG00000256861	1609
VPS33B	ENSG00000184056	2501	ENSG00000284946	2091
VPS35	ENSG00000069329	6776		0
VPS36	ENSG00000136100	4413		0
VPS37A	ENSG00000155975	4519		0
VPS37B	ENSG00000139722	2706	ENSG00000280138	173
VPS37C	ENSG00000167987	2673		0
VPS37D	ENSG00000176428	1618		0
VPS39	ENSG00000166887	4832		0
VPS41	ENSG00000006715	5854		0
VPS45	ENSG00000136631	2326		0
VPS4A	ENSG00000132612	4101	ENSG00000260914	1191
VPS4B	ENSG00000119541	3324		0
VPS50	ENSG00000004766	3587		0
VPS51	ENSG00000149823	2659		0
VPS52	ENSG00000223501	2936		0
VPS53	ENSG00000141252	2128		0
VPS54	ENSG00000143952	3464		0
VPS8	ENSG00000156931	4970		0
VPS9D1	ENSG00000075399	2660		0
VRK1	ENSG00000100749	1663		0
VRK2	ENSG00000028116	1706		0
VRK3	ENSG00000105053	1923		0
VRTN	ENSG00000133980	3408		0
VSIG1	ENSG00000101842	2946		0
VSIG10	ENSG00000176834	4946		0
VSIG10L	ENSG00000186806	3398		0
VSIG2	ENSG00000019102	1146		0
VSIG4	ENSG00000155659	1807		0
VSIG8	ENSG00000243284	1818	ENSG00000256029	237
VSNL1	ENSG00000163032	715		0
VSTM1	ENSG00000189068	967		0
VSTM2A	ENSG00000170419	2927	ENSG00000224223	122
VSTM2B	ENSG00000187135	1489		0
VSTM2L	ENSG00000132821	1936		0
VSTM4	ENSG00000165633	6393		0
VSTM5	ENSG00000214376	2969		0
VSX1	ENSG00000100987	1941		0
VSX2	ENSG00000119614	2996		0
VTA1	ENSG00000009844	6991		0
VTI1A	ENSG00000151532	4132		0
VTI1B	ENSG00000100568	5142	ENSG00000258466	162
VTN	ENSG00000109072	1626	ENSG00000273171	329
VWA1	ENSG00000179403	4492		0
VWA2	ENSG00000165816	2795		0
VWA3A	ENSG00000175267	4599		0
VWA5A	ENSG00000110002	4300		0
VWA5B1	ENSG00000158816	3843		0
VWA5B2	ENSG00000145198	4121	ENSG00000221120	1
VWA7	ENSG00000204396	2881		0
VWA8	ENSG00000102763	3210		0
VWA9	ENSG00000138614	2280		0
VWC2	ENSG00000188730	11300		0
VWC2L	ENSG00000174453	4611		0
VWCE	ENSG00000167992	3533		0
VWDE	ENSG00000146530	5220		0
VWF	ENSG00000110799	8830		0
WAC	ENSG00000095787	3043		0
WAPL	ENSG00000062650	6310		0
WARS	ENSG00000140105	2639		0
WARS2	ENSG00000116874	2783		0
WAS	ENSG00000015285	1829		0
WASF1	ENSG00000112290	2643		0
WASF3	ENSG00000132970	4791		0
WASH1	ENSG00000181404	1690		0
WASL	ENSG00000106299	4363		0
WBP1	ENSG00000239779	1175	ENSG00000274049	944
WBP11	ENSG00000084463	4581		0
WBP1L	ENSG00000166272	3933		0
WBP2	ENSG00000132471	1859		0
WBP2NL	ENSG00000183066	2255		0
WBP4	ENSG00000120688	2388		0
WBP5	ENSG00000185222	1028		0
WBSCR16	ENSG00000274523	2300		0
WBSCR17	ENSG00000185274	3885		0
WBSCR22	ENSG00000071462	1201		0
WBSCR27	ENSG00000165171	922		0
WBSCR28	ENSG00000175877	851		0
WDFY1	ENSG00000085449	4607	ENSG00000286239	1371
WDFY2	ENSG00000139668	9322		0
WDFY3	ENSG00000163625	14248		0
WDFY4	ENSG00000128815	9952		0
WDHD1	ENSG00000198554	5997		0
WDPCP	ENSG00000143951	3071		0
WDR1	ENSG00000071127	2993		0
WDR11	ENSG00000120008	4545		0
WDR12	ENSG00000138442	7548		0
WDR13	ENSG00000101940	5455		0
WDR17	ENSG00000150627	4538		0
WDR18	ENSG00000065268	1521		0
WDR19	ENSG00000157796	4395		0
WDR20	ENSG00000140153	2384		0
WDR24	ENSG00000127580	3243		0
WDR25	ENSG00000176473	1891		0
WDR26	ENSG00000162923	6869		0
WDR27	ENSG00000184465	3178	ENSG00000285733	643
WDR3	ENSG00000065183	9975		0
WDR31	ENSG00000148225	4862		0
WDR33	ENSG00000136709	9466		0
WDR34	ENSG00000119333	1756		0
WDR35	ENSG00000118965	6898		0
WDR36	ENSG00000134987	3106		0
WDR37	ENSG00000047056	4478		0
WDR38	ENSG00000136918	1250		0
WDR4	ENSG00000160193	1284		0
WDR41	ENSG00000164253	3678		0
WDR43	ENSG00000163811	3506		0
WDR44	ENSG00000131725	4112		0
WDR45	ENSG00000196998	1264	ENSG00000288053	538
WDR45B	ENSG00000141580	2496		0
WDR46	ENSG00000227057	2070		0
WDR47	ENSG00000085433	4226		0
WDR48	ENSG00000114742	3689		0
WDR49	ENSG00000174776	2593		0
WDR5	ENSG00000196363	3152		0
WDR53	ENSG00000185798	1594		0
WDR54	ENSG00000005448	1147		0
WDR55	ENSG00000120314	3852		0
WDR59	ENSG00000103091	5874		0
WDR5B	ENSG00000196981	3721		0
WDR6	ENSG00000178252	4070	ENSG00000178467	93
WDR60	ENSG00000126870	3770		0
WDR61	ENSG00000140395	1198		0
WDR62	ENSG00000075702	4634		0
WDR63	ENSG00000162643	2989		0
WDR64	ENSG00000162843	4368		0
WDR66	ENSG00000158023	3729	ENSG00000110801	437
WDR7	ENSG00000091157	7270	ENSG00000267225	527
WDR70	ENSG00000082068	2877		0
WDR72	ENSG00000166415	7279		0
WDR73	ENSG00000177082	5331	ENSG00000277578	277
WDR74	ENSG00000133316	1219		0
WDR75	ENSG00000115368	2647		0
WDR76	ENSG00000092470	3932		0
WDR77	ENSG00000116455	2456	ENSG00000243960	227
WDR78	ENSG00000152763	3817		0
WDR81	ENSG00000167716	6727		0
WDR82	ENSG00000164091	4280		0
WDR83	ENSG00000123154	1450		0
WDR83OS	ENSG00000285589	2562	ENSG00000105583	619
WDR86	ENSG00000187260	2020		0
WDR87	ENSG00000171804	8766		0
WDR88	ENSG00000166359	1698		0
WDR89	ENSG00000140006	2993		0
WDR90	ENSG00000161996	5489		0
WDR91	ENSG00000105875	4580		0
WDR92	ENSG00000243667	2591	ENSG00000273398	1191
WDR93	ENSG00000140527	2395		0
WDR97	ENSG00000179698	6903		0
WDSUB1	ENSG00000196151	1811		0
WDTC1	ENSG00000142784	4277		0
WDYHV1	ENSG00000156795	1300		0
WEE1	ENSG00000166483	2800		0
WEE2	ENSG00000214102	3061		0
WFDC1	ENSG00000103175	1295		0
WFDC10A	ENSG00000180305	493		0
WFDC10B	ENSG00000182931	476		0
WFDC11	ENSG00000180083	553		0
WFDC12	ENSG00000168703	775		0
WFDC13	ENSG00000168634	1350		0
WFDC2	ENSG00000101443	567		0
WFDC3	ENSG00000124116	970		0
WFDC5	ENSG00000175121	1007		0
WFDC6	ENSG00000243543	607	ENSG00000249139	441
WFDC8	ENSG00000158901	767		0
WFDC9	ENSG00000180205	659		0
WFIKKN1	ENSG00000127578	1975		0
WFIKKN2	ENSG00000173714	3412		0
WFS1	ENSG00000109501	3255		0
WHAMM	ENSG00000156232	5101		0
WHSC1	ENSG00000109685	4252		0
WHSC1L1	ENSG00000147548	10768		0
WIF1	ENSG00000156076	1977		0
WIPF1	ENSG00000115935	1894		0
WIPF2	ENSG00000171475	7475		0
WIPF3	ENSG00000122574	4180		0
WIPI1	ENSG00000070540	1833		0
WIPI2	ENSG00000157954	2075		0
WISP1	ENSG00000104415	3844		0
WISP2	ENSG00000064205	1279		0
WISP3	ENSG00000112761	1385		0
WIZ	ENSG00000011451	5696		0
WLS	ENSG00000116729	2716		0
WNK1	ENSG00000060237	10453		0
WNK2	ENSG00000165238	6629		0
WNK3	ENSG00000196632	11342		0
WNK4	ENSG00000126562	4002		0
WNT1	ENSG00000125084	1186		0
WNT10A	ENSG00000135925	2055		0
WNT10B	ENSG00000169884	2246		0
WNT11	ENSG00000085741	1900		0
WNT16	ENSG00000002745	3148		0
WNT2	ENSG00000105989	2677		0
WNT2B	ENSG00000134245	3631		0
WNT3	ENSG00000108379	3287		0
WNT3A	ENSG00000154342	2933		0
WNT4	ENSG00000162552	3837		0
WNT5A	ENSG00000114251	5841		0
WNT5B	ENSG00000111186	1252		0
WNT6	ENSG00000115596	1704		0
WNT7A	ENSG00000154764	3991		0
WNT7B	ENSG00000188064	3915		0
WNT8A	ENSG00000061492	1500		0
WNT8B	ENSG00000075290	2113		0
WNT9A	ENSG00000143816	3971		0
WNT9B	ENSG00000158955	1377		0
WRAP53	ENSG00000141499	1664		0
WRAP73	ENSG00000116213	1662		0
WRB	ENSG00000182093	1534	ENSG00000285815	389
WRN	ENSG00000165392	5206		0
WRNIP1	ENSG00000124535	2671		0
WSB1	ENSG00000109046	5105		0
WSB2	ENSG00000176871	2636		0
WSCD1	ENSG00000179314	5782	ENSG00000285471	422
WSCD2	ENSG00000075035	4482		0
WT1	ENSG00000184937	3031		0
WTAP	ENSG00000146457	1907		0
WTIP	ENSG00000142279	13545		0
WWC1	ENSG00000113645	7131		0
WWC2	ENSG00000151718	8827		0
WWC3	ENSG00000047644	3769		0
WWOX	ENSG00000186153	2241		0
WWP1	ENSG00000123124	4687		0
WWP2	ENSG00000198373	4487		0
WWTR1	ENSG00000018408	4776		0
XAB2	ENSG00000076924	2647		0
XAF1	ENSG00000132530	3417		0
XAGE2	ENSG00000155622	619		0
XAGE3	ENSG00000171402	434		0
XAGE5	ENSG00000171405	420		0
XBP1	ENSG00000100219	1791		0
XCL1	ENSG00000143184	1227		0
XCL2	ENSG00000143185	562		0
XCR1	ENSG00000173578	5023		0
XDH	ENSG00000158125	5688		0
XG	ENSG00000124343	2316		0
XIAP	ENSG00000101966	8317		0
XIRP1	ENSG00000168334	6460		0
XIRP2	ENSG00000163092	12676		0
XK	ENSG00000047597	5174		0
XKR3	ENSG00000172967	1529		0
XKR4	ENSG00000206579	19881		0
XKR6	ENSG00000171044	3383		0
XKR7	ENSG00000260903	7695		0
XKR8	ENSG00000158156	2178		0
XKR9	ENSG00000221947	3175	ENSG00000285579	327
XKRX	ENSG00000182489	2848		0
XPA	ENSG00000136936	1400		0
XPC	ENSG00000154767	3650		0
XPNPEP1	ENSG00000108039	2497		0
XPNPEP2	ENSG00000122121	3269		0
XPNPEP3	ENSG00000196236	7938		0
XPO1	ENSG00000082898	4915		0
XPO4	ENSG00000132953	9857		0
XPO5	ENSG00000124571	5323		0
XPO6	ENSG00000169180	4423		0
XPO7	ENSG00000130227	4862		0
XPOT	ENSG00000184575	6370		0
XPR1	ENSG00000143324	8456		0
XRCC1	ENSG00000073050	2052	ENSG00000268361	224
XRCC2	ENSG00000196584	3044		0
XRCC3	ENSG00000126215	2494		0
XRCC4	ENSG00000152422	1553		0
XRCC5	ENSG00000079246	3379		0
XRCC6	ENSG00000196419	2120		0
XRCC6BP1	ENSG00000166896	1246		0
XRN1	ENSG00000114127	10076		0
XRN2	ENSG00000088930	3408		0
XRRA1	ENSG00000166435	4906		0
XXYLT1	ENSG00000173950	2714		0
XXbac-B562F10.12	ENSG00000277971	644	ENSG00000244486	452
XXbac-BPG116M5.17	ENSG00000244255	3874	ENSG00000243649	2249
XXbac-BPG181M17.5	ENSG00000248993	612	ENSG00000242574	439
XXbac-BPG246D15.9	ENSG00000250264	2705	ENSG00000204267	2023
XXbac-BPG32J3.19	ENSG00000250641	1266	ENSG00000204424	806
XXbac-BPG32J3.20	ENSG00000204422	2332	ENSG00000204427	1796
XXbac-BPG32J3.22	ENSG00000263020	2487	ENSG00000240053	1812
XXcos-LUCA11.5	ENSG00000272104	408	ENSG00000114395	246
XYLB	ENSG00000093217	3658		0
XYLT1	ENSG00000103489	9891		0
XYLT2	ENSG00000015532	3473		0
YAE1D1	ENSG00000241127	871		0
YAF2	ENSG00000015153	2077		0
YAP1	ENSG00000137693	5387		0
YARS	ENSG00000134684	2443		0
YARS2	ENSG00000139131	2117		0
YBEY	ENSG00000182362	739		0
YBX1	ENSG00000065978	1515		0
YBX2	ENSG00000006047	1579		0
YBX3	ENSG00000060138	1797		0
YDJC	ENSG00000161179	1309		0
YEATS2	ENSG00000163872	6506		0
YEATS4	ENSG00000127337	1394		0
YES1	ENSG00000176105	4476		0
YIF1A	ENSG00000174851	1097		0
YIF1B	ENSG00000167645	1210		0
YIPF1	ENSG00000058799	1821		0
YIPF2	ENSG00000130733	2038		0
YIPF3	ENSG00000137207	1507		0
YIPF4	ENSG00000119820	11950		0
YIPF5	ENSG00000145817	3144		0
YIPF6	ENSG00000181704	6010		0
YIPF7	ENSG00000177752	1170		0
YJEFN3	ENSG00000250067	828	ENSG00000258674	376
YKT6	ENSG00000106636	2697		0
YLPM1	ENSG00000119596	7109		0
YME1L1	ENSG00000136758	3849		0
YOD1	ENSG00000180667	6265		0
YPEL1	ENSG00000100027	4290		0
YPEL2	ENSG00000175155	5218		0
YPEL3	ENSG00000090238	906		0
YPEL4	ENSG00000166793	1690		0
YPEL5	ENSG00000119801	2136		0
YRDC	ENSG00000196449	1825		0
YTHDC1	ENSG00000083896	3245		0
YTHDC2	ENSG00000047188	6305		0
YTHDF1	ENSG00000149658	3198		0
YTHDF2	ENSG00000198492	2637		0
YWHAB	ENSG00000166913	3020		0
YWHAE	ENSG00000108953	2052		0
YWHAG	ENSG00000170027	3705		0
YWHAH	ENSG00000128245	1751	ENSG00000285404	105
YWHAQ	ENSG00000134308	2135		0
YWHAZ	ENSG00000164924	5010		0
YY1	ENSG00000100811	6534	ENSG00000283840	1
YY1AP1	ENSG00000163374	2607	ENSG00000246203	577
YY2	ENSG00000230797	2741		0
ZACN	ENSG00000186919	1335		0
ZADH2	ENSG00000180011	7518		0
ZAP70	ENSG00000115085	2421		0
ZAR1	ENSG00000182223	1460		0
ZAR1L	ENSG00000189167	1565		0
ZBBX	ENSG00000169064	3247		0
ZBED1	ENSG00000214717	4489	ENSG00000169084	151
ZBED2	ENSG00000177494	2214		0
ZBED3	ENSG00000132846	6134		0
ZBED4	ENSG00000100426	6891		0
ZBED5	ENSG00000236287	2687		0
ZBED6	ENSG00000257315	4251		0
ZBED6CL	ENSG00000293476	2934	ENSG00000188707	1245
ZBED8	ENSG00000221886	2808		0
ZBED9	ENSG00000232040	4841		0
ZBP1	ENSG00000124256	2142		0
ZBTB1	ENSG00000126804	2583		0
ZBTB10	ENSG00000205189	9916		0
ZBTB11	ENSG00000066422	5657		0
ZBTB12	ENSG00000204366	1869		0
ZBTB14	ENSG00000198081	3297		0
ZBTB16	ENSG00000109906	2405		0
ZBTB17	ENSG00000116809	2720		0
ZBTB18	ENSG00000179456	3851		0
ZBTB2	ENSG00000181472	3091		0
ZBTB20	ENSG00000181722	3563		0
ZBTB21	ENSG00000173276	7449		0
ZBTB22	ENSG00000236104	2568		0
ZBTB24	ENSG00000112365	5501		0
ZBTB25	ENSG00000089775	10365		0
ZBTB26	ENSG00000171448	4443		0
ZBTB3	ENSG00000185670	2950		0
ZBTB32	ENSG00000011590	2037		0
ZBTB33	ENSG00000177485	5151		0
ZBTB34	ENSG00000177125	6486		0
ZBTB37	ENSG00000185278	2272		0
ZBTB38	ENSG00000177311	7509		0
ZBTB39	ENSG00000166860	6168		0
ZBTB4	ENSG00000174282	5854		0
ZBTB40	ENSG00000184677	8701		0
ZBTB41	ENSG00000177888	8476		0
ZBTB42	ENSG00000179627	1307		0
ZBTB43	ENSG00000169155	5817		0
ZBTB44	ENSG00000196323	6952		0
ZBTB45	ENSG00000119574	2060		0
ZBTB46	ENSG00000130584	5181		0
ZBTB47	ENSG00000114853	3768		0
ZBTB48	ENSG00000204859	2294		0
ZBTB49	ENSG00000168826	2886		0
ZBTB5	ENSG00000168795	4628		0
ZBTB6	ENSG00000186130	4099		0
ZBTB7A	ENSG00000178951	5377		0
ZBTB7B	ENSG00000160685	3605		0
ZBTB7C	ENSG00000184828	4464		0
ZBTB8A	ENSG00000160062	7075	ENSG00000254553	1782
ZBTB8B	ENSG00000273274	12831	ENSG00000254553	1481
ZBTB8OS	ENSG00000176261	1567		0
ZBTB9	ENSG00000213588	2713		0
ZC2HC1A	ENSG00000104427	3310		0
ZC2HC1B	ENSG00000118491	951	ENSG00000280148	870
ZC2HC1C	ENSG00000119703	3922		0
ZC3H10	ENSG00000135482	7121		0
ZC3H11A	ENSG00000257315	3455	ENSG00000058673	3144
ZC3H12A	ENSG00000163874	2654	ENSG00000283724	1
ZC3H12B	ENSG00000102053	7257		0
ZC3H12C	ENSG00000149289	2828		0
ZC3H12D	ENSG00000178199	5744		0
ZC3H13	ENSG00000123200	4734		0
ZC3H14	ENSG00000100722	18153		0
ZC3H15	ENSG00000065548	2032		0
ZC3H18	ENSG00000158545	3705		0
ZC3H3	ENSG00000014164	3270		0
ZC3H4	ENSG00000130749	6119		0
ZC3H6	ENSG00000188177	11539		0
ZC3H7A	ENSG00000122299	3670		0
ZC3H7B	ENSG00000100403	5906		0
ZC3H8	ENSG00000144161	5892		0
ZC3HAV1	ENSG00000105939	7101		0
ZC3HAV1L	ENSG00000146858	1753		0
ZC3HC1	ENSG00000091732	1889		0
ZC4H2	ENSG00000126970	2151		0
ZCCHC10	ENSG00000155329	2123		0
ZCCHC11	ENSG00000134744	5743		0
ZCCHC12	ENSG00000174460	2197		0
ZCCHC13	ENSG00000187969	843		0
ZCCHC14	ENSG00000140948	7100		0
ZCCHC16	ENSG00000187823	2613		0
ZCCHC17	ENSG00000121766	1568		0
ZCCHC18	ENSG00000166707	2702		0
ZCCHC2	ENSG00000141664	5937		0
ZCCHC24	ENSG00000165424	4930		0
ZCCHC4	ENSG00000168228	2786		0
ZCCHC5	ENSG00000179300	2649		0
ZCCHC6	ENSG00000083223	5378		0
ZCCHC7	ENSG00000147905	2584		0
ZCCHC8	ENSG00000033030	2813		0
ZCCHC9	ENSG00000131732	1565		0
ZCRB1	ENSG00000139168	1808		0
ZCWPW1	ENSG00000078487	2337		0
ZCWPW2	ENSG00000206559	1717	ENSG00000283563	703
ZDBF2	ENSG00000204186	10285		0
ZDHHC1	ENSG00000159714	1924		0
ZDHHC11	ENSG00000188818	2605		0
ZDHHC11B	ENSG00000206077	1599		0
ZDHHC12	ENSG00000160446	1125		0
ZDHHC13	ENSG00000177054	2406		0
ZDHHC14	ENSG00000175048	7323		0
ZDHHC15	ENSG00000102383	5578		0
ZDHHC16	ENSG00000171307	1970		0
ZDHHC17	ENSG00000186908	4732		0
ZDHHC18	ENSG00000204160	5021		0
ZDHHC19	ENSG00000163958	1303		0
ZDHHC2	ENSG00000104219	5924		0
ZDHHC20	ENSG00000180776	5273		0
ZDHHC21	ENSG00000175893	9121		0
ZDHHC22	ENSG00000177108	3408		0
ZDHHC23	ENSG00000184307	3668		0
ZDHHC24	ENSG00000174165	4532		0
ZDHHC3	ENSG00000163812	2685		0
ZDHHC4	ENSG00000136247	1263		0
ZDHHC5	ENSG00000156599	4443		0
ZDHHC6	ENSG00000023041	2170		0
ZDHHC7	ENSG00000153786	3443		0
ZDHHC8	ENSG00000099904	5047		0
ZDHHC9	ENSG00000188706	4569		0
ZEB1	ENSG00000148516	5333		0
ZEB2	ENSG00000169554	9265		0
ZER1	ENSG00000160445	4259		0
ZFAND1	ENSG00000104231	1799		0
ZFAND2A	ENSG00000178381	860		0
ZFAND2B	ENSG00000158552	1198		0
ZFAND3	ENSG00000156639	3138		0
ZFAND4	ENSG00000172671	3242		0
ZFAND5	ENSG00000107372	5180		0
ZFAND6	ENSG00000086666	1542		0
ZFAT	ENSG00000066827	4591		0
ZFC3H1	ENSG00000133858	7037		0
ZFHX2	ENSG00000136367	9180		0
ZFHX3	ENSG00000140836	15817		0
ZFHX4	ENSG00000091656	13987		0
ZFP1	ENSG00000184517	1425		0
ZFP14	ENSG00000142065	7489		0
ZFP2	ENSG00000198939	2410		0
ZFP28	ENSG00000196867	4094		0
ZFP3	ENSG00000180787	4987		0
ZFP30	ENSG00000120784	5778		0
ZFP36	ENSG00000128016	1747		0
ZFP36L1	ENSG00000185650	3017		0
ZFP36L2	ENSG00000152518	3693		0
ZFP37	ENSG00000136866	1925		0
ZFP41	ENSG00000264668	2291	ENSG00000181638	1855
ZFP42	ENSG00000179059	2480		0
ZFP57	ENSG00000204644	1779		0
ZFP62	ENSG00000196670	3938		0
ZFP64	ENSG00000020256	824		0
ZFP69	ENSG00000187815	2796		0
ZFP69B	ENSG00000187801	2038		0
ZFP82	ENSG00000181007	2612		0
ZFP90	ENSG00000184939	4558		0
ZFP91	ENSG00000186660	5221	ENSG00000255073	1685
ZFP91-CNTF	ENSG00000255073	2319	ENSG00000186660	1686
ZFP92	ENSG00000189420	6106		0
ZFPL1	ENSG00000162300	1370		0
ZFPM1	ENSG00000179588	5381		0
ZFPM2	ENSG00000169946	4701		0
ZFR	ENSG00000056097	4717		0
ZFR2	ENSG00000105278	4756		0
ZFX	ENSG00000005889	7431		0
ZFY	ENSG00000067646	5013		0
ZFYVE1	ENSG00000165861	4380		0
ZFYVE16	ENSG00000039319	6722		0
ZFYVE19	ENSG00000166140	2775		0
ZFYVE21	ENSG00000100711	1381		0
ZFYVE26	ENSG00000072121	9673		0
ZFYVE27	ENSG00000155256	2994		0
ZFYVE28	ENSG00000159733	4114		0
ZFYVE9	ENSG00000157077	5144		0
ZG16	ENSG00000174992	3116		0
ZG16B	ENSG00000162078	689		0
ZGLP1	ENSG00000220201	1440	ENSG00000167807	866
ZGPAT	ENSG00000197114	1786	ENSG00000273154	287
ZGRF1	ENSG00000138658	6523		0
ZHX1	ENSG00000165156	4899	ENSG00000259305	114
ZHX1-C8orf76	ENSG00000259305	1257	ENSG00000189376	831
ZHX2	ENSG00000178764	4361		0
ZHX3	ENSG00000174306	9851		0
ZIC1	ENSG00000152977	5242		0
ZIC2	ENSG00000043355	2963		0
ZIC3	ENSG00000156925	3470		0
ZIC4	ENSG00000174963	4014		0
ZIC5	ENSG00000139800	4497		0
ZIK1	ENSG00000171649	4178		0
ZIM2	ENSG00000269699	2084	ENSG00000198300	757
ZIM3	ENSG00000141946	2627		0
ZKSCAN1	ENSG00000106261	9403		0
ZKSCAN2	ENSG00000155592	7437		0
ZKSCAN3	ENSG00000189298	4687		0
ZKSCAN4	ENSG00000187626	2376		0
ZKSCAN5	ENSG00000196652	4167		0
ZKSCAN7	ENSG00000196345	2791		0
ZKSCAN8	ENSG00000198315	1978		0
ZMAT1	ENSG00000166432	3016		0
ZMAT2	ENSG00000146007	1534		0
ZMAT3	ENSG00000172667	8936		0
ZMAT4	ENSG00000165061	2467		0
ZMAT5	ENSG00000100319	899		0
ZMIZ1	ENSG00000108175	7547		0
ZMIZ2	ENSG00000122515	5145		0
ZMPSTE24	ENSG00000084073	2975		0
ZMYM1	ENSG00000197056	4100		0
ZMYM3	ENSG00000147130	5536		0
ZMYM4	ENSG00000146463	6995		0
ZMYM5	ENSG00000132950	3269		0
ZMYM6	ENSG00000163867	4308	ENSG00000271741	2220
ZMYM6NB	ENSG00000243749	917	ENSG00000271741	767
ZMYND10	ENSG00000004838	1774		0
ZMYND11	ENSG00000015171	3984		0
ZMYND12	ENSG00000066185	1530		0
ZMYND15	ENSG00000141497	2410		0
ZMYND19	ENSG00000165724	1373		0
ZMYND8	ENSG00000101040	4054		0
ZNF10	ENSG00000256223	4406	ENSG00000256825	502
ZNF100	ENSG00000197020	1841		0
ZNF101	ENSG00000181896	4628		0
ZNF106	ENSG00000103994	10086		0
ZNF107	ENSG00000196247	5630		0
ZNF112	ENSG00000062370	3654	ENSG00000267173	462
ZNF114	ENSG00000178150	2479		0
ZNF117	ENSG00000152926	9081	ENSG00000213462	681
ZNF12	ENSG00000164631	5051		0
ZNF121	ENSG00000197961	6957		0
ZNF124	ENSG00000196418	1293		0
ZNF131	ENSG00000172262	2372		0
ZNF132	ENSG00000131849	2962		0
ZNF133	ENSG00000125846	2474		0
ZNF134	ENSG00000213762	4915		0
ZNF135	ENSG00000176293	2205		0
ZNF136	ENSG00000196646	3601		0
ZNF138	ENSG00000197008	1063		0
ZNF14	ENSG00000105708	2948		0
ZNF140	ENSG00000196387	2349		0
ZNF141	ENSG00000131127	2971		0
ZNF142	ENSG00000115568	5910		0
ZNF143	ENSG00000166478	2900		0
ZNF146	ENSG00000167635	3273		0
ZNF148	ENSG00000163848	9514		0
ZNF154	ENSG00000179909	5689		0
ZNF155	ENSG00000204920	2611		0
ZNF157	ENSG00000147117	2319		0
ZNF16	ENSG00000170631	2522		0
ZNF160	ENSG00000170949	4222		0
ZNF165	ENSG00000197279	1551		0
ZNF169	ENSG00000175787	1987		0
ZNF17	ENSG00000186272	2525	ENSG00000269533	487
ZNF174	ENSG00000103343	1588	ENSG00000285329	223
ZNF175	ENSG00000105497	6536		0
ZNF177	ENSG00000188629	1694	ENSG00000270011	1627
ZNF18	ENSG00000154957	2295	ENSG00000266368	157
ZNF180	ENSG00000167384	4243		0
ZNF181	ENSG00000197841	5087		0
ZNF182	ENSG00000147118	3164		0
ZNF184	ENSG00000096654	3085		0
ZNF185	ENSG00000147394	4307		0
ZNF189	ENSG00000136870	3016		0
ZNF19	ENSG00000157429	3206	ENSG00000261611	504
ZNF195	ENSG00000005801	2970		0
ZNF197	ENSG00000186448	3276		0
ZNF20	ENSG00000132010	3004	ENSG00000213297	2212
ZNF200	ENSG00000010539	3008		0
ZNF202	ENSG00000166261	4097		0
ZNF205	ENSG00000122386	1968		0
ZNF207	ENSG00000010244	2258	ENSG00000265794	419
ZNF208	ENSG00000160321	3993		0
ZNF211	ENSG00000121417	2422		0
ZNF212	ENSG00000170260	2807		0
ZNF213	ENSG00000085644	3103		0
ZNF214	ENSG00000149050	2660		0
ZNF215	ENSG00000149054	3445		0
ZNF217	ENSG00000171940	5790		0
ZNF219	ENSG00000165804	3040		0
ZNF22	ENSG00000165512	2103		0
ZNF221	ENSG00000159905	2029		0
ZNF222	ENSG00000159885	1521	ENSG00000267022	244
ZNF223	ENSG00000178386	2391	ENSG00000267022	1513
ZNF224	ENSG00000267680	3921		0
ZNF225	ENSG00000256294	4441		0
ZNF226	ENSG00000167380	2561		0
ZNF227	ENSG00000131115	3048		0
ZNF23	ENSG00000261611	2638	ENSG00000167377	2591
ZNF230	ENSG00000159882	4104		0
ZNF232	ENSG00000167840	1479		0
ZNF233	ENSG00000159915	2721		0
ZNF234	ENSG00000263002	2293		0
ZNF235	ENSG00000159917	3189		0
ZNF236	ENSG00000130856	7877		0
ZNF239	ENSG00000196793	1951		0
ZNF24	ENSG00000172466	6256		0
ZNF248	ENSG00000198105	5142		0
ZNF25	ENSG00000175395	4138		0
ZNF250	ENSG00000196150	6337		0
ZNF251	ENSG00000198169	2734		0
ZNF253	ENSG00000256771	3520		0
ZNF254	ENSG00000213096	3968		0
ZNF256	ENSG00000152454	2172		0
ZNF257	ENSG00000197134	3875		0
ZNF26	ENSG00000198393	17601		0
ZNF260	ENSG00000254004	5278		0
ZNF263	ENSG00000006194	3282	ENSG00000290183	1637
ZNF264	ENSG00000083844	12163		0
ZNF266	ENSG00000174652	2988		0
ZNF267	ENSG00000185947	3268		0
ZNF268	ENSG00000090612	13389	ENSG00000256825	735
ZNF273	ENSG00000198039	1974		0
ZNF275	ENSG00000063587	4677		0
ZNF276	ENSG00000158805	4297		0
ZNF277	ENSG00000198839	1742		0
ZNF28	ENSG00000198538	4557		0
ZNF280C	ENSG00000056277	4635		0
ZNF280D	ENSG00000137871	4249	ENSG00000285253	2192
ZNF281	ENSG00000162702	4860		0
ZNF283	ENSG00000167637	5684		0
ZNF284	ENSG00000186026	4336	ENSG00000267022	1908
ZNF285	ENSG00000267508	6012	ENSG00000267188	86
ZNF286A	ENSG00000187607	5279	ENSG00000255104	1908
ZNF286B	ENSG00000290687	5145	ENSG00000249459	1612
ZNF287	ENSG00000141040	3172		0
ZNF292	ENSG00000188994	10594		0
ZNF296	ENSG00000170684	1634	ENSG00000267348	79
ZNF3	ENSG00000166526	2676		0
ZNF30	ENSG00000168661	2576		0
ZNF300	ENSG00000145908	3258		0
ZNF302	ENSG00000089335	2583		0
ZNF304	ENSG00000131845	4315		0
ZNF311	ENSG00000197935	2727		0
ZNF316	ENSG00000205903	5393		0
ZNF317	ENSG00000130803	4056		0
ZNF318	ENSG00000171467	8006		0
ZNF319	ENSG00000166188	4213		0
ZNF32	ENSG00000169740	1134		0
ZNF320	ENSG00000182986	6019		0
ZNF322	ENSG00000181315	4811		0
ZNF324	ENSG00000083812	5054		0
ZNF324B	ENSG00000249471	2978		0
ZNF326	ENSG00000162664	2730		0
ZNF329	ENSG00000181894	3496		0
ZNF330	ENSG00000109445	1891		0
ZNF331	ENSG00000130844	3913		0
ZNF333	ENSG00000160961	4664		0
ZNF334	ENSG00000198185	3892		0
ZNF335	ENSG00000198026	4423		0
ZNF337	ENSG00000130684	3123		0
ZNF33A	ENSG00000189180	6080		0
ZNF33B	ENSG00000196693	5956		0
ZNF34	ENSG00000196378	1903		0
ZNF341	ENSG00000131061	3322		0
ZNF343	ENSG00000088876	3415	ENSG00000256566	567
ZNF345	ENSG00000251247	2863	ENSG00000291239	75
ZNF346	ENSG00000113761	2314		0
ZNF347	ENSG00000197937	7961		0
ZNF35	ENSG00000169981	2656		0
ZNF350	ENSG00000256683	2339		0
ZNF354A	ENSG00000169131	2442	ENSG00000285978	307
ZNF354B	ENSG00000178338	2794	ENSG00000206624	165
ZNF354C	ENSG00000177932	5412		0
ZNF358	ENSG00000198816	1954	ENSG00000267952	322
ZNF362	ENSG00000160094	3107		0
ZNF365	ENSG00000138311	3988	ENSG00000285837	1204
ZNF366	ENSG00000178175	3514		0
ZNF367	ENSG00000165244	3646		0
ZNF37A	ENSG00000075407	6842	ENSG00000283930	852
ZNF382	ENSG00000161298	8330		0
ZNF383	ENSG00000188283	1498		0
ZNF384	ENSG00000126746	2875		0
ZNF385A	ENSG00000161642	2268		0
ZNF385B	ENSG00000144331	3288		0
ZNF385D	ENSG00000151789	10475		0
ZNF391	ENSG00000124613	4038		0
ZNF394	ENSG00000160908	2163		0
ZNF395	ENSG00000186918	4797		0
ZNF396	ENSG00000186496	1885		0
ZNF397	ENSG00000186812	5252		0
ZNF398	ENSG00000197024	2861		0
ZNF404	ENSG00000176222	1849		0
ZNF407	ENSG00000215421	7949		0
ZNF408	ENSG00000175213	2229		0
ZNF41	ENSG00000147124	4171		0
ZNF410	ENSG00000119725	2602	ENSG00000258653	2323
ZNF414	ENSG00000133250	2300		0
ZNF415	ENSG00000170954	2270		0
ZNF416	ENSG00000083817	2545		0
ZNF417	ENSG00000173480	3598	ENSG00000269476	325
ZNF418	ENSG00000196724	3483		0
ZNF419	ENSG00000105136	3642	ENSG00000268107	371
ZNF420	ENSG00000197050	3536		0
ZNF423	ENSG00000102935	7590		0
ZNF425	ENSG00000204947	3198		0
ZNF426	ENSG00000130818	7086		0
ZNF428	ENSG00000131116	1162		0
ZNF429	ENSG00000197013	2195		0
ZNF430	ENSG00000118620	3886		0
ZNF431	ENSG00000196705	13894	ENSG00000268995	356
ZNF432	ENSG00000256087	4493		0
ZNF433	ENSG00000197647	2241	ENSG00000257355	185
ZNF436	ENSG00000125945	4071		0
ZNF438	ENSG00000183621	3064		0
ZNF439	ENSG00000171291	2369		0
ZNF44	ENSG00000197857	2116		0
ZNF440	ENSG00000171295	4190		0
ZNF441	ENSG00000197044	4357		0
ZNF443	ENSG00000180855	2573	ENSG00000268870	171
ZNF444	ENSG00000167685	1942		0
ZNF445	ENSG00000185219	18300	ENSG00000293456	220
ZNF446	ENSG00000083838	2050		0
ZNF449	ENSG00000173275	3773		0
ZNF45	ENSG00000124459	3899		0
ZNF451	ENSG00000112200	4840		0
ZNF454	ENSG00000178187	2325		0
ZNF460	ENSG00000197714	3350		0
ZNF461	ENSG00000197808	2585		0
ZNF462	ENSG00000148143	10345		0
ZNF467	ENSG00000181444	2554		0
ZNF468	ENSG00000204604	4405		0
ZNF469	ENSG00000225614	13201		0
ZNF470	ENSG00000197016	7152		0
ZNF471	ENSG00000196263	6266		0
ZNF473	ENSG00000142528	4642		0
ZNF474	ENSG00000164185	1929		0
ZNF48	ENSG00000180035	2872		0
ZNF480	ENSG00000198464	4739		0
ZNF483	ENSG00000173258	3656		0
ZNF484	ENSG00000127081	2868		0
ZNF485	ENSG00000198298	2023		0
ZNF486	ENSG00000256229	3836		0
ZNF490	ENSG00000188033	4238	ENSG00000269693	3016
ZNF491	ENSG00000177599	2472		0
ZNF492	ENSG00000229676	4245		0
ZNF493	ENSG00000196268	5019	ENSG00000269237	194
ZNF496	ENSG00000162714	5237		0
ZNF497	ENSG00000174586	3465	ENSG00000268230	237
ZNF500	ENSG00000103199	5824	ENSG00000266994	44
ZNF501	ENSG00000186446	3060		0
ZNF502	ENSG00000196653	3152		0
ZNF503	ENSG00000165655	3205	ENSG00000270087	142
ZNF506	ENSG00000081665	2160	ENSG00000267581	109
ZNF507	ENSG00000168813	7622		0
ZNF510	ENSG00000081386	5155		0
ZNF511	ENSG00000198546	1081	ENSG00000283496	507
ZNF512	ENSG00000243943	3529	ENSG00000259080	1388
ZNF512B	ENSG00000196700	5865	ENSG00000203883	55
ZNF513	ENSG00000163795	2135		0
ZNF514	ENSG00000144026	3012	ENSG00000289685	1695
ZNF517	ENSG00000197363	2298		0
ZNF518B	ENSG00000178163	6888		0
ZNF519	ENSG00000175322	2831		0
ZNF521	ENSG00000198795	4872		0
ZNF524	ENSG00000171443	1103		0
ZNF525	ENSG00000203326	3878		0
ZNF526	ENSG00000167625	3982		0
ZNF527	ENSG00000189164	2829		0
ZNF528	ENSG00000167555	3976		0
ZNF529	ENSG00000186020	4332		0
ZNF530	ENSG00000183647	2962		0
ZNF532	ENSG00000074657	6130		0
ZNF534	ENSG00000198633	2048		0
ZNF536	ENSG00000198597	4946	ENSG00000280061	903
ZNF540	ENSG00000171817	2887		0
ZNF541	ENSG00000118156	4575		0
ZNF543	ENSG00000178229	3654		0
ZNF544	ENSG00000198131	2815	ENSG00000283515	440
ZNF546	ENSG00000187187	7985		0
ZNF547	ENSG00000152433	2740	ENSG00000268133	301
ZNF548	ENSG00000188785	4951	ENSG00000268133	155
ZNF549	ENSG00000121406	3938		0
ZNF550	ENSG00000251369	3375		0
ZNF551	ENSG00000204519	4559	ENSG00000269026	200
ZNF552	ENSG00000178935	2352		0
ZNF554	ENSG00000172006	2737		0
ZNF555	ENSG00000186300	8504		0
ZNF556	ENSG00000172000	6574		0
ZNF557	ENSG00000130544	2009		0
ZNF558	ENSG00000167785	7008		0
ZNF559	ENSG00000188321	2647	ENSG00000270011	175
ZNF559-ZNF177	ENSG00000270011	2435	ENSG00000188629	2055
ZNF560	ENSG00000198028	2655		0
ZNF561	ENSG00000171469	4527		0
ZNF562	ENSG00000171466	2112		0
ZNF563	ENSG00000188868	2699		0
ZNF564	ENSG00000249709	2885	ENSG00000269693	2385
ZNF565	ENSG00000196357	1799		0
ZNF566	ENSG00000186017	5174		0
ZNF567	ENSG00000189042	2775		0
ZNF568	ENSG00000198453	2442	ENSG00000291239	613
ZNF569	ENSG00000196437	3688		0
ZNF57	ENSG00000171970	1970		0
ZNF570	ENSG00000171827	5283		0
ZNF571	ENSG00000180479	2287		0
ZNF572	ENSG00000180938	3276		0
ZNF573	ENSG00000189144	2210		0
ZNF574	ENSG00000105732	2963		0
ZNF575	ENSG00000176472	1299		0
ZNF576	ENSG00000124444	1274		0
ZNF577	ENSG00000161551	3076		0
ZNF578	ENSG00000258405	2018	ENSG00000288253	119
ZNF579	ENSG00000218891	2895		0
ZNF580	ENSG00000213015	1155		0
ZNF581	ENSG00000171425	1070		0
ZNF582	ENSG00000018869	2826		0
ZNF583	ENSG00000198440	2462		0
ZNF584	ENSG00000171574	2308		0
ZNF585A	ENSG00000196967	8572	ENSG00000267360	220
ZNF585B	ENSG00000245680	6197	ENSG00000267360	35
ZNF586	ENSG00000083828	2157		0
ZNF587	ENSG00000198466	6880	ENSG00000268750	336
ZNF587B	ENSG00000269343	2119		0
ZNF589	ENSG00000164048	3364		0
ZNF592	ENSG00000166716	8132		0
ZNF593	ENSG00000142684	638		0
ZNF594	ENSG00000180626	4742		0
ZNF596	ENSG00000172748	2564		0
ZNF597	ENSG00000167981	5476		0
ZNF598	ENSG00000167962	3366		0
ZNF599	ENSG00000153896	3100		0
ZNF600	ENSG00000189190	3830		0
ZNF605	ENSG00000196458	9341		0
ZNF606	ENSG00000166704	3697		0
ZNF607	ENSG00000198182	4327	ENSG00000289748	540
ZNF608	ENSG00000168916	5706		0
ZNF609	ENSG00000180357	8745		0
ZNF610	ENSG00000167554	2151		0
ZNF611	ENSG00000213020	4407		0
ZNF613	ENSG00000176024	2066		0
ZNF614	ENSG00000142556	4628		0
ZNF615	ENSG00000197619	3971		0
ZNF616	ENSG00000204611	4335	ENSG00000267827	25
ZNF618	ENSG00000157657	9023		0
ZNF619	ENSG00000177873	4024		0
ZNF620	ENSG00000177842	3291		0
ZNF621	ENSG00000172888	1897		0
ZNF622	ENSG00000173545	1699		0
ZNF623	ENSG00000183309	3833		0
ZNF624	ENSG00000197566	4239		0
ZNF625	ENSG00000257591	1323	ENSG00000213297	362
ZNF625-ZNF20	ENSG00000213297	2651	ENSG00000132010	2213
ZNF626	ENSG00000188171	4406	ENSG00000269110	287
ZNF627	ENSG00000198551	2777		0
ZNF628	ENSG00000197483	3562		0
ZNF629	ENSG00000102870	6080		0
ZNF630	ENSG00000221994	2812		0
ZNF638	ENSG00000075292	6487		0
ZNF639	ENSG00000121864	1993		0
ZNF641	ENSG00000167528	7093		0
ZNF644	ENSG00000122482	5495		0
ZNF645	ENSG00000175809	1520		0
ZNF646	ENSG00000167395	6892		0
ZNF648	ENSG00000179930	3649		0
ZNF649	ENSG00000198093	3186		0
ZNF652	ENSG00000198740	5928		0
ZNF653	ENSG00000161914	2154	ENSG00000267477	471
ZNF654	ENSG00000175105	4962		0
ZNF655	ENSG00000197343	2471	ENSG00000272647	256
ZNF66	ENSG00000160229	1746		0
ZNF660	ENSG00000144792	5834		0
ZNF662	ENSG00000182983	2915	ENSG00000290317	115
ZNF664	ENSG00000179195	4307	ENSG00000274874	369
ZNF665	ENSG00000197497	4156		0
ZNF667	ENSG00000198046	4386		0
ZNF668	ENSG00000167394	2103		0
ZNF669	ENSG00000188295	1678		0
ZNF670	ENSG00000277462	1995	ENSG00000135747	143
ZNF671	ENSG00000083814	2431		0
ZNF672	ENSG00000171161	2990		0
ZNF674	ENSG00000251192	4039		0
ZNF675	ENSG00000197372	2301		0
ZNF676	ENSG00000196109	2945		0
ZNF677	ENSG00000197928	3497		0
ZNF678	ENSG00000181450	8543		0
ZNF679	ENSG00000197123	1567		0
ZNF680	ENSG00000173041	2988		0
ZNF681	ENSG00000196172	6497		0
ZNF682	ENSG00000197124	3244		0
ZNF683	ENSG00000176083	1611		0
ZNF684	ENSG00000117010	2019		0
ZNF687	ENSG00000143373	4510		0
ZNF688	ENSG00000229809	1106		0
ZNF689	ENSG00000156853	3547	ENSG00000289491	141
ZNF69	ENSG00000198429	2011		0
ZNF691	ENSG00000164011	1573		0
ZNF692	ENSG00000171163	1929		0
ZNF695	ENSG00000197472	3340	ENSG00000135747	355
ZNF696	ENSG00000185730	2767		0
ZNF697	ENSG00000143067	5042		0
ZNF699	ENSG00000196110	3359		0
ZNF7	ENSG00000147789	2710		0
ZNF70	ENSG00000187792	6920		0
ZNF700	ENSG00000196757	2843	ENSG00000267179	199
ZNF701	ENSG00000167562	2622		0
ZNF703	ENSG00000183779	3316		0
ZNF704	ENSG00000164684	14386		0
ZNF705A	ENSG00000196946	3333	ENSG00000284393	303
ZNF705B	ENSG00000215356	1207		0
ZNF705G	ENSG00000215372	3644		0
ZNF706	ENSG00000120963	272		0
ZNF707	ENSG00000181135	2184		0
ZNF708	ENSG00000182141	4004		0
ZNF709	ENSG00000242852	4897	ENSG00000196826	4360
ZNF71	ENSG00000197951	3431	ENSG00000269793	201
ZNF710	ENSG00000140548	4609		0
ZNF711	ENSG00000147180	4122		0
ZNF713	ENSG00000178665	4340	ENSG00000249773	1064
ZNF716	ENSG00000182111	5197		0
ZNF717	ENSG00000227124	3858		0
ZNF720	ENSG00000197302	2759		0
ZNF721	ENSG00000182903	2967	ENSG00000293360	127
ZNF724P	ENSG00000196081	2764	ENSG00000283201	1487
ZNF726	ENSG00000213967	2073	ENSG00000269421	255
ZNF727	ENSG00000214652	1680	ENSG00000285544	183
ZNF728	ENSG00000269067	2016		0
ZNF729	ENSG00000196350	3844		0
ZNF730	ENSG00000183850	2324		0
ZNF732	ENSG00000186777	2193		0
ZNF735	ENSG00000223614	1239		0
ZNF736	ENSG00000234444	1966		0
ZNF737	ENSG00000237440	2868	ENSG00000269110	44
ZNF738	ENSG00000172687	460		0
ZNF74	ENSG00000185252	3123		0
ZNF740	ENSG00000139651	8556		0
ZNF746	ENSG00000181220	3798		0
ZNF747	ENSG00000169955	1366	ENSG00000261459	1360
ZNF749	ENSG00000186230	2588		0
ZNF750	ENSG00000141579	3158		0
ZNF75A	ENSG00000162086	2335		0
ZNF75D	ENSG00000186376	5589		0
ZNF76	ENSG00000065029	2653		0
ZNF763	ENSG00000197054	2613	ENSG00000267179	1363
ZNF764	ENSG00000169951	2735		0
ZNF765	ENSG00000196417	4570		0
ZNF766	ENSG00000196214	6282		0
ZNF768	ENSG00000169957	2289	ENSG00000261459	129
ZNF77	ENSG00000175691	2002		0
ZNF770	ENSG00000198146	5439		0
ZNF771	ENSG00000179965	2062		0
ZNF772	ENSG00000197128	5292	ENSG00000268163	393
ZNF773	ENSG00000152439	2207	ENSG00000268107	229
ZNF774	ENSG00000196391	3163		0
ZNF775	ENSG00000196456	2257	ENSG00000284048	139
ZNF776	ENSG00000152443	5262	ENSG00000269026	412
ZNF777	ENSG00000196453	3172		0
ZNF778	ENSG00000170100	11032		0
ZNF780A	ENSG00000197782	3512	ENSG00000269749	347
ZNF780B	ENSG00000128000	8664	ENSG00000269749	94
ZNF781	ENSG00000290988	3140	ENSG00000196381	1978
ZNF782	ENSG00000196597	4214		0
ZNF783	ENSG00000204946	4424		0
ZNF784	ENSG00000179922	1987		0
ZNF785	ENSG00000197162	3208		0
ZNF786	ENSG00000197362	2875		0
ZNF788	ENSG00000286132	553	ENSG00000214189	359
ZNF789	ENSG00000198556	1605		0
ZNF79	ENSG00000196152	2078		0
ZNF790	ENSG00000197863	3037		0
ZNF791	ENSG00000173875	4552		0
ZNF792	ENSG00000180884	3888		0
ZNF793	ENSG00000188227	1422		0
ZNF799	ENSG00000196466	2583	ENSG00000268870	446
ZNF8	ENSG00000278129	9110	ENSG00000267216	1889
ZNF80	ENSG00000174255	2471		0
ZNF800	ENSG00000048405	4359		0
ZNF804A	ENSG00000170396	4527		0
ZNF804B	ENSG00000182348	4327		0
ZNF805	ENSG00000204524	1885		0
ZNF808	ENSG00000198482	3585		0
ZNF81	ENSG00000197779	7814		0
ZNF813	ENSG00000198346	6152	ENSG00000241434	151
ZNF814	ENSG00000204514	3147	ENSG00000269476	370
ZNF816	ENSG00000180257	2540	ENSG00000221874	303
ZNF816-ZNF321P	ENSG00000221874	1252	ENSG00000293246	941
ZNF821	ENSG00000102984	1987		0
ZNF823	ENSG00000197933	2396		0
ZNF827	ENSG00000151612	4189		0
ZNF829	ENSG00000185869	1806		0
ZNF83	ENSG00000167766	2553		0
ZNF830	ENSG00000198783	2236		0
ZNF831	ENSG00000124203	9405		0
ZNF835	ENSG00000127903	3448		0
ZNF836	ENSG00000196267	3206	ENSG00000267827	512
ZNF837	ENSG00000152475	1931		0
ZNF839	ENSG00000022976	2988		0
ZNF84	ENSG00000198040	6804		0
ZNF841	ENSG00000197608	3494		0
ZNF843	ENSG00000176723	1902		0
ZNF844	ENSG00000223547	6588	ENSG00000286098	2983
ZNF845	ENSG00000213799	3988		0
ZNF846	ENSG00000196605	2017		0
ZNF85	ENSG00000105750	2297		0
ZNF850	ENSG00000267041	7708		0
ZNF852	ENSG00000178917	1751		0
ZNF853	ENSG00000236609	3858		0
ZNF860	ENSG00000197385	3099		0
ZNF862	ENSG00000106479	6942		0
ZNF865	ENSG00000261221	3763		0
ZNF878	ENSG00000257446	1734	ENSG00000257355	329
ZNF879	ENSG00000234284	3252		0
ZNF880	ENSG00000221923	2231		0
ZNF891	ENSG00000214029	15257		0
ZNF90	ENSG00000213988	2311		0
ZNF91	ENSG00000167232	5400		0
ZNF92	ENSG00000146757	3154		0
ZNF93	ENSG00000184635	2649		0
ZNF98	ENSG00000197360	2338		0
ZNF99	ENSG00000213973	3053		0
ZNFX1	ENSG00000124201	7201		0
ZNHIT1	ENSG00000106400	728		0
ZNHIT2	ENSG00000174276	1299		0
ZNHIT3	ENSG00000273611	905		0
ZNHIT6	ENSG00000117174	2798		0
ZNRD1	ENSG00000066379	851		0
ZNRF1	ENSG00000186187	4621		0
ZNRF2	ENSG00000180233	3167	ENSG00000281593	318
ZNRF3	ENSG00000183579	2574		0
ZNRF4	ENSG00000105428	1427		0
ZP1	ENSG00000149506	1949		0
ZP2	ENSG00000103310	2294		0
ZP3	ENSG00000188372	1303		0
ZP4	ENSG00000116996	1928		0
ZPBP	ENSG00000042813	1195		0
ZPBP2	ENSG00000186075	1505		0
ZPLD1	ENSG00000170044	1315		0
ZPR1	ENSG00000109917	6539		0
ZRANB1	ENSG00000019995	5695	ENSG00000249456	425
ZRANB2	ENSG00000132485	2816		0
ZRANB3	ENSG00000121988	4029		0
ZRSR1	ENSG00000212643	1470		0
ZRSR2	ENSG00000169249	1479		0
ZSCAN1	ENSG00000152467	2055		0
ZSCAN10	ENSG00000130182	2716		0
ZSCAN12	ENSG00000158691	1841		0
ZSCAN16	ENSG00000196812	1279		0
ZSCAN18	ENSG00000121413	2518		0
ZSCAN2	ENSG00000176371	3756		0
ZSCAN20	ENSG00000121903	4316		0
ZSCAN21	ENSG00000166529	2005		0
ZSCAN22	ENSG00000182318	4630	ENSG00000277588	1
ZSCAN23	ENSG00000187987	3126		0
ZSCAN25	ENSG00000197037	4350		0
ZSCAN29	ENSG00000140265	5569		0
ZSCAN30	ENSG00000186814	4098	ENSG00000268573	71
ZSCAN31	ENSG00000235109	2681		0
ZSCAN32	ENSG00000140987	3108		0
ZSCAN4	ENSG00000180532	2246		0
ZSCAN5A	ENSG00000131848	1757	ENSG00000267606	164
ZSCAN5B	ENSG00000197213	1806		0
ZSCAN5CP	ENSG00000204532	1893		0
ZSCAN9	ENSG00000137185	1622		0
ZSWIM1	ENSG00000168612	2769		0
ZSWIM2	ENSG00000163012	2092		0
ZSWIM3	ENSG00000132801	2774		0
ZSWIM4	ENSG00000132003	4340		0
ZSWIM5	ENSG00000162415	5819		0
ZSWIM6	ENSG00000130449	5502		0
ZSWIM7	ENSG00000214941	2008		0
ZSWIM8	ENSG00000214655	5982	ENSG00000280238	168
ZUFSP	ENSG00000153975	2167		0
ZW10	ENSG00000086827	2873		0
ZWILCH	ENSG00000174442	3593		0
ZWINT	ENSG00000122952	1857		0
ZXDA	ENSG00000198205	3752		0
ZXDB	ENSG00000198455	5467		0
ZXDC	ENSG00000070476	3377		0
ZYG11A	ENSG00000203995	4445		0
ZYG11B	ENSG00000162378	8088		0
ZYX	ENSG00000159840	2228	ENSG00000278449	1
ZZEF1	ENSG00000074755	11456		0
ZZZ3	ENSG00000036549	4329		0
